# Django Error Log File
ERROR 2025-10-13 03:30:14,187 signal 1 126867711568768 Signal handler <bound method DjangoFixup.on_import_modules of <celery.fixups.django.DjangoFixup object at 0x7362af02d3d0>> raised: SyntaxError('source code string cannot contain null bytes')
Traceback (most recent call last):
  File "/usr/local/lib/python3.11/site-packages/celery/utils/dispatch/signal.py", line 280, in send
    response = receiver(signal=self, sender=sender, **named)
               ^^^^^^^^^^^^^^^^^^^^^^^^^^^^^^^^^^^^^^^^^^^^^
  File "/usr/local/lib/python3.11/site-packages/celery/fixups/django.py", line 101, in on_import_modules
    self.worker_fixup.validate_models()
  File "/usr/local/lib/python3.11/site-packages/celery/fixups/django.py", line 141, in validate_models
    run_checks()
  File "/usr/local/lib/python3.11/site-packages/django/core/checks/registry.py", line 89, in run_checks
    new_errors = check(app_configs=app_configs, databases=databases)
                 ^^^^^^^^^^^^^^^^^^^^^^^^^^^^^^^^^^^^^^^^^^^^^^^^^^^
  File "/usr/local/lib/python3.11/site-packages/django/core/checks/urls.py", line 136, in check_custom_error_handlers
    handler = resolver.resolve_error_handler(status_code)
              ^^^^^^^^^^^^^^^^^^^^^^^^^^^^^^^^^^^^^^^^^^^
  File "/usr/local/lib/python3.11/site-packages/django/urls/resolvers.py", line 732, in resolve_error_handler
    callback = getattr(self.urlconf_module, "handler%s" % view_type, None)
                       ^^^^^^^^^^^^^^^^^^^
  File "/usr/local/lib/python3.11/site-packages/django/utils/functional.py", line 47, in __get__
    res = instance.__dict__[self.name] = self.func(instance)
                                         ^^^^^^^^^^^^^^^^^^^
  File "/usr/local/lib/python3.11/site-packages/django/urls/resolvers.py", line 711, in urlconf_module
    return import_module(self.urlconf_name)
           ^^^^^^^^^^^^^^^^^^^^^^^^^^^^^^^^
  File "/usr/local/lib/python3.11/importlib/__init__.py", line 126, in import_module
    return _bootstrap._gcd_import(name[level:], package, level)
           ^^^^^^^^^^^^^^^^^^^^^^^^^^^^^^^^^^^^^^^^^^^^^^^^^^^^
  File "<frozen importlib._bootstrap>", line 1204, in _gcd_import
  File "<frozen importlib._bootstrap>", line 1176, in _find_and_load
  File "<frozen importlib._bootstrap>", line 1147, in _find_and_load_unlocked
  File "<frozen importlib._bootstrap>", line 690, in _load_unlocked
  File "<frozen importlib._bootstrap_external>", line 940, in exec_module
  File "<frozen importlib._bootstrap>", line 241, in _call_with_frames_removed
  File "/app/prisma/urls.py", line 9, in <module>
    path('api/v1/', include('main.urls')),
                    ^^^^^^^^^^^^^^^^^^^^
  File "/usr/local/lib/python3.11/site-packages/django/urls/conf.py", line 39, in include
    urlconf_module = import_module(urlconf_module)
                     ^^^^^^^^^^^^^^^^^^^^^^^^^^^^^
  File "/usr/local/lib/python3.11/importlib/__init__.py", line 126, in import_module
    return _bootstrap._gcd_import(name[level:], package, level)
           ^^^^^^^^^^^^^^^^^^^^^^^^^^^^^^^^^^^^^^^^^^^^^^^^^^^^
  File "<frozen importlib._bootstrap>", line 1204, in _gcd_import
  File "<frozen importlib._bootstrap>", line 1176, in _find_and_load
  File "<frozen importlib._bootstrap>", line 1147, in _find_and_load_unlocked
  File "<frozen importlib._bootstrap>", line 690, in _load_unlocked
  File "<frozen importlib._bootstrap_external>", line 940, in exec_module
  File "<frozen importlib._bootstrap>", line 241, in _call_with_frames_removed
  File "/app/main/urls.py", line 2, in <module>
    from main.views.authentication import CustomTokenObtainPairView, AuthenticationView
SyntaxError: source code string cannot contain null bytes
ERROR 2025-10-13 03:32:45,742 signal 1 136018134403968 Signal handler <bound method DjangoFixup.on_import_modules of <celery.fixups.django.DjangoFixup object at 0x7bb52eb71190>> raised: SyntaxError('source code string cannot contain null bytes')
Traceback (most recent call last):
  File "/usr/local/lib/python3.11/site-packages/celery/utils/dispatch/signal.py", line 280, in send
    response = receiver(signal=self, sender=sender, **named)
               ^^^^^^^^^^^^^^^^^^^^^^^^^^^^^^^^^^^^^^^^^^^^^
  File "/usr/local/lib/python3.11/site-packages/celery/fixups/django.py", line 101, in on_import_modules
    self.worker_fixup.validate_models()
  File "/usr/local/lib/python3.11/site-packages/celery/fixups/django.py", line 141, in validate_models
    run_checks()
  File "/usr/local/lib/python3.11/site-packages/django/core/checks/registry.py", line 89, in run_checks
    new_errors = check(app_configs=app_configs, databases=databases)
                 ^^^^^^^^^^^^^^^^^^^^^^^^^^^^^^^^^^^^^^^^^^^^^^^^^^^
  File "/usr/local/lib/python3.11/site-packages/django/core/checks/urls.py", line 136, in check_custom_error_handlers
    handler = resolver.resolve_error_handler(status_code)
              ^^^^^^^^^^^^^^^^^^^^^^^^^^^^^^^^^^^^^^^^^^^
  File "/usr/local/lib/python3.11/site-packages/django/urls/resolvers.py", line 732, in resolve_error_handler
    callback = getattr(self.urlconf_module, "handler%s" % view_type, None)
                       ^^^^^^^^^^^^^^^^^^^
  File "/usr/local/lib/python3.11/site-packages/django/utils/functional.py", line 47, in __get__
    res = instance.__dict__[self.name] = self.func(instance)
                                         ^^^^^^^^^^^^^^^^^^^
  File "/usr/local/lib/python3.11/site-packages/django/urls/resolvers.py", line 711, in urlconf_module
    return import_module(self.urlconf_name)
           ^^^^^^^^^^^^^^^^^^^^^^^^^^^^^^^^
  File "/usr/local/lib/python3.11/importlib/__init__.py", line 126, in import_module
    return _bootstrap._gcd_import(name[level:], package, level)
           ^^^^^^^^^^^^^^^^^^^^^^^^^^^^^^^^^^^^^^^^^^^^^^^^^^^^
  File "<frozen importlib._bootstrap>", line 1204, in _gcd_import
  File "<frozen importlib._bootstrap>", line 1176, in _find_and_load
  File "<frozen importlib._bootstrap>", line 1147, in _find_and_load_unlocked
  File "<frozen importlib._bootstrap>", line 690, in _load_unlocked
  File "<frozen importlib._bootstrap_external>", line 940, in exec_module
  File "<frozen importlib._bootstrap>", line 241, in _call_with_frames_removed
  File "/app/prisma/urls.py", line 9, in <module>
    path('api/v1/', include('main.urls')),
                    ^^^^^^^^^^^^^^^^^^^^
  File "/usr/local/lib/python3.11/site-packages/django/urls/conf.py", line 39, in include
    urlconf_module = import_module(urlconf_module)
                     ^^^^^^^^^^^^^^^^^^^^^^^^^^^^^
  File "/usr/local/lib/python3.11/importlib/__init__.py", line 126, in import_module
    return _bootstrap._gcd_import(name[level:], package, level)
           ^^^^^^^^^^^^^^^^^^^^^^^^^^^^^^^^^^^^^^^^^^^^^^^^^^^^
  File "<frozen importlib._bootstrap>", line 1204, in _gcd_import
  File "<frozen importlib._bootstrap>", line 1176, in _find_and_load
  File "<frozen importlib._bootstrap>", line 1147, in _find_and_load_unlocked
  File "<frozen importlib._bootstrap>", line 690, in _load_unlocked
  File "<frozen importlib._bootstrap_external>", line 940, in exec_module
  File "<frozen importlib._bootstrap>", line 241, in _call_with_frames_removed
  File "/app/main/urls.py", line 2, in <module>
    from main.views.authentication import CustomTokenObtainPairView, AuthenticationView
SyntaxError: source code string cannot contain null bytes
ERROR 2025-10-13 03:33:23,401 signal 1 138840612809600 Signal handler <bound method DjangoFixup.on_import_modules of <celery.fixups.django.DjangoFixup object at 0x7e4657895250>> raised: SyntaxError('source code string cannot contain null bytes')
Traceback (most recent call last):
  File "/usr/local/lib/python3.11/site-packages/celery/utils/dispatch/signal.py", line 280, in send
    response = receiver(signal=self, sender=sender, **named)
               ^^^^^^^^^^^^^^^^^^^^^^^^^^^^^^^^^^^^^^^^^^^^^
  File "/usr/local/lib/python3.11/site-packages/celery/fixups/django.py", line 101, in on_import_modules
    self.worker_fixup.validate_models()
  File "/usr/local/lib/python3.11/site-packages/celery/fixups/django.py", line 141, in validate_models
    run_checks()
  File "/usr/local/lib/python3.11/site-packages/django/core/checks/registry.py", line 89, in run_checks
    new_errors = check(app_configs=app_configs, databases=databases)
                 ^^^^^^^^^^^^^^^^^^^^^^^^^^^^^^^^^^^^^^^^^^^^^^^^^^^
  File "/usr/local/lib/python3.11/site-packages/django/core/checks/urls.py", line 136, in check_custom_error_handlers
    handler = resolver.resolve_error_handler(status_code)
              ^^^^^^^^^^^^^^^^^^^^^^^^^^^^^^^^^^^^^^^^^^^
  File "/usr/local/lib/python3.11/site-packages/django/urls/resolvers.py", line 732, in resolve_error_handler
    callback = getattr(self.urlconf_module, "handler%s" % view_type, None)
                       ^^^^^^^^^^^^^^^^^^^
  File "/usr/local/lib/python3.11/site-packages/django/utils/functional.py", line 47, in __get__
    res = instance.__dict__[self.name] = self.func(instance)
                                         ^^^^^^^^^^^^^^^^^^^
  File "/usr/local/lib/python3.11/site-packages/django/urls/resolvers.py", line 711, in urlconf_module
    return import_module(self.urlconf_name)
           ^^^^^^^^^^^^^^^^^^^^^^^^^^^^^^^^
  File "/usr/local/lib/python3.11/importlib/__init__.py", line 126, in import_module
    return _bootstrap._gcd_import(name[level:], package, level)
           ^^^^^^^^^^^^^^^^^^^^^^^^^^^^^^^^^^^^^^^^^^^^^^^^^^^^
  File "<frozen importlib._bootstrap>", line 1204, in _gcd_import
  File "<frozen importlib._bootstrap>", line 1176, in _find_and_load
  File "<frozen importlib._bootstrap>", line 1147, in _find_and_load_unlocked
  File "<frozen importlib._bootstrap>", line 690, in _load_unlocked
  File "<frozen importlib._bootstrap_external>", line 940, in exec_module
  File "<frozen importlib._bootstrap>", line 241, in _call_with_frames_removed
  File "/app/prisma/urls.py", line 9, in <module>
    path('api/v1/', include('main.urls')),
                    ^^^^^^^^^^^^^^^^^^^^
  File "/usr/local/lib/python3.11/site-packages/django/urls/conf.py", line 39, in include
    urlconf_module = import_module(urlconf_module)
                     ^^^^^^^^^^^^^^^^^^^^^^^^^^^^^
  File "/usr/local/lib/python3.11/importlib/__init__.py", line 126, in import_module
    return _bootstrap._gcd_import(name[level:], package, level)
           ^^^^^^^^^^^^^^^^^^^^^^^^^^^^^^^^^^^^^^^^^^^^^^^^^^^^
  File "<frozen importlib._bootstrap>", line 1204, in _gcd_import
  File "<frozen importlib._bootstrap>", line 1176, in _find_and_load
  File "<frozen importlib._bootstrap>", line 1147, in _find_and_load_unlocked
  File "<frozen importlib._bootstrap>", line 690, in _load_unlocked
  File "<frozen importlib._bootstrap_external>", line 940, in exec_module
  File "<frozen importlib._bootstrap>", line 241, in _call_with_frames_removed
  File "/app/main/urls.py", line 2, in <module>
    from main.views.authentication import CustomTokenObtainPairView, AuthenticationView
SyntaxError: source code string cannot contain null bytes
ERROR 2025-10-13 03:37:14,100 signal 1 139131598547840 Signal handler <bound method DjangoFixup.on_import_modules of <celery.fixups.django.DjangoFixup object at 0x7e8a17a35190>> raised: SyntaxError('source code string cannot contain null bytes')
Traceback (most recent call last):
  File "/usr/local/lib/python3.11/site-packages/celery/utils/dispatch/signal.py", line 280, in send
    response = receiver(signal=self, sender=sender, **named)
               ^^^^^^^^^^^^^^^^^^^^^^^^^^^^^^^^^^^^^^^^^^^^^
  File "/usr/local/lib/python3.11/site-packages/celery/fixups/django.py", line 101, in on_import_modules
    self.worker_fixup.validate_models()
  File "/usr/local/lib/python3.11/site-packages/celery/fixups/django.py", line 141, in validate_models
    run_checks()
  File "/usr/local/lib/python3.11/site-packages/django/core/checks/registry.py", line 89, in run_checks
    new_errors = check(app_configs=app_configs, databases=databases)
                 ^^^^^^^^^^^^^^^^^^^^^^^^^^^^^^^^^^^^^^^^^^^^^^^^^^^
  File "/usr/local/lib/python3.11/site-packages/django/core/checks/urls.py", line 136, in check_custom_error_handlers
    handler = resolver.resolve_error_handler(status_code)
              ^^^^^^^^^^^^^^^^^^^^^^^^^^^^^^^^^^^^^^^^^^^
  File "/usr/local/lib/python3.11/site-packages/django/urls/resolvers.py", line 732, in resolve_error_handler
    callback = getattr(self.urlconf_module, "handler%s" % view_type, None)
                       ^^^^^^^^^^^^^^^^^^^
  File "/usr/local/lib/python3.11/site-packages/django/utils/functional.py", line 47, in __get__
    res = instance.__dict__[self.name] = self.func(instance)
                                         ^^^^^^^^^^^^^^^^^^^
  File "/usr/local/lib/python3.11/site-packages/django/urls/resolvers.py", line 711, in urlconf_module
    return import_module(self.urlconf_name)
           ^^^^^^^^^^^^^^^^^^^^^^^^^^^^^^^^
  File "/usr/local/lib/python3.11/importlib/__init__.py", line 126, in import_module
    return _bootstrap._gcd_import(name[level:], package, level)
           ^^^^^^^^^^^^^^^^^^^^^^^^^^^^^^^^^^^^^^^^^^^^^^^^^^^^
  File "<frozen importlib._bootstrap>", line 1204, in _gcd_import
  File "<frozen importlib._bootstrap>", line 1176, in _find_and_load
  File "<frozen importlib._bootstrap>", line 1147, in _find_and_load_unlocked
  File "<frozen importlib._bootstrap>", line 690, in _load_unlocked
  File "<frozen importlib._bootstrap_external>", line 940, in exec_module
  File "<frozen importlib._bootstrap>", line 241, in _call_with_frames_removed
  File "/app/prisma/urls.py", line 9, in <module>
    path('api/v1/', include('main.urls')),
                    ^^^^^^^^^^^^^^^^^^^^
  File "/usr/local/lib/python3.11/site-packages/django/urls/conf.py", line 39, in include
    urlconf_module = import_module(urlconf_module)
                     ^^^^^^^^^^^^^^^^^^^^^^^^^^^^^
  File "/usr/local/lib/python3.11/importlib/__init__.py", line 126, in import_module
    return _bootstrap._gcd_import(name[level:], package, level)
           ^^^^^^^^^^^^^^^^^^^^^^^^^^^^^^^^^^^^^^^^^^^^^^^^^^^^
  File "<frozen importlib._bootstrap>", line 1204, in _gcd_import
  File "<frozen importlib._bootstrap>", line 1176, in _find_and_load
  File "<frozen importlib._bootstrap>", line 1147, in _find_and_load_unlocked
  File "<frozen importlib._bootstrap>", line 690, in _load_unlocked
  File "<frozen importlib._bootstrap_external>", line 940, in exec_module
  File "<frozen importlib._bootstrap>", line 241, in _call_with_frames_removed
  File "/app/main/urls.py", line 6, in <module>
    from main.views.booking import BookingView
SyntaxError: source code string cannot contain null bytes
ERROR 2025-10-13 03:40:46,744 signal 1 123521172355968 Signal handler <bound method DjangoFixup.on_import_modules of <celery.fixups.django.DjangoFixup object at 0x705781ba95d0>> raised: SyntaxError('source code string cannot contain null bytes')
Traceback (most recent call last):
  File "/usr/local/lib/python3.11/site-packages/celery/utils/dispatch/signal.py", line 280, in send
    response = receiver(signal=self, sender=sender, **named)
               ^^^^^^^^^^^^^^^^^^^^^^^^^^^^^^^^^^^^^^^^^^^^^
  File "/usr/local/lib/python3.11/site-packages/celery/fixups/django.py", line 101, in on_import_modules
    self.worker_fixup.validate_models()
  File "/usr/local/lib/python3.11/site-packages/celery/fixups/django.py", line 141, in validate_models
    run_checks()
  File "/usr/local/lib/python3.11/site-packages/django/core/checks/registry.py", line 89, in run_checks
    new_errors = check(app_configs=app_configs, databases=databases)
                 ^^^^^^^^^^^^^^^^^^^^^^^^^^^^^^^^^^^^^^^^^^^^^^^^^^^
  File "/usr/local/lib/python3.11/site-packages/django/core/checks/urls.py", line 136, in check_custom_error_handlers
    handler = resolver.resolve_error_handler(status_code)
              ^^^^^^^^^^^^^^^^^^^^^^^^^^^^^^^^^^^^^^^^^^^
  File "/usr/local/lib/python3.11/site-packages/django/urls/resolvers.py", line 732, in resolve_error_handler
    callback = getattr(self.urlconf_module, "handler%s" % view_type, None)
                       ^^^^^^^^^^^^^^^^^^^
  File "/usr/local/lib/python3.11/site-packages/django/utils/functional.py", line 47, in __get__
    res = instance.__dict__[self.name] = self.func(instance)
                                         ^^^^^^^^^^^^^^^^^^^
  File "/usr/local/lib/python3.11/site-packages/django/urls/resolvers.py", line 711, in urlconf_module
    return import_module(self.urlconf_name)
           ^^^^^^^^^^^^^^^^^^^^^^^^^^^^^^^^
  File "/usr/local/lib/python3.11/importlib/__init__.py", line 126, in import_module
    return _bootstrap._gcd_import(name[level:], package, level)
           ^^^^^^^^^^^^^^^^^^^^^^^^^^^^^^^^^^^^^^^^^^^^^^^^^^^^
  File "<frozen importlib._bootstrap>", line 1204, in _gcd_import
  File "<frozen importlib._bootstrap>", line 1176, in _find_and_load
  File "<frozen importlib._bootstrap>", line 1147, in _find_and_load_unlocked
  File "<frozen importlib._bootstrap>", line 690, in _load_unlocked
  File "<frozen importlib._bootstrap_external>", line 940, in exec_module
  File "<frozen importlib._bootstrap>", line 241, in _call_with_frames_removed
  File "/app/prisma/urls.py", line 9, in <module>
    path('api/v1/', include('main.urls')),
                    ^^^^^^^^^^^^^^^^^^^^
  File "/usr/local/lib/python3.11/site-packages/django/urls/conf.py", line 39, in include
    urlconf_module = import_module(urlconf_module)
                     ^^^^^^^^^^^^^^^^^^^^^^^^^^^^^
  File "/usr/local/lib/python3.11/importlib/__init__.py", line 126, in import_module
    return _bootstrap._gcd_import(name[level:], package, level)
           ^^^^^^^^^^^^^^^^^^^^^^^^^^^^^^^^^^^^^^^^^^^^^^^^^^^^
  File "<frozen importlib._bootstrap>", line 1204, in _gcd_import
  File "<frozen importlib._bootstrap>", line 1176, in _find_and_load
  File "<frozen importlib._bootstrap>", line 1147, in _find_and_load_unlocked
  File "<frozen importlib._bootstrap>", line 690, in _load_unlocked
  File "<frozen importlib._bootstrap_external>", line 940, in exec_module
  File "<frozen importlib._bootstrap>", line 241, in _call_with_frames_removed
  File "/app/main/urls.py", line 6, in <module>
    from main.views.booking import BookingView
SyntaxError: source code string cannot contain null bytes
ERROR 2025-10-13 03:41:35,189 signal 1 136077964098432 Signal handler <bound method DjangoFixup.on_import_modules of <celery.fixups.django.DjangoFixup object at 0x7bc31cd71450>> raised: ModuleNotFoundError("No module named 'main.views.authentication'")
Traceback (most recent call last):
  File "/usr/local/lib/python3.11/site-packages/django/core/checks/urls.py", line 136, in check_custom_error_handlers
    handler = resolver.resolve_error_handler(status_code)
              ^^^^^^^^^^^^^^^^^^^^^^^^^^^^^^^^^^^^^^^^^^^
  File "/usr/local/lib/python3.11/site-packages/django/urls/resolvers.py", line 732, in resolve_error_handler
    callback = getattr(self.urlconf_module, "handler%s" % view_type, None)
                       ^^^^^^^^^^^^^^^^^^^
  File "/usr/local/lib/python3.11/site-packages/django/utils/functional.py", line 47, in __get__
    res = instance.__dict__[self.name] = self.func(instance)
                                         ^^^^^^^^^^^^^^^^^^^
  File "/usr/local/lib/python3.11/site-packages/django/urls/resolvers.py", line 711, in urlconf_module
    return import_module(self.urlconf_name)
           ^^^^^^^^^^^^^^^^^^^^^^^^^^^^^^^^
  File "/usr/local/lib/python3.11/importlib/__init__.py", line 126, in import_module
    return _bootstrap._gcd_import(name[level:], package, level)
           ^^^^^^^^^^^^^^^^^^^^^^^^^^^^^^^^^^^^^^^^^^^^^^^^^^^^
  File "<frozen importlib._bootstrap>", line 1204, in _gcd_import
  File "<frozen importlib._bootstrap>", line 1176, in _find_and_load
  File "<frozen importlib._bootstrap>", line 1147, in _find_and_load_unlocked
  File "<frozen importlib._bootstrap>", line 690, in _load_unlocked
  File "<frozen importlib._bootstrap_external>", line 940, in exec_module
  File "<frozen importlib._bootstrap>", line 241, in _call_with_frames_removed
  File "/app/prisma/urls.py", line 9, in <module>
    path('api/v1/', include('main.urls')),
                    ^^^^^^^^^^^^^^^^^^^^
  File "/usr/local/lib/python3.11/site-packages/django/urls/conf.py", line 39, in include
    urlconf_module = import_module(urlconf_module)
                     ^^^^^^^^^^^^^^^^^^^^^^^^^^^^^
  File "/usr/local/lib/python3.11/importlib/__init__.py", line 126, in import_module
    return _bootstrap._gcd_import(name[level:], package, level)
           ^^^^^^^^^^^^^^^^^^^^^^^^^^^^^^^^^^^^^^^^^^^^^^^^^^^^
  File "<frozen importlib._bootstrap>", line 1204, in _gcd_import
  File "<frozen importlib._bootstrap>", line 1176, in _find_and_load
  File "<frozen importlib._bootstrap>", line 1147, in _find_and_load_unlocked
  File "<frozen importlib._bootstrap>", line 690, in _load_unlocked
  File "<frozen importlib._bootstrap_external>", line 940, in exec_module
  File "<frozen importlib._bootstrap>", line 241, in _call_with_frames_removed
  File "/app/main/urls.py", line 2, in <module>
    from main.views.authentication import CustomTokenObtainPairView, AuthenticationView
ModuleNotFoundError: No module named 'main.views.authentication'

During handling of the above exception, another exception occurred:

Traceback (most recent call last):
  File "/usr/local/lib/python3.11/site-packages/celery/utils/dispatch/signal.py", line 280, in send
    response = receiver(signal=self, sender=sender, **named)
               ^^^^^^^^^^^^^^^^^^^^^^^^^^^^^^^^^^^^^^^^^^^^^
  File "/usr/local/lib/python3.11/site-packages/celery/fixups/django.py", line 101, in on_import_modules
    self.worker_fixup.validate_models()
  File "/usr/local/lib/python3.11/site-packages/celery/fixups/django.py", line 141, in validate_models
    run_checks()
  File "/usr/local/lib/python3.11/site-packages/django/core/checks/registry.py", line 89, in run_checks
    new_errors = check(app_configs=app_configs, databases=databases)
                 ^^^^^^^^^^^^^^^^^^^^^^^^^^^^^^^^^^^^^^^^^^^^^^^^^^^
  File "/usr/local/lib/python3.11/site-packages/django/core/checks/urls.py", line 138, in check_custom_error_handlers
    path = getattr(resolver.urlconf_module, "handler%s" % status_code)
                   ^^^^^^^^^^^^^^^^^^^^^^^
  File "/usr/local/lib/python3.11/site-packages/django/utils/functional.py", line 47, in __get__
    res = instance.__dict__[self.name] = self.func(instance)
                                         ^^^^^^^^^^^^^^^^^^^
  File "/usr/local/lib/python3.11/site-packages/django/urls/resolvers.py", line 711, in urlconf_module
    return import_module(self.urlconf_name)
           ^^^^^^^^^^^^^^^^^^^^^^^^^^^^^^^^
  File "/usr/local/lib/python3.11/importlib/__init__.py", line 126, in import_module
    return _bootstrap._gcd_import(name[level:], package, level)
           ^^^^^^^^^^^^^^^^^^^^^^^^^^^^^^^^^^^^^^^^^^^^^^^^^^^^
  File "<frozen importlib._bootstrap>", line 1204, in _gcd_import
  File "<frozen importlib._bootstrap>", line 1176, in _find_and_load
  File "<frozen importlib._bootstrap>", line 1147, in _find_and_load_unlocked
  File "<frozen importlib._bootstrap>", line 690, in _load_unlocked
  File "<frozen importlib._bootstrap_external>", line 940, in exec_module
  File "<frozen importlib._bootstrap>", line 241, in _call_with_frames_removed
  File "/app/prisma/urls.py", line 9, in <module>
    path('api/v1/', include('main.urls')),
                    ^^^^^^^^^^^^^^^^^^^^
  File "/usr/local/lib/python3.11/site-packages/django/urls/conf.py", line 39, in include
    urlconf_module = import_module(urlconf_module)
                     ^^^^^^^^^^^^^^^^^^^^^^^^^^^^^
  File "/usr/local/lib/python3.11/importlib/__init__.py", line 126, in import_module
    return _bootstrap._gcd_import(name[level:], package, level)
           ^^^^^^^^^^^^^^^^^^^^^^^^^^^^^^^^^^^^^^^^^^^^^^^^^^^^
  File "<frozen importlib._bootstrap>", line 1204, in _gcd_import
  File "<frozen importlib._bootstrap>", line 1176, in _find_and_load
  File "<frozen importlib._bootstrap>", line 1147, in _find_and_load_unlocked
  File "<frozen importlib._bootstrap>", line 690, in _load_unlocked
  File "<frozen importlib._bootstrap_external>", line 940, in exec_module
  File "<frozen importlib._bootstrap>", line 241, in _call_with_frames_removed
  File "/app/main/urls.py", line 2, in <module>
    from main.views.authentication import CustomTokenObtainPairView, AuthenticationView
ModuleNotFoundError: No module named 'main.views.authentication'
ERROR 2025-11-05 01:57:31,295 log 1 130624198256320 Internal Server Error: /api/v1/dashboard/get_upcoming_appointments/
ERROR 2025-11-05 01:57:31,296 log 1 130623847003840 Internal Server Error: /api/v1/dashboard/get_recent_services/
ERROR 2025-11-05 11:12:40,123 log 1 129390246618816 Internal Server Error: /admin/main/vehicles/
Traceback (most recent call last):
  File "/usr/local/lib/python3.11/site-packages/django/db/backends/utils.py", line 105, in _execute
    return self.cursor.execute(sql, params)
           ^^^^^^^^^^^^^^^^^^^^^^^^^^^^^^^^
psycopg2.errors.UndefinedColumn: column main_vehicles.image does not exist
LINE 1: ...ain_vehicles"."color", "main_vehicles"."licence", "main_vehi...
                                                             ^
HINT:  Perhaps you meant to reference the column "main_vehicles.make".


The above exception was the direct cause of the following exception:

Traceback (most recent call last):
  File "/usr/local/lib/python3.11/site-packages/asgiref/sync.py", line 552, in thread_handler
    raise exc_info[1]
  File "/usr/local/lib/python3.11/site-packages/django/core/handlers/exception.py", line 42, in inner
    response = await get_response(request)
               ^^^^^^^^^^^^^^^^^^^^^^^^^^^
  File "/usr/local/lib/python3.11/site-packages/asgiref/sync.py", line 552, in thread_handler
    raise exc_info[1]
  File "/usr/local/lib/python3.11/site-packages/django/core/handlers/base.py", line 253, in _get_response_async
    response = await wrapped_callback(
               ^^^^^^^^^^^^^^^^^^^^^^^
  File "/usr/local/lib/python3.11/site-packages/asgiref/sync.py", line 502, in __call__
    ret = await asyncio.shield(exec_coro)
          ^^^^^^^^^^^^^^^^^^^^^^^^^^^^^^^
  File "/usr/local/lib/python3.11/concurrent/futures/thread.py", line 58, in run
    result = self.fn(*self.args, **self.kwargs)
             ^^^^^^^^^^^^^^^^^^^^^^^^^^^^^^^^^^
  File "/usr/local/lib/python3.11/site-packages/asgiref/sync.py", line 556, in thread_handler
    return func(*args, **kwargs)
           ^^^^^^^^^^^^^^^^^^^^^
  File "/usr/local/lib/python3.11/site-packages/django/contrib/admin/options.py", line 719, in wrapper
    return self.admin_site.admin_view(view)(*args, **kwargs)
           ^^^^^^^^^^^^^^^^^^^^^^^^^^^^^^^^^^^^^^^^^^^^^^^^^
  File "/usr/local/lib/python3.11/site-packages/django/utils/decorators.py", line 192, in _view_wrapper
    result = _process_exception(request, e)
             ^^^^^^^^^^^^^^^^^^^^^^^^^^^^^^
  File "/usr/local/lib/python3.11/site-packages/django/utils/decorators.py", line 190, in _view_wrapper
    response = view_func(request, *args, **kwargs)
               ^^^^^^^^^^^^^^^^^^^^^^^^^^^^^^^^^^^
  File "/usr/local/lib/python3.11/site-packages/django/views/decorators/cache.py", line 80, in _view_wrapper
    response = view_func(request, *args, **kwargs)
               ^^^^^^^^^^^^^^^^^^^^^^^^^^^^^^^^^^^
  File "/usr/local/lib/python3.11/site-packages/django/contrib/admin/sites.py", line 246, in inner
    return view(request, *args, **kwargs)
           ^^^^^^^^^^^^^^^^^^^^^^^^^^^^^^
  File "/usr/local/lib/python3.11/site-packages/django/utils/decorators.py", line 48, in _wrapper
    return bound_method(*args, **kwargs)
           ^^^^^^^^^^^^^^^^^^^^^^^^^^^^^
  File "/usr/local/lib/python3.11/site-packages/django/utils/decorators.py", line 192, in _view_wrapper
    result = _process_exception(request, e)
             ^^^^^^^^^^^^^^^^^^^^^^^^^^^^^^
  File "/usr/local/lib/python3.11/site-packages/django/utils/decorators.py", line 190, in _view_wrapper
    response = view_func(request, *args, **kwargs)
               ^^^^^^^^^^^^^^^^^^^^^^^^^^^^^^^^^^^
  File "/usr/local/lib/python3.11/site-packages/django/contrib/admin/options.py", line 2163, in changelist_view
    "selection_note": _("0 of %(cnt)s selected") % {"cnt": len(cl.result_list)},
                                                           ^^^^^^^^^^^^^^^^^^^
  File "/usr/local/lib/python3.11/site-packages/django/db/models/query.py", line 366, in __len__
    self._fetch_all()
  File "/usr/local/lib/python3.11/site-packages/django/db/models/query.py", line 1949, in _fetch_all
    self._result_cache = list(self._iterable_class(self))
                         ^^^^^^^^^^^^^^^^^^^^^^^^^^^^^^^^
  File "/usr/local/lib/python3.11/site-packages/django/db/models/query.py", line 91, in __iter__
    results = compiler.execute_sql(
              ^^^^^^^^^^^^^^^^^^^^^
  File "/usr/local/lib/python3.11/site-packages/django/db/models/sql/compiler.py", line 1623, in execute_sql
    cursor.execute(sql, params)
  File "/usr/local/lib/python3.11/site-packages/django/db/backends/utils.py", line 122, in execute
    return super().execute(sql, params)
           ^^^^^^^^^^^^^^^^^^^^^^^^^^^^
  File "/usr/local/lib/python3.11/site-packages/django/db/backends/utils.py", line 79, in execute
    return self._execute_with_wrappers(
           ^^^^^^^^^^^^^^^^^^^^^^^^^^^^
  File "/usr/local/lib/python3.11/site-packages/django/db/backends/utils.py", line 92, in _execute_with_wrappers
    return executor(sql, params, many, context)
           ^^^^^^^^^^^^^^^^^^^^^^^^^^^^^^^^^^^^
  File "/usr/local/lib/python3.11/site-packages/django/db/backends/utils.py", line 100, in _execute
    with self.db.wrap_database_errors:
  File "/usr/local/lib/python3.11/site-packages/django/db/utils.py", line 91, in __exit__
    raise dj_exc_value.with_traceback(traceback) from exc_value
  File "/usr/local/lib/python3.11/site-packages/django/db/backends/utils.py", line 105, in _execute
    return self.cursor.execute(sql, params)
           ^^^^^^^^^^^^^^^^^^^^^^^^^^^^^^^^
django.db.utils.ProgrammingError: column main_vehicles.image does not exist
LINE 1: ...ain_vehicles"."color", "main_vehicles"."licence", "main_vehi...
                                                             ^
HINT:  Perhaps you meant to reference the column "main_vehicles.make".

ERROR 2025-11-13 01:48:39,557 payment 218 123524282840768 No booking reference found in payment intent metadata
ERROR 2025-11-13 02:11:38,665 payment 7 140045216380608 No booking reference found in payment intent metadata
ERROR 2025-11-13 02:15:24,355 payment 7 140044991985344 No booking reference found in payment intent metadata
ERROR 2025-11-13 14:23:27,503 payment 913 124656686180032 Error creating payment sheet: Request req_CVqM5W4Lxbxutu: Received unknown parameters: googlePay, applePay
ERROR 2025-11-13 14:23:27,536 payment 913 124656686180032 Traceback: Traceback (most recent call last):
  File "/app/main/views/payment.py", line 101, in create_payment_sheet
    payment_intent = stripe.PaymentIntent.create(
                     ^^^^^^^^^^^^^^^^^^^^^^^^^^^^
  File "/usr/local/lib/python3.11/site-packages/stripe/_payment_intent.py", line 3704, in create
    cls._static_request(
  File "/usr/local/lib/python3.11/site-packages/stripe/_api_resource.py", line 172, in _static_request
    return _APIRequestor._global_instance().request(
           ^^^^^^^^^^^^^^^^^^^^^^^^^^^^^^^^^^^^^^^^^
  File "/usr/local/lib/python3.11/site-packages/stripe/_api_requestor.py", line 210, in request
    resp = requestor._interpret_response(rbody, rcode, rheaders, api_mode)
           ^^^^^^^^^^^^^^^^^^^^^^^^^^^^^^^^^^^^^^^^^^^^^^^^^^^^^^^^^^^^^^^
  File "/usr/local/lib/python3.11/site-packages/stripe/_api_requestor.py", line 868, in _interpret_response
    self.handle_error_response(
  File "/usr/local/lib/python3.11/site-packages/stripe/_api_requestor.py", line 351, in handle_error_response
    raise err
stripe._error.InvalidRequestError: Request req_CVqM5W4Lxbxutu: Received unknown parameters: googlePay, applePay

ERROR 2025-11-13 14:23:27,547 log 913 124656728143552 Internal Server Error: /api/v1/payment/create_payment_sheet/
ERROR 2025-11-13 14:23:27,549 runserver 913 124657272354496 HTTP POST /api/v1/payment/create_payment_sheet/ 500 [1.53, 172.18.0.12:51824]
ERROR 2025-11-13 14:24:21,773 payment 971 138323135821504 Error creating payment sheet: Request req_uG3FegUXzuYLTO: Received unknown parameters: applePay, googlePay
ERROR 2025-11-13 14:24:21,786 payment 971 138323135821504 Traceback: Traceback (most recent call last):
  File "/app/main/views/payment.py", line 101, in create_payment_sheet
    payment_intent = stripe.PaymentIntent.create(
                     ^^^^^^^^^^^^^^^^^^^^^^^^^^^^
  File "/usr/local/lib/python3.11/site-packages/stripe/_payment_intent.py", line 3704, in create
    cls._static_request(
  File "/usr/local/lib/python3.11/site-packages/stripe/_api_resource.py", line 172, in _static_request
    return _APIRequestor._global_instance().request(
           ^^^^^^^^^^^^^^^^^^^^^^^^^^^^^^^^^^^^^^^^^
  File "/usr/local/lib/python3.11/site-packages/stripe/_api_requestor.py", line 210, in request
    resp = requestor._interpret_response(rbody, rcode, rheaders, api_mode)
           ^^^^^^^^^^^^^^^^^^^^^^^^^^^^^^^^^^^^^^^^^^^^^^^^^^^^^^^^^^^^^^^
  File "/usr/local/lib/python3.11/site-packages/stripe/_api_requestor.py", line 868, in _interpret_response
    self.handle_error_response(
  File "/usr/local/lib/python3.11/site-packages/stripe/_api_requestor.py", line 351, in handle_error_response
    raise err
stripe._error.InvalidRequestError: Request req_uG3FegUXzuYLTO: Received unknown parameters: applePay, googlePay

ERROR 2025-11-13 14:24:21,795 log 971 138323125331648 Internal Server Error: /api/v1/payment/create_payment_sheet/
ERROR 2025-11-13 14:24:21,797 runserver 971 138323155744448 HTTP POST /api/v1/payment/create_payment_sheet/ 500 [1.22, 172.18.0.12:54190]
ERROR 2025-11-13 14:36:59,633 log 1120 129160770995904 Internal Server Error: /api/v1/payment/stripe-webhook/
Traceback (most recent call last):
  File "/app/main/views/payment.py", line 306, in post
    event = stripe.Webhook.construct_event(
            ^^^^^^^^^^^^^^^^^^^^^^^^^^^^^^^
  File "/usr/local/lib/python3.11/site-packages/stripe/_webhook.py", line 25, in construct_event
    WebhookSignature.verify_header(payload, sig_header, secret, tolerance)
  File "/usr/local/lib/python3.11/site-packages/stripe/_webhook.py", line 82, in verify_header
    raise SignatureVerificationError(
stripe._error.SignatureVerificationError: No signatures found matching the expected signature for payload

During handling of the above exception, another exception occurred:

Traceback (most recent call last):
  File "/usr/local/lib/python3.11/site-packages/stripe/__init__.py", line 872, in __getattr__
    target, is_submodule = _import_map[name]
                           ~~~~~~~~~~~^^^^^^
KeyError: 'error'

During handling of the above exception, another exception occurred:

Traceback (most recent call last):
  File "/usr/local/lib/python3.11/site-packages/asgiref/sync.py", line 552, in thread_handler
    raise exc_info[1]
  File "/usr/local/lib/python3.11/site-packages/django/core/handlers/exception.py", line 42, in inner
    response = await get_response(request)
               ^^^^^^^^^^^^^^^^^^^^^^^^^^^
  File "/usr/local/lib/python3.11/site-packages/asgiref/sync.py", line 552, in thread_handler
    raise exc_info[1]
  File "/usr/local/lib/python3.11/site-packages/django/core/handlers/base.py", line 253, in _get_response_async
    response = await wrapped_callback(
               ^^^^^^^^^^^^^^^^^^^^^^^
  File "/usr/local/lib/python3.11/site-packages/asgiref/sync.py", line 502, in __call__
    ret = await asyncio.shield(exec_coro)
          ^^^^^^^^^^^^^^^^^^^^^^^^^^^^^^^
  File "/usr/local/lib/python3.11/concurrent/futures/thread.py", line 58, in run
    result = self.fn(*self.args, **self.kwargs)
             ^^^^^^^^^^^^^^^^^^^^^^^^^^^^^^^^^^
  File "/usr/local/lib/python3.11/site-packages/asgiref/sync.py", line 556, in thread_handler
    return func(*args, **kwargs)
           ^^^^^^^^^^^^^^^^^^^^^
  File "/usr/local/lib/python3.11/site-packages/django/views/decorators/csrf.py", line 65, in _view_wrapper
    return view_func(request, *args, **kwargs)
           ^^^^^^^^^^^^^^^^^^^^^^^^^^^^^^^^^^^
  File "/usr/local/lib/python3.11/site-packages/django/views/generic/base.py", line 105, in view
    return self.dispatch(request, *args, **kwargs)
           ^^^^^^^^^^^^^^^^^^^^^^^^^^^^^^^^^^^^^^^
  File "/usr/local/lib/python3.11/site-packages/django/utils/decorators.py", line 48, in _wrapper
    return bound_method(*args, **kwargs)
           ^^^^^^^^^^^^^^^^^^^^^^^^^^^^^
  File "/usr/local/lib/python3.11/site-packages/django/views/decorators/csrf.py", line 65, in _view_wrapper
    return view_func(request, *args, **kwargs)
           ^^^^^^^^^^^^^^^^^^^^^^^^^^^^^^^^^^^
  File "/usr/local/lib/python3.11/site-packages/rest_framework/views.py", line 515, in dispatch
    response = self.handle_exception(exc)
               ^^^^^^^^^^^^^^^^^^^^^^^^^^
  File "/usr/local/lib/python3.11/site-packages/rest_framework/views.py", line 475, in handle_exception
    self.raise_uncaught_exception(exc)
  File "/usr/local/lib/python3.11/site-packages/rest_framework/views.py", line 486, in raise_uncaught_exception
    raise exc
  File "/usr/local/lib/python3.11/site-packages/rest_framework/views.py", line 512, in dispatch
    response = handler(request, *args, **kwargs)
               ^^^^^^^^^^^^^^^^^^^^^^^^^^^^^^^^^
  File "/app/main/views/payment.py", line 313, in post
    except stripe.error.SignatureVerificationError as e:
           ^^^^^^^^^^^^
  File "/usr/local/lib/python3.11/site-packages/stripe/__init__.py", line 882, in __getattr__
    raise AttributeError()
AttributeError
ERROR 2025-11-13 14:36:59,637 log 1120 129160789878464 Internal Server Error: /api/v1/payment/stripe-webhook/
Traceback (most recent call last):
  File "/app/main/views/payment.py", line 306, in post
    event = stripe.Webhook.construct_event(
            ^^^^^^^^^^^^^^^^^^^^^^^^^^^^^^^
  File "/usr/local/lib/python3.11/site-packages/stripe/_webhook.py", line 25, in construct_event
    WebhookSignature.verify_header(payload, sig_header, secret, tolerance)
  File "/usr/local/lib/python3.11/site-packages/stripe/_webhook.py", line 82, in verify_header
    raise SignatureVerificationError(
stripe._error.SignatureVerificationError: No signatures found matching the expected signature for payload

During handling of the above exception, another exception occurred:

Traceback (most recent call last):
  File "/usr/local/lib/python3.11/site-packages/stripe/__init__.py", line 872, in __getattr__
    target, is_submodule = _import_map[name]
                           ~~~~~~~~~~~^^^^^^
KeyError: 'error'

During handling of the above exception, another exception occurred:

Traceback (most recent call last):
  File "/usr/local/lib/python3.11/site-packages/asgiref/sync.py", line 552, in thread_handler
    raise exc_info[1]
  File "/usr/local/lib/python3.11/site-packages/django/core/handlers/exception.py", line 42, in inner
    response = await get_response(request)
               ^^^^^^^^^^^^^^^^^^^^^^^^^^^
  File "/usr/local/lib/python3.11/site-packages/asgiref/sync.py", line 552, in thread_handler
    raise exc_info[1]
  File "/usr/local/lib/python3.11/site-packages/django/core/handlers/base.py", line 253, in _get_response_async
    response = await wrapped_callback(
               ^^^^^^^^^^^^^^^^^^^^^^^
  File "/usr/local/lib/python3.11/site-packages/asgiref/sync.py", line 502, in __call__
    ret = await asyncio.shield(exec_coro)
          ^^^^^^^^^^^^^^^^^^^^^^^^^^^^^^^
  File "/usr/local/lib/python3.11/concurrent/futures/thread.py", line 58, in run
    result = self.fn(*self.args, **self.kwargs)
             ^^^^^^^^^^^^^^^^^^^^^^^^^^^^^^^^^^
  File "/usr/local/lib/python3.11/site-packages/asgiref/sync.py", line 556, in thread_handler
    return func(*args, **kwargs)
           ^^^^^^^^^^^^^^^^^^^^^
  File "/usr/local/lib/python3.11/site-packages/django/views/decorators/csrf.py", line 65, in _view_wrapper
    return view_func(request, *args, **kwargs)
           ^^^^^^^^^^^^^^^^^^^^^^^^^^^^^^^^^^^
  File "/usr/local/lib/python3.11/site-packages/django/views/generic/base.py", line 105, in view
    return self.dispatch(request, *args, **kwargs)
           ^^^^^^^^^^^^^^^^^^^^^^^^^^^^^^^^^^^^^^^
  File "/usr/local/lib/python3.11/site-packages/django/utils/decorators.py", line 48, in _wrapper
    return bound_method(*args, **kwargs)
           ^^^^^^^^^^^^^^^^^^^^^^^^^^^^^
  File "/usr/local/lib/python3.11/site-packages/django/views/decorators/csrf.py", line 65, in _view_wrapper
    return view_func(request, *args, **kwargs)
           ^^^^^^^^^^^^^^^^^^^^^^^^^^^^^^^^^^^
  File "/usr/local/lib/python3.11/site-packages/rest_framework/views.py", line 515, in dispatch
    response = self.handle_exception(exc)
               ^^^^^^^^^^^^^^^^^^^^^^^^^^
  File "/usr/local/lib/python3.11/site-packages/rest_framework/views.py", line 475, in handle_exception
    self.raise_uncaught_exception(exc)
  File "/usr/local/lib/python3.11/site-packages/rest_framework/views.py", line 486, in raise_uncaught_exception
    raise exc
  File "/usr/local/lib/python3.11/site-packages/rest_framework/views.py", line 512, in dispatch
    response = handler(request, *args, **kwargs)
               ^^^^^^^^^^^^^^^^^^^^^^^^^^^^^^^^^
  File "/app/main/views/payment.py", line 313, in post
    except stripe.error.SignatureVerificationError as e:
           ^^^^^^^^^^^^
  File "/usr/local/lib/python3.11/site-packages/stripe/__init__.py", line 882, in __getattr__
    raise AttributeError()
AttributeError
ERROR 2025-11-13 14:36:59,664 log 1120 129160754210496 Internal Server Error: /api/v1/payment/stripe-webhook/
Traceback (most recent call last):
  File "/app/main/views/payment.py", line 306, in post
    event = stripe.Webhook.construct_event(
            ^^^^^^^^^^^^^^^^^^^^^^^^^^^^^^^
  File "/usr/local/lib/python3.11/site-packages/stripe/_webhook.py", line 25, in construct_event
    WebhookSignature.verify_header(payload, sig_header, secret, tolerance)
  File "/usr/local/lib/python3.11/site-packages/stripe/_webhook.py", line 82, in verify_header
    raise SignatureVerificationError(
stripe._error.SignatureVerificationError: No signatures found matching the expected signature for payload

During handling of the above exception, another exception occurred:

Traceback (most recent call last):
  File "/usr/local/lib/python3.11/site-packages/stripe/__init__.py", line 872, in __getattr__
    target, is_submodule = _import_map[name]
                           ~~~~~~~~~~~^^^^^^
KeyError: 'error'

During handling of the above exception, another exception occurred:

Traceback (most recent call last):
  File "/usr/local/lib/python3.11/site-packages/asgiref/sync.py", line 552, in thread_handler
    raise exc_info[1]
  File "/usr/local/lib/python3.11/site-packages/django/core/handlers/exception.py", line 42, in inner
    response = await get_response(request)
               ^^^^^^^^^^^^^^^^^^^^^^^^^^^
  File "/usr/local/lib/python3.11/site-packages/asgiref/sync.py", line 552, in thread_handler
    raise exc_info[1]
  File "/usr/local/lib/python3.11/site-packages/django/core/handlers/base.py", line 253, in _get_response_async
    response = await wrapped_callback(
               ^^^^^^^^^^^^^^^^^^^^^^^
  File "/usr/local/lib/python3.11/site-packages/asgiref/sync.py", line 502, in __call__
    ret = await asyncio.shield(exec_coro)
          ^^^^^^^^^^^^^^^^^^^^^^^^^^^^^^^
  File "/usr/local/lib/python3.11/concurrent/futures/thread.py", line 58, in run
    result = self.fn(*self.args, **self.kwargs)
             ^^^^^^^^^^^^^^^^^^^^^^^^^^^^^^^^^^
  File "/usr/local/lib/python3.11/site-packages/asgiref/sync.py", line 556, in thread_handler
    return func(*args, **kwargs)
           ^^^^^^^^^^^^^^^^^^^^^
  File "/usr/local/lib/python3.11/site-packages/django/views/decorators/csrf.py", line 65, in _view_wrapper
    return view_func(request, *args, **kwargs)
           ^^^^^^^^^^^^^^^^^^^^^^^^^^^^^^^^^^^
  File "/usr/local/lib/python3.11/site-packages/django/views/generic/base.py", line 105, in view
    return self.dispatch(request, *args, **kwargs)
           ^^^^^^^^^^^^^^^^^^^^^^^^^^^^^^^^^^^^^^^
  File "/usr/local/lib/python3.11/site-packages/django/utils/decorators.py", line 48, in _wrapper
    return bound_method(*args, **kwargs)
           ^^^^^^^^^^^^^^^^^^^^^^^^^^^^^
  File "/usr/local/lib/python3.11/site-packages/django/views/decorators/csrf.py", line 65, in _view_wrapper
    return view_func(request, *args, **kwargs)
           ^^^^^^^^^^^^^^^^^^^^^^^^^^^^^^^^^^^
  File "/usr/local/lib/python3.11/site-packages/rest_framework/views.py", line 515, in dispatch
    response = self.handle_exception(exc)
               ^^^^^^^^^^^^^^^^^^^^^^^^^^
  File "/usr/local/lib/python3.11/site-packages/rest_framework/views.py", line 475, in handle_exception
    self.raise_uncaught_exception(exc)
  File "/usr/local/lib/python3.11/site-packages/rest_framework/views.py", line 486, in raise_uncaught_exception
    raise exc
  File "/usr/local/lib/python3.11/site-packages/rest_framework/views.py", line 512, in dispatch
    response = handler(request, *args, **kwargs)
               ^^^^^^^^^^^^^^^^^^^^^^^^^^^^^^^^^
  File "/app/main/views/payment.py", line 313, in post
    except stripe.error.SignatureVerificationError as e:
           ^^^^^^^^^^^^
  File "/usr/local/lib/python3.11/site-packages/stripe/__init__.py", line 882, in __getattr__
    raise AttributeError()
AttributeError
ERROR 2025-11-13 14:36:59,675 runserver 1120 129160886351552 HTTP POST /api/v1/payment/stripe-webhook/ 500 [0.15, 172.18.0.12:55190]
ERROR 2025-11-13 14:36:59,697 runserver 1120 129160886351552 HTTP POST /api/v1/payment/stripe-webhook/ 500 [0.13, 172.18.0.12:55200]
ERROR 2025-11-13 14:36:59,702 runserver 1120 129160886351552 HTTP POST /api/v1/payment/stripe-webhook/ 500 [0.22, 172.18.0.12:55182]
ERROR 2025-11-13 14:37:02,260 log 1120 129160770995904 Internal Server Error: /api/v1/payment/stripe-webhook/
Traceback (most recent call last):
  File "/app/main/views/payment.py", line 306, in post
    event = stripe.Webhook.construct_event(
            ^^^^^^^^^^^^^^^^^^^^^^^^^^^^^^^
  File "/usr/local/lib/python3.11/site-packages/stripe/_webhook.py", line 25, in construct_event
    WebhookSignature.verify_header(payload, sig_header, secret, tolerance)
  File "/usr/local/lib/python3.11/site-packages/stripe/_webhook.py", line 82, in verify_header
    raise SignatureVerificationError(
stripe._error.SignatureVerificationError: No signatures found matching the expected signature for payload

During handling of the above exception, another exception occurred:

Traceback (most recent call last):
  File "/usr/local/lib/python3.11/site-packages/stripe/__init__.py", line 872, in __getattr__
    target, is_submodule = _import_map[name]
                           ~~~~~~~~~~~^^^^^^
KeyError: 'error'

During handling of the above exception, another exception occurred:

Traceback (most recent call last):
  File "/usr/local/lib/python3.11/site-packages/asgiref/sync.py", line 552, in thread_handler
    raise exc_info[1]
  File "/usr/local/lib/python3.11/site-packages/django/core/handlers/exception.py", line 42, in inner
    response = await get_response(request)
               ^^^^^^^^^^^^^^^^^^^^^^^^^^^
  File "/usr/local/lib/python3.11/site-packages/asgiref/sync.py", line 552, in thread_handler
    raise exc_info[1]
  File "/usr/local/lib/python3.11/site-packages/django/core/handlers/base.py", line 253, in _get_response_async
    response = await wrapped_callback(
               ^^^^^^^^^^^^^^^^^^^^^^^
  File "/usr/local/lib/python3.11/site-packages/asgiref/sync.py", line 502, in __call__
    ret = await asyncio.shield(exec_coro)
          ^^^^^^^^^^^^^^^^^^^^^^^^^^^^^^^
  File "/usr/local/lib/python3.11/concurrent/futures/thread.py", line 58, in run
    result = self.fn(*self.args, **self.kwargs)
             ^^^^^^^^^^^^^^^^^^^^^^^^^^^^^^^^^^
  File "/usr/local/lib/python3.11/site-packages/asgiref/sync.py", line 556, in thread_handler
    return func(*args, **kwargs)
           ^^^^^^^^^^^^^^^^^^^^^
  File "/usr/local/lib/python3.11/site-packages/django/views/decorators/csrf.py", line 65, in _view_wrapper
    return view_func(request, *args, **kwargs)
           ^^^^^^^^^^^^^^^^^^^^^^^^^^^^^^^^^^^
  File "/usr/local/lib/python3.11/site-packages/django/views/generic/base.py", line 105, in view
    return self.dispatch(request, *args, **kwargs)
           ^^^^^^^^^^^^^^^^^^^^^^^^^^^^^^^^^^^^^^^
  File "/usr/local/lib/python3.11/site-packages/django/utils/decorators.py", line 48, in _wrapper
    return bound_method(*args, **kwargs)
           ^^^^^^^^^^^^^^^^^^^^^^^^^^^^^
  File "/usr/local/lib/python3.11/site-packages/django/views/decorators/csrf.py", line 65, in _view_wrapper
    return view_func(request, *args, **kwargs)
           ^^^^^^^^^^^^^^^^^^^^^^^^^^^^^^^^^^^
  File "/usr/local/lib/python3.11/site-packages/rest_framework/views.py", line 515, in dispatch
    response = self.handle_exception(exc)
               ^^^^^^^^^^^^^^^^^^^^^^^^^^
  File "/usr/local/lib/python3.11/site-packages/rest_framework/views.py", line 475, in handle_exception
    self.raise_uncaught_exception(exc)
  File "/usr/local/lib/python3.11/site-packages/rest_framework/views.py", line 486, in raise_uncaught_exception
    raise exc
  File "/usr/local/lib/python3.11/site-packages/rest_framework/views.py", line 512, in dispatch
    response = handler(request, *args, **kwargs)
               ^^^^^^^^^^^^^^^^^^^^^^^^^^^^^^^^^
  File "/app/main/views/payment.py", line 313, in post
    except stripe.error.SignatureVerificationError as e:
           ^^^^^^^^^^^^
  File "/usr/local/lib/python3.11/site-packages/stripe/__init__.py", line 882, in __getattr__
    raise AttributeError()
AttributeError
ERROR 2025-11-13 14:37:02,277 runserver 1120 129160886351552 HTTP POST /api/v1/payment/stripe-webhook/ 500 [0.08, 172.18.0.12:55202]
ERROR 2025-11-13 14:37:14,707 log 1120 129160770995904 Internal Server Error: /api/v1/payment/stripe-webhook/
Traceback (most recent call last):
  File "/app/main/views/payment.py", line 306, in post
    event = stripe.Webhook.construct_event(
            ^^^^^^^^^^^^^^^^^^^^^^^^^^^^^^^
  File "/usr/local/lib/python3.11/site-packages/stripe/_webhook.py", line 25, in construct_event
    WebhookSignature.verify_header(payload, sig_header, secret, tolerance)
  File "/usr/local/lib/python3.11/site-packages/stripe/_webhook.py", line 82, in verify_header
    raise SignatureVerificationError(
stripe._error.SignatureVerificationError: No signatures found matching the expected signature for payload

During handling of the above exception, another exception occurred:

Traceback (most recent call last):
  File "/usr/local/lib/python3.11/site-packages/stripe/__init__.py", line 872, in __getattr__
    target, is_submodule = _import_map[name]
                           ~~~~~~~~~~~^^^^^^
KeyError: 'error'

During handling of the above exception, another exception occurred:

Traceback (most recent call last):
  File "/usr/local/lib/python3.11/site-packages/asgiref/sync.py", line 552, in thread_handler
    raise exc_info[1]
  File "/usr/local/lib/python3.11/site-packages/django/core/handlers/exception.py", line 42, in inner
    response = await get_response(request)
               ^^^^^^^^^^^^^^^^^^^^^^^^^^^
  File "/usr/local/lib/python3.11/site-packages/asgiref/sync.py", line 552, in thread_handler
    raise exc_info[1]
  File "/usr/local/lib/python3.11/site-packages/django/core/handlers/base.py", line 253, in _get_response_async
    response = await wrapped_callback(
               ^^^^^^^^^^^^^^^^^^^^^^^
  File "/usr/local/lib/python3.11/site-packages/asgiref/sync.py", line 502, in __call__
    ret = await asyncio.shield(exec_coro)
          ^^^^^^^^^^^^^^^^^^^^^^^^^^^^^^^
  File "/usr/local/lib/python3.11/concurrent/futures/thread.py", line 58, in run
    result = self.fn(*self.args, **self.kwargs)
             ^^^^^^^^^^^^^^^^^^^^^^^^^^^^^^^^^^
  File "/usr/local/lib/python3.11/site-packages/asgiref/sync.py", line 556, in thread_handler
    return func(*args, **kwargs)
           ^^^^^^^^^^^^^^^^^^^^^
  File "/usr/local/lib/python3.11/site-packages/django/views/decorators/csrf.py", line 65, in _view_wrapper
    return view_func(request, *args, **kwargs)
           ^^^^^^^^^^^^^^^^^^^^^^^^^^^^^^^^^^^
  File "/usr/local/lib/python3.11/site-packages/django/views/generic/base.py", line 105, in view
    return self.dispatch(request, *args, **kwargs)
           ^^^^^^^^^^^^^^^^^^^^^^^^^^^^^^^^^^^^^^^
  File "/usr/local/lib/python3.11/site-packages/django/utils/decorators.py", line 48, in _wrapper
    return bound_method(*args, **kwargs)
           ^^^^^^^^^^^^^^^^^^^^^^^^^^^^^
  File "/usr/local/lib/python3.11/site-packages/django/views/decorators/csrf.py", line 65, in _view_wrapper
    return view_func(request, *args, **kwargs)
           ^^^^^^^^^^^^^^^^^^^^^^^^^^^^^^^^^^^
  File "/usr/local/lib/python3.11/site-packages/rest_framework/views.py", line 515, in dispatch
    response = self.handle_exception(exc)
               ^^^^^^^^^^^^^^^^^^^^^^^^^^
  File "/usr/local/lib/python3.11/site-packages/rest_framework/views.py", line 475, in handle_exception
    self.raise_uncaught_exception(exc)
  File "/usr/local/lib/python3.11/site-packages/rest_framework/views.py", line 486, in raise_uncaught_exception
    raise exc
  File "/usr/local/lib/python3.11/site-packages/rest_framework/views.py", line 512, in dispatch
    response = handler(request, *args, **kwargs)
               ^^^^^^^^^^^^^^^^^^^^^^^^^^^^^^^^^
  File "/app/main/views/payment.py", line 313, in post
    except stripe.error.SignatureVerificationError as e:
           ^^^^^^^^^^^^
  File "/usr/local/lib/python3.11/site-packages/stripe/__init__.py", line 882, in __getattr__
    raise AttributeError()
AttributeError
ERROR 2025-11-13 14:37:14,723 runserver 1120 129160886351552 HTTP POST /api/v1/payment/stripe-webhook/ 500 [0.08, 172.18.0.12:39390]
ERROR 2025-11-13 14:37:16,749 log 1120 129160770995904 Internal Server Error: /api/v1/payment/stripe-webhook/
Traceback (most recent call last):
  File "/app/main/views/payment.py", line 306, in post
    event = stripe.Webhook.construct_event(
            ^^^^^^^^^^^^^^^^^^^^^^^^^^^^^^^
  File "/usr/local/lib/python3.11/site-packages/stripe/_webhook.py", line 25, in construct_event
    WebhookSignature.verify_header(payload, sig_header, secret, tolerance)
  File "/usr/local/lib/python3.11/site-packages/stripe/_webhook.py", line 82, in verify_header
    raise SignatureVerificationError(
stripe._error.SignatureVerificationError: No signatures found matching the expected signature for payload

During handling of the above exception, another exception occurred:

Traceback (most recent call last):
  File "/usr/local/lib/python3.11/site-packages/stripe/__init__.py", line 872, in __getattr__
    target, is_submodule = _import_map[name]
                           ~~~~~~~~~~~^^^^^^
KeyError: 'error'

During handling of the above exception, another exception occurred:

Traceback (most recent call last):
  File "/usr/local/lib/python3.11/site-packages/asgiref/sync.py", line 552, in thread_handler
    raise exc_info[1]
  File "/usr/local/lib/python3.11/site-packages/django/core/handlers/exception.py", line 42, in inner
    response = await get_response(request)
               ^^^^^^^^^^^^^^^^^^^^^^^^^^^
  File "/usr/local/lib/python3.11/site-packages/asgiref/sync.py", line 552, in thread_handler
    raise exc_info[1]
  File "/usr/local/lib/python3.11/site-packages/django/core/handlers/base.py", line 253, in _get_response_async
    response = await wrapped_callback(
               ^^^^^^^^^^^^^^^^^^^^^^^
  File "/usr/local/lib/python3.11/site-packages/asgiref/sync.py", line 502, in __call__
    ret = await asyncio.shield(exec_coro)
          ^^^^^^^^^^^^^^^^^^^^^^^^^^^^^^^
  File "/usr/local/lib/python3.11/concurrent/futures/thread.py", line 58, in run
    result = self.fn(*self.args, **self.kwargs)
             ^^^^^^^^^^^^^^^^^^^^^^^^^^^^^^^^^^
  File "/usr/local/lib/python3.11/site-packages/asgiref/sync.py", line 556, in thread_handler
    return func(*args, **kwargs)
           ^^^^^^^^^^^^^^^^^^^^^
  File "/usr/local/lib/python3.11/site-packages/django/views/decorators/csrf.py", line 65, in _view_wrapper
    return view_func(request, *args, **kwargs)
           ^^^^^^^^^^^^^^^^^^^^^^^^^^^^^^^^^^^
  File "/usr/local/lib/python3.11/site-packages/django/views/generic/base.py", line 105, in view
    return self.dispatch(request, *args, **kwargs)
           ^^^^^^^^^^^^^^^^^^^^^^^^^^^^^^^^^^^^^^^
  File "/usr/local/lib/python3.11/site-packages/django/utils/decorators.py", line 48, in _wrapper
    return bound_method(*args, **kwargs)
           ^^^^^^^^^^^^^^^^^^^^^^^^^^^^^
  File "/usr/local/lib/python3.11/site-packages/django/views/decorators/csrf.py", line 65, in _view_wrapper
    return view_func(request, *args, **kwargs)
           ^^^^^^^^^^^^^^^^^^^^^^^^^^^^^^^^^^^
  File "/usr/local/lib/python3.11/site-packages/rest_framework/views.py", line 515, in dispatch
    response = self.handle_exception(exc)
               ^^^^^^^^^^^^^^^^^^^^^^^^^^
  File "/usr/local/lib/python3.11/site-packages/rest_framework/views.py", line 475, in handle_exception
    self.raise_uncaught_exception(exc)
  File "/usr/local/lib/python3.11/site-packages/rest_framework/views.py", line 486, in raise_uncaught_exception
    raise exc
  File "/usr/local/lib/python3.11/site-packages/rest_framework/views.py", line 512, in dispatch
    response = handler(request, *args, **kwargs)
               ^^^^^^^^^^^^^^^^^^^^^^^^^^^^^^^^^
  File "/app/main/views/payment.py", line 313, in post
    except stripe.error.SignatureVerificationError as e:
           ^^^^^^^^^^^^
  File "/usr/local/lib/python3.11/site-packages/stripe/__init__.py", line 882, in __getattr__
    raise AttributeError()
AttributeError
ERROR 2025-11-13 14:37:16,766 runserver 1120 129160886351552 HTTP POST /api/v1/payment/stripe-webhook/ 500 [0.08, 172.18.0.12:51992]
ERROR 2025-11-13 14:37:16,802 log 1120 129160754210496 Internal Server Error: /api/v1/payment/stripe-webhook/
Traceback (most recent call last):
  File "/app/main/views/payment.py", line 306, in post
    event = stripe.Webhook.construct_event(
            ^^^^^^^^^^^^^^^^^^^^^^^^^^^^^^^
  File "/usr/local/lib/python3.11/site-packages/stripe/_webhook.py", line 25, in construct_event
    WebhookSignature.verify_header(payload, sig_header, secret, tolerance)
  File "/usr/local/lib/python3.11/site-packages/stripe/_webhook.py", line 82, in verify_header
    raise SignatureVerificationError(
stripe._error.SignatureVerificationError: No signatures found matching the expected signature for payload

During handling of the above exception, another exception occurred:

Traceback (most recent call last):
  File "/usr/local/lib/python3.11/site-packages/stripe/__init__.py", line 872, in __getattr__
    target, is_submodule = _import_map[name]
                           ~~~~~~~~~~~^^^^^^
KeyError: 'error'

During handling of the above exception, another exception occurred:

Traceback (most recent call last):
  File "/usr/local/lib/python3.11/site-packages/asgiref/sync.py", line 552, in thread_handler
    raise exc_info[1]
  File "/usr/local/lib/python3.11/site-packages/django/core/handlers/exception.py", line 42, in inner
    response = await get_response(request)
               ^^^^^^^^^^^^^^^^^^^^^^^^^^^
  File "/usr/local/lib/python3.11/site-packages/asgiref/sync.py", line 552, in thread_handler
    raise exc_info[1]
  File "/usr/local/lib/python3.11/site-packages/django/core/handlers/base.py", line 253, in _get_response_async
    response = await wrapped_callback(
               ^^^^^^^^^^^^^^^^^^^^^^^
  File "/usr/local/lib/python3.11/site-packages/asgiref/sync.py", line 502, in __call__
    ret = await asyncio.shield(exec_coro)
          ^^^^^^^^^^^^^^^^^^^^^^^^^^^^^^^
  File "/usr/local/lib/python3.11/concurrent/futures/thread.py", line 58, in run
    result = self.fn(*self.args, **self.kwargs)
             ^^^^^^^^^^^^^^^^^^^^^^^^^^^^^^^^^^
  File "/usr/local/lib/python3.11/site-packages/asgiref/sync.py", line 556, in thread_handler
    return func(*args, **kwargs)
           ^^^^^^^^^^^^^^^^^^^^^
  File "/usr/local/lib/python3.11/site-packages/django/views/decorators/csrf.py", line 65, in _view_wrapper
    return view_func(request, *args, **kwargs)
           ^^^^^^^^^^^^^^^^^^^^^^^^^^^^^^^^^^^
  File "/usr/local/lib/python3.11/site-packages/django/views/generic/base.py", line 105, in view
    return self.dispatch(request, *args, **kwargs)
           ^^^^^^^^^^^^^^^^^^^^^^^^^^^^^^^^^^^^^^^
  File "/usr/local/lib/python3.11/site-packages/django/utils/decorators.py", line 48, in _wrapper
    return bound_method(*args, **kwargs)
           ^^^^^^^^^^^^^^^^^^^^^^^^^^^^^
  File "/usr/local/lib/python3.11/site-packages/django/views/decorators/csrf.py", line 65, in _view_wrapper
    return view_func(request, *args, **kwargs)
           ^^^^^^^^^^^^^^^^^^^^^^^^^^^^^^^^^^^
  File "/usr/local/lib/python3.11/site-packages/rest_framework/views.py", line 515, in dispatch
    response = self.handle_exception(exc)
               ^^^^^^^^^^^^^^^^^^^^^^^^^^
  File "/usr/local/lib/python3.11/site-packages/rest_framework/views.py", line 475, in handle_exception
    self.raise_uncaught_exception(exc)
  File "/usr/local/lib/python3.11/site-packages/rest_framework/views.py", line 486, in raise_uncaught_exception
    raise exc
  File "/usr/local/lib/python3.11/site-packages/rest_framework/views.py", line 512, in dispatch
    response = handler(request, *args, **kwargs)
               ^^^^^^^^^^^^^^^^^^^^^^^^^^^^^^^^^
  File "/app/main/views/payment.py", line 313, in post
    except stripe.error.SignatureVerificationError as e:
           ^^^^^^^^^^^^
  File "/usr/local/lib/python3.11/site-packages/stripe/__init__.py", line 882, in __getattr__
    raise AttributeError()
AttributeError
ERROR 2025-11-13 14:37:16,819 runserver 1120 129160886351552 HTTP POST /api/v1/payment/stripe-webhook/ 500 [0.10, 172.18.0.12:52002]
ERROR 2025-11-13 14:39:35,568 log 1210 140220204836544 Internal Server Error: /api/v1/payment/stripe-webhook/
Traceback (most recent call last):
  File "/app/main/views/payment.py", line 306, in post
    event = stripe.Webhook.construct_event(
            ^^^^^^^^^^^^^^^^^^^^^^^^^^^^^^^
  File "/usr/local/lib/python3.11/site-packages/stripe/_webhook.py", line 25, in construct_event
    WebhookSignature.verify_header(payload, sig_header, secret, tolerance)
  File "/usr/local/lib/python3.11/site-packages/stripe/_webhook.py", line 82, in verify_header
    raise SignatureVerificationError(
stripe._error.SignatureVerificationError: No signatures found matching the expected signature for payload

During handling of the above exception, another exception occurred:

Traceback (most recent call last):
  File "/usr/local/lib/python3.11/site-packages/stripe/__init__.py", line 872, in __getattr__
    target, is_submodule = _import_map[name]
                           ~~~~~~~~~~~^^^^^^
KeyError: 'error'

During handling of the above exception, another exception occurred:

Traceback (most recent call last):
  File "/usr/local/lib/python3.11/site-packages/asgiref/sync.py", line 552, in thread_handler
    raise exc_info[1]
  File "/usr/local/lib/python3.11/site-packages/django/core/handlers/exception.py", line 42, in inner
    response = await get_response(request)
               ^^^^^^^^^^^^^^^^^^^^^^^^^^^
  File "/usr/local/lib/python3.11/site-packages/asgiref/sync.py", line 552, in thread_handler
    raise exc_info[1]
  File "/usr/local/lib/python3.11/site-packages/django/core/handlers/base.py", line 253, in _get_response_async
    response = await wrapped_callback(
               ^^^^^^^^^^^^^^^^^^^^^^^
  File "/usr/local/lib/python3.11/site-packages/asgiref/sync.py", line 502, in __call__
    ret = await asyncio.shield(exec_coro)
          ^^^^^^^^^^^^^^^^^^^^^^^^^^^^^^^
  File "/usr/local/lib/python3.11/concurrent/futures/thread.py", line 58, in run
    result = self.fn(*self.args, **self.kwargs)
             ^^^^^^^^^^^^^^^^^^^^^^^^^^^^^^^^^^
  File "/usr/local/lib/python3.11/site-packages/asgiref/sync.py", line 556, in thread_handler
    return func(*args, **kwargs)
           ^^^^^^^^^^^^^^^^^^^^^
  File "/usr/local/lib/python3.11/site-packages/django/views/decorators/csrf.py", line 65, in _view_wrapper
    return view_func(request, *args, **kwargs)
           ^^^^^^^^^^^^^^^^^^^^^^^^^^^^^^^^^^^
  File "/usr/local/lib/python3.11/site-packages/django/views/generic/base.py", line 105, in view
    return self.dispatch(request, *args, **kwargs)
           ^^^^^^^^^^^^^^^^^^^^^^^^^^^^^^^^^^^^^^^
  File "/usr/local/lib/python3.11/site-packages/django/utils/decorators.py", line 48, in _wrapper
    return bound_method(*args, **kwargs)
           ^^^^^^^^^^^^^^^^^^^^^^^^^^^^^
  File "/usr/local/lib/python3.11/site-packages/django/views/decorators/csrf.py", line 65, in _view_wrapper
    return view_func(request, *args, **kwargs)
           ^^^^^^^^^^^^^^^^^^^^^^^^^^^^^^^^^^^
  File "/usr/local/lib/python3.11/site-packages/rest_framework/views.py", line 515, in dispatch
    response = self.handle_exception(exc)
               ^^^^^^^^^^^^^^^^^^^^^^^^^^
  File "/usr/local/lib/python3.11/site-packages/rest_framework/views.py", line 475, in handle_exception
    self.raise_uncaught_exception(exc)
  File "/usr/local/lib/python3.11/site-packages/rest_framework/views.py", line 486, in raise_uncaught_exception
    raise exc
  File "/usr/local/lib/python3.11/site-packages/rest_framework/views.py", line 512, in dispatch
    response = handler(request, *args, **kwargs)
               ^^^^^^^^^^^^^^^^^^^^^^^^^^^^^^^^^
  File "/app/main/views/payment.py", line 313, in post
    except stripe.error.SignatureVerificationError as e:
           ^^^^^^^^^^^^
  File "/usr/local/lib/python3.11/site-packages/stripe/__init__.py", line 882, in __getattr__
    raise AttributeError()
AttributeError
ERROR 2025-11-13 14:39:35,604 runserver 1210 140220304455360 HTTP POST /api/v1/payment/stripe-webhook/ 500 [0.11, 172.18.0.12:51536]
ERROR 2025-11-13 14:39:35,640 log 1210 140220188051136 Internal Server Error: /api/v1/payment/stripe-webhook/
Traceback (most recent call last):
  File "/app/main/views/payment.py", line 306, in post
    event = stripe.Webhook.construct_event(
            ^^^^^^^^^^^^^^^^^^^^^^^^^^^^^^^
  File "/usr/local/lib/python3.11/site-packages/stripe/_webhook.py", line 25, in construct_event
    WebhookSignature.verify_header(payload, sig_header, secret, tolerance)
  File "/usr/local/lib/python3.11/site-packages/stripe/_webhook.py", line 82, in verify_header
    raise SignatureVerificationError(
stripe._error.SignatureVerificationError: No signatures found matching the expected signature for payload

During handling of the above exception, another exception occurred:

Traceback (most recent call last):
  File "/usr/local/lib/python3.11/site-packages/stripe/__init__.py", line 872, in __getattr__
    target, is_submodule = _import_map[name]
                           ~~~~~~~~~~~^^^^^^
KeyError: 'error'

During handling of the above exception, another exception occurred:

Traceback (most recent call last):
  File "/usr/local/lib/python3.11/site-packages/asgiref/sync.py", line 552, in thread_handler
    raise exc_info[1]
  File "/usr/local/lib/python3.11/site-packages/django/core/handlers/exception.py", line 42, in inner
    response = await get_response(request)
               ^^^^^^^^^^^^^^^^^^^^^^^^^^^
  File "/usr/local/lib/python3.11/site-packages/asgiref/sync.py", line 552, in thread_handler
    raise exc_info[1]
  File "/usr/local/lib/python3.11/site-packages/django/core/handlers/base.py", line 253, in _get_response_async
    response = await wrapped_callback(
               ^^^^^^^^^^^^^^^^^^^^^^^
  File "/usr/local/lib/python3.11/site-packages/asgiref/sync.py", line 502, in __call__
    ret = await asyncio.shield(exec_coro)
          ^^^^^^^^^^^^^^^^^^^^^^^^^^^^^^^
  File "/usr/local/lib/python3.11/concurrent/futures/thread.py", line 58, in run
    result = self.fn(*self.args, **self.kwargs)
             ^^^^^^^^^^^^^^^^^^^^^^^^^^^^^^^^^^
  File "/usr/local/lib/python3.11/site-packages/asgiref/sync.py", line 556, in thread_handler
    return func(*args, **kwargs)
           ^^^^^^^^^^^^^^^^^^^^^
  File "/usr/local/lib/python3.11/site-packages/django/views/decorators/csrf.py", line 65, in _view_wrapper
    return view_func(request, *args, **kwargs)
           ^^^^^^^^^^^^^^^^^^^^^^^^^^^^^^^^^^^
  File "/usr/local/lib/python3.11/site-packages/django/views/generic/base.py", line 105, in view
    return self.dispatch(request, *args, **kwargs)
           ^^^^^^^^^^^^^^^^^^^^^^^^^^^^^^^^^^^^^^^
  File "/usr/local/lib/python3.11/site-packages/django/utils/decorators.py", line 48, in _wrapper
    return bound_method(*args, **kwargs)
           ^^^^^^^^^^^^^^^^^^^^^^^^^^^^^
  File "/usr/local/lib/python3.11/site-packages/django/views/decorators/csrf.py", line 65, in _view_wrapper
    return view_func(request, *args, **kwargs)
           ^^^^^^^^^^^^^^^^^^^^^^^^^^^^^^^^^^^
  File "/usr/local/lib/python3.11/site-packages/rest_framework/views.py", line 515, in dispatch
    response = self.handle_exception(exc)
               ^^^^^^^^^^^^^^^^^^^^^^^^^^
  File "/usr/local/lib/python3.11/site-packages/rest_framework/views.py", line 475, in handle_exception
    self.raise_uncaught_exception(exc)
  File "/usr/local/lib/python3.11/site-packages/rest_framework/views.py", line 486, in raise_uncaught_exception
    raise exc
  File "/usr/local/lib/python3.11/site-packages/rest_framework/views.py", line 512, in dispatch
    response = handler(request, *args, **kwargs)
               ^^^^^^^^^^^^^^^^^^^^^^^^^^^^^^^^^
  File "/app/main/views/payment.py", line 313, in post
    except stripe.error.SignatureVerificationError as e:
           ^^^^^^^^^^^^
  File "/usr/local/lib/python3.11/site-packages/stripe/__init__.py", line 882, in __getattr__
    raise AttributeError()
AttributeError
ERROR 2025-11-13 14:39:35,659 runserver 1210 140220304455360 HTTP POST /api/v1/payment/stripe-webhook/ 500 [0.08, 172.18.0.12:51540]
ERROR 2025-11-13 14:39:35,690 log 1210 140220204836544 Internal Server Error: /api/v1/payment/stripe-webhook/
Traceback (most recent call last):
  File "/app/main/views/payment.py", line 306, in post
    event = stripe.Webhook.construct_event(
            ^^^^^^^^^^^^^^^^^^^^^^^^^^^^^^^
  File "/usr/local/lib/python3.11/site-packages/stripe/_webhook.py", line 25, in construct_event
    WebhookSignature.verify_header(payload, sig_header, secret, tolerance)
  File "/usr/local/lib/python3.11/site-packages/stripe/_webhook.py", line 82, in verify_header
    raise SignatureVerificationError(
stripe._error.SignatureVerificationError: No signatures found matching the expected signature for payload

During handling of the above exception, another exception occurred:

Traceback (most recent call last):
  File "/usr/local/lib/python3.11/site-packages/stripe/__init__.py", line 872, in __getattr__
    target, is_submodule = _import_map[name]
                           ~~~~~~~~~~~^^^^^^
KeyError: 'error'

During handling of the above exception, another exception occurred:

Traceback (most recent call last):
  File "/usr/local/lib/python3.11/site-packages/asgiref/sync.py", line 552, in thread_handler
    raise exc_info[1]
  File "/usr/local/lib/python3.11/site-packages/django/core/handlers/exception.py", line 42, in inner
    response = await get_response(request)
               ^^^^^^^^^^^^^^^^^^^^^^^^^^^
  File "/usr/local/lib/python3.11/site-packages/asgiref/sync.py", line 552, in thread_handler
    raise exc_info[1]
  File "/usr/local/lib/python3.11/site-packages/django/core/handlers/base.py", line 253, in _get_response_async
    response = await wrapped_callback(
               ^^^^^^^^^^^^^^^^^^^^^^^
  File "/usr/local/lib/python3.11/site-packages/asgiref/sync.py", line 502, in __call__
    ret = await asyncio.shield(exec_coro)
          ^^^^^^^^^^^^^^^^^^^^^^^^^^^^^^^
  File "/usr/local/lib/python3.11/concurrent/futures/thread.py", line 58, in run
    result = self.fn(*self.args, **self.kwargs)
             ^^^^^^^^^^^^^^^^^^^^^^^^^^^^^^^^^^
  File "/usr/local/lib/python3.11/site-packages/asgiref/sync.py", line 556, in thread_handler
    return func(*args, **kwargs)
           ^^^^^^^^^^^^^^^^^^^^^
  File "/usr/local/lib/python3.11/site-packages/django/views/decorators/csrf.py", line 65, in _view_wrapper
    return view_func(request, *args, **kwargs)
           ^^^^^^^^^^^^^^^^^^^^^^^^^^^^^^^^^^^
  File "/usr/local/lib/python3.11/site-packages/django/views/generic/base.py", line 105, in view
    return self.dispatch(request, *args, **kwargs)
           ^^^^^^^^^^^^^^^^^^^^^^^^^^^^^^^^^^^^^^^
  File "/usr/local/lib/python3.11/site-packages/django/utils/decorators.py", line 48, in _wrapper
    return bound_method(*args, **kwargs)
           ^^^^^^^^^^^^^^^^^^^^^^^^^^^^^
  File "/usr/local/lib/python3.11/site-packages/django/views/decorators/csrf.py", line 65, in _view_wrapper
    return view_func(request, *args, **kwargs)
           ^^^^^^^^^^^^^^^^^^^^^^^^^^^^^^^^^^^
  File "/usr/local/lib/python3.11/site-packages/rest_framework/views.py", line 515, in dispatch
    response = self.handle_exception(exc)
               ^^^^^^^^^^^^^^^^^^^^^^^^^^
  File "/usr/local/lib/python3.11/site-packages/rest_framework/views.py", line 475, in handle_exception
    self.raise_uncaught_exception(exc)
  File "/usr/local/lib/python3.11/site-packages/rest_framework/views.py", line 486, in raise_uncaught_exception
    raise exc
  File "/usr/local/lib/python3.11/site-packages/rest_framework/views.py", line 512, in dispatch
    response = handler(request, *args, **kwargs)
               ^^^^^^^^^^^^^^^^^^^^^^^^^^^^^^^^^
  File "/app/main/views/payment.py", line 313, in post
    except stripe.error.SignatureVerificationError as e:
           ^^^^^^^^^^^^
  File "/usr/local/lib/python3.11/site-packages/stripe/__init__.py", line 882, in __getattr__
    raise AttributeError()
AttributeError
ERROR 2025-11-13 14:39:35,700 runserver 1210 140220304455360 HTTP POST /api/v1/payment/stripe-webhook/ 500 [0.06, 172.18.0.12:51544]
ERROR 2025-11-13 14:39:38,117 log 1210 140220204836544 Internal Server Error: /api/v1/payment/stripe-webhook/
Traceback (most recent call last):
  File "/app/main/views/payment.py", line 306, in post
    event = stripe.Webhook.construct_event(
            ^^^^^^^^^^^^^^^^^^^^^^^^^^^^^^^
  File "/usr/local/lib/python3.11/site-packages/stripe/_webhook.py", line 25, in construct_event
    WebhookSignature.verify_header(payload, sig_header, secret, tolerance)
  File "/usr/local/lib/python3.11/site-packages/stripe/_webhook.py", line 82, in verify_header
    raise SignatureVerificationError(
stripe._error.SignatureVerificationError: No signatures found matching the expected signature for payload

During handling of the above exception, another exception occurred:

Traceback (most recent call last):
  File "/usr/local/lib/python3.11/site-packages/stripe/__init__.py", line 872, in __getattr__
    target, is_submodule = _import_map[name]
                           ~~~~~~~~~~~^^^^^^
KeyError: 'error'

During handling of the above exception, another exception occurred:

Traceback (most recent call last):
  File "/usr/local/lib/python3.11/site-packages/asgiref/sync.py", line 552, in thread_handler
    raise exc_info[1]
  File "/usr/local/lib/python3.11/site-packages/django/core/handlers/exception.py", line 42, in inner
    response = await get_response(request)
               ^^^^^^^^^^^^^^^^^^^^^^^^^^^
  File "/usr/local/lib/python3.11/site-packages/asgiref/sync.py", line 552, in thread_handler
    raise exc_info[1]
  File "/usr/local/lib/python3.11/site-packages/django/core/handlers/base.py", line 253, in _get_response_async
    response = await wrapped_callback(
               ^^^^^^^^^^^^^^^^^^^^^^^
  File "/usr/local/lib/python3.11/site-packages/asgiref/sync.py", line 502, in __call__
    ret = await asyncio.shield(exec_coro)
          ^^^^^^^^^^^^^^^^^^^^^^^^^^^^^^^
  File "/usr/local/lib/python3.11/concurrent/futures/thread.py", line 58, in run
    result = self.fn(*self.args, **self.kwargs)
             ^^^^^^^^^^^^^^^^^^^^^^^^^^^^^^^^^^
  File "/usr/local/lib/python3.11/site-packages/asgiref/sync.py", line 556, in thread_handler
    return func(*args, **kwargs)
           ^^^^^^^^^^^^^^^^^^^^^
  File "/usr/local/lib/python3.11/site-packages/django/views/decorators/csrf.py", line 65, in _view_wrapper
    return view_func(request, *args, **kwargs)
           ^^^^^^^^^^^^^^^^^^^^^^^^^^^^^^^^^^^
  File "/usr/local/lib/python3.11/site-packages/django/views/generic/base.py", line 105, in view
    return self.dispatch(request, *args, **kwargs)
           ^^^^^^^^^^^^^^^^^^^^^^^^^^^^^^^^^^^^^^^
  File "/usr/local/lib/python3.11/site-packages/django/utils/decorators.py", line 48, in _wrapper
    return bound_method(*args, **kwargs)
           ^^^^^^^^^^^^^^^^^^^^^^^^^^^^^
  File "/usr/local/lib/python3.11/site-packages/django/views/decorators/csrf.py", line 65, in _view_wrapper
    return view_func(request, *args, **kwargs)
           ^^^^^^^^^^^^^^^^^^^^^^^^^^^^^^^^^^^
  File "/usr/local/lib/python3.11/site-packages/rest_framework/views.py", line 515, in dispatch
    response = self.handle_exception(exc)
               ^^^^^^^^^^^^^^^^^^^^^^^^^^
  File "/usr/local/lib/python3.11/site-packages/rest_framework/views.py", line 475, in handle_exception
    self.raise_uncaught_exception(exc)
  File "/usr/local/lib/python3.11/site-packages/rest_framework/views.py", line 486, in raise_uncaught_exception
    raise exc
  File "/usr/local/lib/python3.11/site-packages/rest_framework/views.py", line 512, in dispatch
    response = handler(request, *args, **kwargs)
               ^^^^^^^^^^^^^^^^^^^^^^^^^^^^^^^^^
  File "/app/main/views/payment.py", line 313, in post
    except stripe.error.SignatureVerificationError as e:
           ^^^^^^^^^^^^
  File "/usr/local/lib/python3.11/site-packages/stripe/__init__.py", line 882, in __getattr__
    raise AttributeError()
AttributeError
ERROR 2025-11-13 14:39:38,129 runserver 1210 140220304455360 HTTP POST /api/v1/payment/stripe-webhook/ 500 [0.07, 172.18.0.12:51556]
ERROR 2025-11-13 14:42:12,323 payment 1263 125537073755840 No booking reference found in payment intent metadata
ERROR 2025-11-13 19:36:23,785 log 1271 133793877845696 Internal Server Error: /api/v1/payment/stripe-webhook/
ERROR 2025-11-13 19:36:23,788 runserver 1271 133793905112768 HTTP POST /api/v1/payment/stripe-webhook/ 500 [0.06, 172.18.0.10:40764]
ERROR 2025-11-13 19:36:23,805 log 1271 133793877845696 Internal Server Error: /api/v1/payment/stripe-webhook/
ERROR 2025-11-13 19:36:23,807 runserver 1271 133793905112768 HTTP POST /api/v1/payment/stripe-webhook/ 500 [0.03, 172.18.0.10:40768]
ERROR 2025-11-13 19:36:23,921 log 1271 133793877845696 Internal Server Error: /api/v1/payment/stripe-webhook/
ERROR 2025-11-13 19:36:23,923 runserver 1271 133793905112768 HTTP POST /api/v1/payment/stripe-webhook/ 500 [0.01, 172.18.0.10:40806]
ERROR 2025-11-13 19:36:26,257 log 1271 133793877845696 Internal Server Error: /api/v1/payment/stripe-webhook/
ERROR 2025-11-13 19:36:26,259 runserver 1271 133793905112768 HTTP POST /api/v1/payment/stripe-webhook/ 500 [0.03, 172.18.0.10:40816]
ERROR 2026-01-17 22:29:03,210 log 1 136628521662144 Internal Server Error: /admin/main/subscriptiontier/
Traceback (most recent call last):
  File "/usr/local/lib/python3.11/site-packages/django/db/backends/utils.py", line 105, in _execute
    return self.cursor.execute(sql, params)
           ^^^^^^^^^^^^^^^^^^^^^^^^^^^^^^^^
  File "/usr/local/lib/python3.11/site-packages/django/db/backends/sqlite3/base.py", line 360, in execute
    return super().execute(query, params)
           ^^^^^^^^^^^^^^^^^^^^^^^^^^^^^^
sqlite3.OperationalError: no such table: main_subscriptiontier

The above exception was the direct cause of the following exception:

Traceback (most recent call last):
  File "/usr/local/lib/python3.11/site-packages/asgiref/sync.py", line 555, in thread_handler
    raise exc_info[1]
  File "/usr/local/lib/python3.11/site-packages/django/core/handlers/exception.py", line 42, in inner
    response = await get_response(request)
               ^^^^^^^^^^^^^^^^^^^^^^^^^^^
  File "/usr/local/lib/python3.11/site-packages/asgiref/sync.py", line 555, in thread_handler
    raise exc_info[1]
  File "/usr/local/lib/python3.11/site-packages/django/core/handlers/base.py", line 253, in _get_response_async
    response = await wrapped_callback(
               ^^^^^^^^^^^^^^^^^^^^^^^
  File "/usr/local/lib/python3.11/site-packages/asgiref/sync.py", line 504, in __call__
    ret = await asyncio.shield(exec_coro)
          ^^^^^^^^^^^^^^^^^^^^^^^^^^^^^^^
  File "/usr/local/lib/python3.11/concurrent/futures/thread.py", line 58, in run
    result = self.fn(*self.args, **self.kwargs)
             ^^^^^^^^^^^^^^^^^^^^^^^^^^^^^^^^^^
  File "/usr/local/lib/python3.11/site-packages/asgiref/sync.py", line 559, in thread_handler
    return func(*args, **kwargs)
           ^^^^^^^^^^^^^^^^^^^^^
  File "/usr/local/lib/python3.11/site-packages/django/contrib/admin/options.py", line 719, in wrapper
    return self.admin_site.admin_view(view)(*args, **kwargs)
           ^^^^^^^^^^^^^^^^^^^^^^^^^^^^^^^^^^^^^^^^^^^^^^^^^
  File "/usr/local/lib/python3.11/site-packages/django/utils/decorators.py", line 192, in _view_wrapper
    result = _process_exception(request, e)
             ^^^^^^^^^^^^^^^^^^^^^^^^^^^^^^
  File "/usr/local/lib/python3.11/site-packages/django/utils/decorators.py", line 190, in _view_wrapper
    response = view_func(request, *args, **kwargs)
               ^^^^^^^^^^^^^^^^^^^^^^^^^^^^^^^^^^^
  File "/usr/local/lib/python3.11/site-packages/django/views/decorators/cache.py", line 80, in _view_wrapper
    response = view_func(request, *args, **kwargs)
               ^^^^^^^^^^^^^^^^^^^^^^^^^^^^^^^^^^^
  File "/usr/local/lib/python3.11/site-packages/django/contrib/admin/sites.py", line 246, in inner
    return view(request, *args, **kwargs)
           ^^^^^^^^^^^^^^^^^^^^^^^^^^^^^^
  File "/usr/local/lib/python3.11/site-packages/django/utils/decorators.py", line 48, in _wrapper
    return bound_method(*args, **kwargs)
           ^^^^^^^^^^^^^^^^^^^^^^^^^^^^^
  File "/usr/local/lib/python3.11/site-packages/django/utils/decorators.py", line 192, in _view_wrapper
    result = _process_exception(request, e)
             ^^^^^^^^^^^^^^^^^^^^^^^^^^^^^^
  File "/usr/local/lib/python3.11/site-packages/django/utils/decorators.py", line 190, in _view_wrapper
    response = view_func(request, *args, **kwargs)
               ^^^^^^^^^^^^^^^^^^^^^^^^^^^^^^^^^^^
  File "/usr/local/lib/python3.11/site-packages/django/contrib/admin/options.py", line 2024, in changelist_view
    cl = self.get_changelist_instance(request)
         ^^^^^^^^^^^^^^^^^^^^^^^^^^^^^^^^^^^^^
  File "/usr/local/lib/python3.11/site-packages/django/contrib/admin/options.py", line 867, in get_changelist_instance
    return ChangeList(
           ^^^^^^^^^^^
  File "/usr/local/lib/python3.11/site-packages/django/contrib/admin/views/main.py", line 146, in __init__
    self.get_results(request)
  File "/usr/local/lib/python3.11/site-packages/django/contrib/admin/views/main.py", line 313, in get_results
    result_count = paginator.count
                   ^^^^^^^^^^^^^^^
  File "/usr/local/lib/python3.11/site-packages/django/utils/functional.py", line 47, in __get__
    res = instance.__dict__[self.name] = self.func(instance)
                                         ^^^^^^^^^^^^^^^^^^^
  File "/usr/local/lib/python3.11/site-packages/django/core/paginator.py", line 110, in count
    return c()
           ^^^
  File "/usr/local/lib/python3.11/site-packages/django/db/models/query.py", line 606, in count
    return self.query.get_count(using=self.db)
           ^^^^^^^^^^^^^^^^^^^^^^^^^^^^^^^^^^^
  File "/usr/local/lib/python3.11/site-packages/django/db/models/sql/query.py", line 644, in get_count
    return obj.get_aggregation(using, {"__count": Count("*")})["__count"]
           ^^^^^^^^^^^^^^^^^^^^^^^^^^^^^^^^^^^^^^^^^^^^^^^^^^^
  File "/usr/local/lib/python3.11/site-packages/django/db/models/sql/query.py", line 626, in get_aggregation
    result = compiler.execute_sql(SINGLE)
             ^^^^^^^^^^^^^^^^^^^^^^^^^^^^
  File "/usr/local/lib/python3.11/site-packages/django/db/models/sql/compiler.py", line 1623, in execute_sql
    cursor.execute(sql, params)
  File "/usr/local/lib/python3.11/site-packages/django/db/backends/utils.py", line 122, in execute
    return super().execute(sql, params)
           ^^^^^^^^^^^^^^^^^^^^^^^^^^^^
  File "/usr/local/lib/python3.11/site-packages/django/db/backends/utils.py", line 79, in execute
    return self._execute_with_wrappers(
           ^^^^^^^^^^^^^^^^^^^^^^^^^^^^
  File "/usr/local/lib/python3.11/site-packages/django/db/backends/utils.py", line 92, in _execute_with_wrappers
    return executor(sql, params, many, context)
           ^^^^^^^^^^^^^^^^^^^^^^^^^^^^^^^^^^^^
  File "/usr/local/lib/python3.11/site-packages/django/db/backends/utils.py", line 100, in _execute
    with self.db.wrap_database_errors:
  File "/usr/local/lib/python3.11/site-packages/django/db/utils.py", line 91, in __exit__
    raise dj_exc_value.with_traceback(traceback) from exc_value
  File "/usr/local/lib/python3.11/site-packages/django/db/backends/utils.py", line 105, in _execute
    return self.cursor.execute(sql, params)
           ^^^^^^^^^^^^^^^^^^^^^^^^^^^^^^^^
  File "/usr/local/lib/python3.11/site-packages/django/db/backends/sqlite3/base.py", line 360, in execute
    return super().execute(query, params)
           ^^^^^^^^^^^^^^^^^^^^^^^^^^^^^^
django.db.utils.OperationalError: no such table: main_subscriptiontier
ERROR 2026-01-18 00:32:49,856 fleet 198 128013018592960 Error in get_branches: Cannot resolve keyword 'role' into field. Choices are: address, branch_vehicles, city, country, created_at, fleet, fleet_id, fleet_members, id, name, postcode, updated_at, vehicle_count
Traceback (most recent call last):
  File "/app/main/views/fleet.py", line 123, in get_branches
    branches = Branch.objects.filter(fleet=fleet).annotate(
               ^^^^^^^^^^^^^^^^^^^^^^^^^^^^^^^^^^^^^^^^^^^^
  File "/usr/local/lib/python3.11/site-packages/django/db/models/query.py", line 1654, in annotate
    return self._annotate(args, kwargs, select=True)
           ^^^^^^^^^^^^^^^^^^^^^^^^^^^^^^^^^^^^^^^^^
  File "/usr/local/lib/python3.11/site-packages/django/db/models/query.py", line 1706, in _annotate
    clone.query.add_annotation(
  File "/usr/local/lib/python3.11/site-packages/django/db/models/sql/query.py", line 1218, in add_annotation
    annotation = annotation.resolve_expression(self, allow_joins=True, reuse=None)
                 ^^^^^^^^^^^^^^^^^^^^^^^^^^^^^^^^^^^^^^^^^^^^^^^^^^^^^^^^^^^^^^^^^
  File "/usr/local/lib/python3.11/site-packages/django/db/models/aggregates.py", line 176, in resolve_expression
    result = super().resolve_expression(*args, **kwargs)
             ^^^^^^^^^^^^^^^^^^^^^^^^^^^^^^^^^^^^^^^^^^^
  File "/usr/local/lib/python3.11/site-packages/django/db/models/aggregates.py", line 63, in resolve_expression
    c = super().resolve_expression(query, allow_joins, reuse, summarize)
        ^^^^^^^^^^^^^^^^^^^^^^^^^^^^^^^^^^^^^^^^^^^^^^^^^^^^^^^^^^^^^^^^
  File "/usr/local/lib/python3.11/site-packages/django/db/models/expressions.py", line 298, in resolve_expression
    source_expressions = [
                         ^
  File "/usr/local/lib/python3.11/site-packages/django/db/models/expressions.py", line 300, in <listcomp>
    expr.resolve_expression(query, allow_joins, reuse, summarize, for_save)
  File "/usr/local/lib/python3.11/site-packages/django/db/models/query_utils.py", line 95, in resolve_expression
    clause, joins = query._add_q(
                    ^^^^^^^^^^^^^
  File "/usr/local/lib/python3.11/site-packages/django/db/models/sql/query.py", line 1678, in _add_q
    child_clause, needed_inner = self.build_filter(
                                 ^^^^^^^^^^^^^^^^^^
  File "/usr/local/lib/python3.11/site-packages/django/db/models/sql/query.py", line 1526, in build_filter
    lookups, parts, reffed_expression = self.solve_lookup_type(arg, summarize)
                                        ^^^^^^^^^^^^^^^^^^^^^^^^^^^^^^^^^^^^^^
  File "/usr/local/lib/python3.11/site-packages/django/db/models/sql/query.py", line 1333, in solve_lookup_type
    _, field, _, lookup_parts = self.names_to_path(lookup_splitted, self.get_meta())
                                ^^^^^^^^^^^^^^^^^^^^^^^^^^^^^^^^^^^^^^^^^^^^^^^^^^^^
  File "/usr/local/lib/python3.11/site-packages/django/db/models/sql/query.py", line 1806, in names_to_path
    raise FieldError(
django.core.exceptions.FieldError: Cannot resolve keyword 'role' into field. Choices are: address, branch_vehicles, city, country, created_at, fleet, fleet_id, fleet_members, id, name, postcode, updated_at, vehicle_count

ERROR 2026-01-18 00:34:03,532 fleet 218 138004022687424 Error in get_branches: Cannot resolve keyword 'role' into field. Choices are: address, branch_vehicles, city, country, created_at, fleet, fleet_id, fleet_members, id, name, postcode, updated_at, vehicle_count
Traceback (most recent call last):
  File "/app/main/views/fleet.py", line 127, in get_branches
    branches = Branch.objects.filter(fleet=fleet).annotate(
               ^^^^^^^^^^^^^^^^^^^^^^^^^^^^^^^^^^^^^^^^^^^^
  File "/usr/local/lib/python3.11/site-packages/django/db/models/query.py", line 1654, in annotate
    return self._annotate(args, kwargs, select=True)
           ^^^^^^^^^^^^^^^^^^^^^^^^^^^^^^^^^^^^^^^^^
  File "/usr/local/lib/python3.11/site-packages/django/db/models/query.py", line 1706, in _annotate
    clone.query.add_annotation(
  File "/usr/local/lib/python3.11/site-packages/django/db/models/sql/query.py", line 1218, in add_annotation
    annotation = annotation.resolve_expression(self, allow_joins=True, reuse=None)
                 ^^^^^^^^^^^^^^^^^^^^^^^^^^^^^^^^^^^^^^^^^^^^^^^^^^^^^^^^^^^^^^^^^
  File "/usr/local/lib/python3.11/site-packages/django/db/models/aggregates.py", line 176, in resolve_expression
    result = super().resolve_expression(*args, **kwargs)
             ^^^^^^^^^^^^^^^^^^^^^^^^^^^^^^^^^^^^^^^^^^^
  File "/usr/local/lib/python3.11/site-packages/django/db/models/aggregates.py", line 63, in resolve_expression
    c = super().resolve_expression(query, allow_joins, reuse, summarize)
        ^^^^^^^^^^^^^^^^^^^^^^^^^^^^^^^^^^^^^^^^^^^^^^^^^^^^^^^^^^^^^^^^
  File "/usr/local/lib/python3.11/site-packages/django/db/models/expressions.py", line 298, in resolve_expression
    source_expressions = [
                         ^
  File "/usr/local/lib/python3.11/site-packages/django/db/models/expressions.py", line 300, in <listcomp>
    expr.resolve_expression(query, allow_joins, reuse, summarize, for_save)
  File "/usr/local/lib/python3.11/site-packages/django/db/models/query_utils.py", line 95, in resolve_expression
    clause, joins = query._add_q(
                    ^^^^^^^^^^^^^
  File "/usr/local/lib/python3.11/site-packages/django/db/models/sql/query.py", line 1678, in _add_q
    child_clause, needed_inner = self.build_filter(
                                 ^^^^^^^^^^^^^^^^^^
  File "/usr/local/lib/python3.11/site-packages/django/db/models/sql/query.py", line 1526, in build_filter
    lookups, parts, reffed_expression = self.solve_lookup_type(arg, summarize)
                                        ^^^^^^^^^^^^^^^^^^^^^^^^^^^^^^^^^^^^^^
  File "/usr/local/lib/python3.11/site-packages/django/db/models/sql/query.py", line 1333, in solve_lookup_type
    _, field, _, lookup_parts = self.names_to_path(lookup_splitted, self.get_meta())
                                ^^^^^^^^^^^^^^^^^^^^^^^^^^^^^^^^^^^^^^^^^^^^^^^^^^^^
  File "/usr/local/lib/python3.11/site-packages/django/db/models/sql/query.py", line 1806, in names_to_path
    raise FieldError(
django.core.exceptions.FieldError: Cannot resolve keyword 'role' into field. Choices are: address, branch_vehicles, city, country, created_at, fleet, fleet_id, fleet_members, id, name, postcode, updated_at, vehicle_count

ERROR 2026-01-18 00:34:14,899 fleet 218 138004022687424 Error in get_branches: Cannot resolve keyword 'role' into field. Choices are: address, branch_vehicles, city, country, created_at, fleet, fleet_id, fleet_members, id, name, postcode, updated_at, vehicle_count
Traceback (most recent call last):
  File "/app/main/views/fleet.py", line 127, in get_branches
    branches = Branch.objects.filter(fleet=fleet).annotate(
               ^^^^^^^^^^^^^^^^^^^^^^^^^^^^^^^^^^^^^^^^^^^^
  File "/usr/local/lib/python3.11/site-packages/django/db/models/query.py", line 1654, in annotate
    return self._annotate(args, kwargs, select=True)
           ^^^^^^^^^^^^^^^^^^^^^^^^^^^^^^^^^^^^^^^^^
  File "/usr/local/lib/python3.11/site-packages/django/db/models/query.py", line 1706, in _annotate
    clone.query.add_annotation(
  File "/usr/local/lib/python3.11/site-packages/django/db/models/sql/query.py", line 1218, in add_annotation
    annotation = annotation.resolve_expression(self, allow_joins=True, reuse=None)
                 ^^^^^^^^^^^^^^^^^^^^^^^^^^^^^^^^^^^^^^^^^^^^^^^^^^^^^^^^^^^^^^^^^
  File "/usr/local/lib/python3.11/site-packages/django/db/models/aggregates.py", line 176, in resolve_expression
    result = super().resolve_expression(*args, **kwargs)
             ^^^^^^^^^^^^^^^^^^^^^^^^^^^^^^^^^^^^^^^^^^^
  File "/usr/local/lib/python3.11/site-packages/django/db/models/aggregates.py", line 63, in resolve_expression
    c = super().resolve_expression(query, allow_joins, reuse, summarize)
        ^^^^^^^^^^^^^^^^^^^^^^^^^^^^^^^^^^^^^^^^^^^^^^^^^^^^^^^^^^^^^^^^
  File "/usr/local/lib/python3.11/site-packages/django/db/models/expressions.py", line 298, in resolve_expression
    source_expressions = [
                         ^
  File "/usr/local/lib/python3.11/site-packages/django/db/models/expressions.py", line 300, in <listcomp>
    expr.resolve_expression(query, allow_joins, reuse, summarize, for_save)
  File "/usr/local/lib/python3.11/site-packages/django/db/models/query_utils.py", line 95, in resolve_expression
    clause, joins = query._add_q(
                    ^^^^^^^^^^^^^
  File "/usr/local/lib/python3.11/site-packages/django/db/models/sql/query.py", line 1678, in _add_q
    child_clause, needed_inner = self.build_filter(
                                 ^^^^^^^^^^^^^^^^^^
  File "/usr/local/lib/python3.11/site-packages/django/db/models/sql/query.py", line 1526, in build_filter
    lookups, parts, reffed_expression = self.solve_lookup_type(arg, summarize)
                                        ^^^^^^^^^^^^^^^^^^^^^^^^^^^^^^^^^^^^^^
  File "/usr/local/lib/python3.11/site-packages/django/db/models/sql/query.py", line 1333, in solve_lookup_type
    _, field, _, lookup_parts = self.names_to_path(lookup_splitted, self.get_meta())
                                ^^^^^^^^^^^^^^^^^^^^^^^^^^^^^^^^^^^^^^^^^^^^^^^^^^^^
  File "/usr/local/lib/python3.11/site-packages/django/db/models/sql/query.py", line 1806, in names_to_path
    raise FieldError(
django.core.exceptions.FieldError: Cannot resolve keyword 'role' into field. Choices are: address, branch_vehicles, city, country, created_at, fleet, fleet_id, fleet_members, id, name, postcode, updated_at, vehicle_count

ERROR 2026-01-18 00:34:46,719 fleet 218 138004022687424 Error in get_branches: Cannot resolve keyword 'role' into field. Choices are: address, branch_vehicles, city, country, created_at, fleet, fleet_id, fleet_members, id, name, postcode, updated_at, vehicle_count
Traceback (most recent call last):
  File "/app/main/views/fleet.py", line 127, in get_branches
    branches = Branch.objects.filter(fleet=fleet).annotate(
               ^^^^^^^^^^^^^^^^^^^^^^^^^^^^^^^^^^^^^^^^^^^^
  File "/usr/local/lib/python3.11/site-packages/django/db/models/query.py", line 1654, in annotate
    return self._annotate(args, kwargs, select=True)
           ^^^^^^^^^^^^^^^^^^^^^^^^^^^^^^^^^^^^^^^^^
  File "/usr/local/lib/python3.11/site-packages/django/db/models/query.py", line 1706, in _annotate
    clone.query.add_annotation(
  File "/usr/local/lib/python3.11/site-packages/django/db/models/sql/query.py", line 1218, in add_annotation
    annotation = annotation.resolve_expression(self, allow_joins=True, reuse=None)
                 ^^^^^^^^^^^^^^^^^^^^^^^^^^^^^^^^^^^^^^^^^^^^^^^^^^^^^^^^^^^^^^^^^
  File "/usr/local/lib/python3.11/site-packages/django/db/models/aggregates.py", line 176, in resolve_expression
    result = super().resolve_expression(*args, **kwargs)
             ^^^^^^^^^^^^^^^^^^^^^^^^^^^^^^^^^^^^^^^^^^^
  File "/usr/local/lib/python3.11/site-packages/django/db/models/aggregates.py", line 63, in resolve_expression
    c = super().resolve_expression(query, allow_joins, reuse, summarize)
        ^^^^^^^^^^^^^^^^^^^^^^^^^^^^^^^^^^^^^^^^^^^^^^^^^^^^^^^^^^^^^^^^
  File "/usr/local/lib/python3.11/site-packages/django/db/models/expressions.py", line 298, in resolve_expression
    source_expressions = [
                         ^
  File "/usr/local/lib/python3.11/site-packages/django/db/models/expressions.py", line 300, in <listcomp>
    expr.resolve_expression(query, allow_joins, reuse, summarize, for_save)
  File "/usr/local/lib/python3.11/site-packages/django/db/models/query_utils.py", line 95, in resolve_expression
    clause, joins = query._add_q(
                    ^^^^^^^^^^^^^
  File "/usr/local/lib/python3.11/site-packages/django/db/models/sql/query.py", line 1678, in _add_q
    child_clause, needed_inner = self.build_filter(
                                 ^^^^^^^^^^^^^^^^^^
  File "/usr/local/lib/python3.11/site-packages/django/db/models/sql/query.py", line 1526, in build_filter
    lookups, parts, reffed_expression = self.solve_lookup_type(arg, summarize)
                                        ^^^^^^^^^^^^^^^^^^^^^^^^^^^^^^^^^^^^^^
  File "/usr/local/lib/python3.11/site-packages/django/db/models/sql/query.py", line 1333, in solve_lookup_type
    _, field, _, lookup_parts = self.names_to_path(lookup_splitted, self.get_meta())
                                ^^^^^^^^^^^^^^^^^^^^^^^^^^^^^^^^^^^^^^^^^^^^^^^^^^^^
  File "/usr/local/lib/python3.11/site-packages/django/db/models/sql/query.py", line 1806, in names_to_path
    raise FieldError(
django.core.exceptions.FieldError: Cannot resolve keyword 'role' into field. Choices are: address, branch_vehicles, city, country, created_at, fleet, fleet_id, fleet_members, id, name, postcode, updated_at, vehicle_count

ERROR 2026-01-18 00:34:49,681 fleet 218 138004022687424 Error in get_branches: Cannot resolve keyword 'role' into field. Choices are: address, branch_vehicles, city, country, created_at, fleet, fleet_id, fleet_members, id, name, postcode, updated_at, vehicle_count
Traceback (most recent call last):
  File "/app/main/views/fleet.py", line 127, in get_branches
    branches = Branch.objects.filter(fleet=fleet).annotate(
               ^^^^^^^^^^^^^^^^^^^^^^^^^^^^^^^^^^^^^^^^^^^^
  File "/usr/local/lib/python3.11/site-packages/django/db/models/query.py", line 1654, in annotate
    return self._annotate(args, kwargs, select=True)
           ^^^^^^^^^^^^^^^^^^^^^^^^^^^^^^^^^^^^^^^^^
  File "/usr/local/lib/python3.11/site-packages/django/db/models/query.py", line 1706, in _annotate
    clone.query.add_annotation(
  File "/usr/local/lib/python3.11/site-packages/django/db/models/sql/query.py", line 1218, in add_annotation
    annotation = annotation.resolve_expression(self, allow_joins=True, reuse=None)
                 ^^^^^^^^^^^^^^^^^^^^^^^^^^^^^^^^^^^^^^^^^^^^^^^^^^^^^^^^^^^^^^^^^
  File "/usr/local/lib/python3.11/site-packages/django/db/models/aggregates.py", line 176, in resolve_expression
    result = super().resolve_expression(*args, **kwargs)
             ^^^^^^^^^^^^^^^^^^^^^^^^^^^^^^^^^^^^^^^^^^^
  File "/usr/local/lib/python3.11/site-packages/django/db/models/aggregates.py", line 63, in resolve_expression
    c = super().resolve_expression(query, allow_joins, reuse, summarize)
        ^^^^^^^^^^^^^^^^^^^^^^^^^^^^^^^^^^^^^^^^^^^^^^^^^^^^^^^^^^^^^^^^
  File "/usr/local/lib/python3.11/site-packages/django/db/models/expressions.py", line 298, in resolve_expression
    source_expressions = [
                         ^
  File "/usr/local/lib/python3.11/site-packages/django/db/models/expressions.py", line 300, in <listcomp>
    expr.resolve_expression(query, allow_joins, reuse, summarize, for_save)
  File "/usr/local/lib/python3.11/site-packages/django/db/models/query_utils.py", line 95, in resolve_expression
    clause, joins = query._add_q(
                    ^^^^^^^^^^^^^
  File "/usr/local/lib/python3.11/site-packages/django/db/models/sql/query.py", line 1678, in _add_q
    child_clause, needed_inner = self.build_filter(
                                 ^^^^^^^^^^^^^^^^^^
  File "/usr/local/lib/python3.11/site-packages/django/db/models/sql/query.py", line 1526, in build_filter
    lookups, parts, reffed_expression = self.solve_lookup_type(arg, summarize)
                                        ^^^^^^^^^^^^^^^^^^^^^^^^^^^^^^^^^^^^^^
  File "/usr/local/lib/python3.11/site-packages/django/db/models/sql/query.py", line 1333, in solve_lookup_type
    _, field, _, lookup_parts = self.names_to_path(lookup_splitted, self.get_meta())
                                ^^^^^^^^^^^^^^^^^^^^^^^^^^^^^^^^^^^^^^^^^^^^^^^^^^^^
  File "/usr/local/lib/python3.11/site-packages/django/db/models/sql/query.py", line 1806, in names_to_path
    raise FieldError(
django.core.exceptions.FieldError: Cannot resolve keyword 'role' into field. Choices are: address, branch_vehicles, city, country, created_at, fleet, fleet_id, fleet_members, id, name, postcode, updated_at, vehicle_count

ERROR 2026-01-18 00:34:51,161 fleet 218 138004022687424 Error in get_branches: Cannot resolve keyword 'role' into field. Choices are: address, branch_vehicles, city, country, created_at, fleet, fleet_id, fleet_members, id, name, postcode, updated_at, vehicle_count
Traceback (most recent call last):
  File "/app/main/views/fleet.py", line 127, in get_branches
    branches = Branch.objects.filter(fleet=fleet).annotate(
               ^^^^^^^^^^^^^^^^^^^^^^^^^^^^^^^^^^^^^^^^^^^^
  File "/usr/local/lib/python3.11/site-packages/django/db/models/query.py", line 1654, in annotate
    return self._annotate(args, kwargs, select=True)
           ^^^^^^^^^^^^^^^^^^^^^^^^^^^^^^^^^^^^^^^^^
  File "/usr/local/lib/python3.11/site-packages/django/db/models/query.py", line 1706, in _annotate
    clone.query.add_annotation(
  File "/usr/local/lib/python3.11/site-packages/django/db/models/sql/query.py", line 1218, in add_annotation
    annotation = annotation.resolve_expression(self, allow_joins=True, reuse=None)
                 ^^^^^^^^^^^^^^^^^^^^^^^^^^^^^^^^^^^^^^^^^^^^^^^^^^^^^^^^^^^^^^^^^
  File "/usr/local/lib/python3.11/site-packages/django/db/models/aggregates.py", line 176, in resolve_expression
    result = super().resolve_expression(*args, **kwargs)
             ^^^^^^^^^^^^^^^^^^^^^^^^^^^^^^^^^^^^^^^^^^^
  File "/usr/local/lib/python3.11/site-packages/django/db/models/aggregates.py", line 63, in resolve_expression
    c = super().resolve_expression(query, allow_joins, reuse, summarize)
        ^^^^^^^^^^^^^^^^^^^^^^^^^^^^^^^^^^^^^^^^^^^^^^^^^^^^^^^^^^^^^^^^
  File "/usr/local/lib/python3.11/site-packages/django/db/models/expressions.py", line 298, in resolve_expression
    source_expressions = [
                         ^
  File "/usr/local/lib/python3.11/site-packages/django/db/models/expressions.py", line 300, in <listcomp>
    expr.resolve_expression(query, allow_joins, reuse, summarize, for_save)
  File "/usr/local/lib/python3.11/site-packages/django/db/models/query_utils.py", line 95, in resolve_expression
    clause, joins = query._add_q(
                    ^^^^^^^^^^^^^
  File "/usr/local/lib/python3.11/site-packages/django/db/models/sql/query.py", line 1678, in _add_q
    child_clause, needed_inner = self.build_filter(
                                 ^^^^^^^^^^^^^^^^^^
  File "/usr/local/lib/python3.11/site-packages/django/db/models/sql/query.py", line 1526, in build_filter
    lookups, parts, reffed_expression = self.solve_lookup_type(arg, summarize)
                                        ^^^^^^^^^^^^^^^^^^^^^^^^^^^^^^^^^^^^^^
  File "/usr/local/lib/python3.11/site-packages/django/db/models/sql/query.py", line 1333, in solve_lookup_type
    _, field, _, lookup_parts = self.names_to_path(lookup_splitted, self.get_meta())
                                ^^^^^^^^^^^^^^^^^^^^^^^^^^^^^^^^^^^^^^^^^^^^^^^^^^^^
  File "/usr/local/lib/python3.11/site-packages/django/db/models/sql/query.py", line 1806, in names_to_path
    raise FieldError(
django.core.exceptions.FieldError: Cannot resolve keyword 'role' into field. Choices are: address, branch_vehicles, city, country, created_at, fleet, fleet_id, fleet_members, id, name, postcode, updated_at, vehicle_count

ERROR 2026-01-18 00:34:55,031 fleet 218 138004022687424 Error in get_branches: Cannot resolve keyword 'role' into field. Choices are: address, branch_vehicles, city, country, created_at, fleet, fleet_id, fleet_members, id, name, postcode, updated_at, vehicle_count
Traceback (most recent call last):
  File "/app/main/views/fleet.py", line 127, in get_branches
    branches = Branch.objects.filter(fleet=fleet).annotate(
               ^^^^^^^^^^^^^^^^^^^^^^^^^^^^^^^^^^^^^^^^^^^^
  File "/usr/local/lib/python3.11/site-packages/django/db/models/query.py", line 1654, in annotate
    return self._annotate(args, kwargs, select=True)
           ^^^^^^^^^^^^^^^^^^^^^^^^^^^^^^^^^^^^^^^^^
  File "/usr/local/lib/python3.11/site-packages/django/db/models/query.py", line 1706, in _annotate
    clone.query.add_annotation(
  File "/usr/local/lib/python3.11/site-packages/django/db/models/sql/query.py", line 1218, in add_annotation
    annotation = annotation.resolve_expression(self, allow_joins=True, reuse=None)
                 ^^^^^^^^^^^^^^^^^^^^^^^^^^^^^^^^^^^^^^^^^^^^^^^^^^^^^^^^^^^^^^^^^
  File "/usr/local/lib/python3.11/site-packages/django/db/models/aggregates.py", line 176, in resolve_expression
    result = super().resolve_expression(*args, **kwargs)
             ^^^^^^^^^^^^^^^^^^^^^^^^^^^^^^^^^^^^^^^^^^^
  File "/usr/local/lib/python3.11/site-packages/django/db/models/aggregates.py", line 63, in resolve_expression
    c = super().resolve_expression(query, allow_joins, reuse, summarize)
        ^^^^^^^^^^^^^^^^^^^^^^^^^^^^^^^^^^^^^^^^^^^^^^^^^^^^^^^^^^^^^^^^
  File "/usr/local/lib/python3.11/site-packages/django/db/models/expressions.py", line 298, in resolve_expression
    source_expressions = [
                         ^
  File "/usr/local/lib/python3.11/site-packages/django/db/models/expressions.py", line 300, in <listcomp>
    expr.resolve_expression(query, allow_joins, reuse, summarize, for_save)
  File "/usr/local/lib/python3.11/site-packages/django/db/models/query_utils.py", line 95, in resolve_expression
    clause, joins = query._add_q(
                    ^^^^^^^^^^^^^
  File "/usr/local/lib/python3.11/site-packages/django/db/models/sql/query.py", line 1678, in _add_q
    child_clause, needed_inner = self.build_filter(
                                 ^^^^^^^^^^^^^^^^^^
  File "/usr/local/lib/python3.11/site-packages/django/db/models/sql/query.py", line 1526, in build_filter
    lookups, parts, reffed_expression = self.solve_lookup_type(arg, summarize)
                                        ^^^^^^^^^^^^^^^^^^^^^^^^^^^^^^^^^^^^^^
  File "/usr/local/lib/python3.11/site-packages/django/db/models/sql/query.py", line 1333, in solve_lookup_type
    _, field, _, lookup_parts = self.names_to_path(lookup_splitted, self.get_meta())
                                ^^^^^^^^^^^^^^^^^^^^^^^^^^^^^^^^^^^^^^^^^^^^^^^^^^^^
  File "/usr/local/lib/python3.11/site-packages/django/db/models/sql/query.py", line 1806, in names_to_path
    raise FieldError(
django.core.exceptions.FieldError: Cannot resolve keyword 'role' into field. Choices are: address, branch_vehicles, city, country, created_at, fleet, fleet_id, fleet_members, id, name, postcode, updated_at, vehicle_count

ERROR 2026-01-18 00:35:02,517 fleet 218 138004022687424 Error in get_branches: Cannot resolve keyword 'role' into field. Choices are: address, branch_vehicles, city, country, created_at, fleet, fleet_id, fleet_members, id, name, postcode, updated_at, vehicle_count
Traceback (most recent call last):
  File "/app/main/views/fleet.py", line 127, in get_branches
    branches = Branch.objects.filter(fleet=fleet).annotate(
               ^^^^^^^^^^^^^^^^^^^^^^^^^^^^^^^^^^^^^^^^^^^^
  File "/usr/local/lib/python3.11/site-packages/django/db/models/query.py", line 1654, in annotate
    return self._annotate(args, kwargs, select=True)
           ^^^^^^^^^^^^^^^^^^^^^^^^^^^^^^^^^^^^^^^^^
  File "/usr/local/lib/python3.11/site-packages/django/db/models/query.py", line 1706, in _annotate
    clone.query.add_annotation(
  File "/usr/local/lib/python3.11/site-packages/django/db/models/sql/query.py", line 1218, in add_annotation
    annotation = annotation.resolve_expression(self, allow_joins=True, reuse=None)
                 ^^^^^^^^^^^^^^^^^^^^^^^^^^^^^^^^^^^^^^^^^^^^^^^^^^^^^^^^^^^^^^^^^
  File "/usr/local/lib/python3.11/site-packages/django/db/models/aggregates.py", line 176, in resolve_expression
    result = super().resolve_expression(*args, **kwargs)
             ^^^^^^^^^^^^^^^^^^^^^^^^^^^^^^^^^^^^^^^^^^^
  File "/usr/local/lib/python3.11/site-packages/django/db/models/aggregates.py", line 63, in resolve_expression
    c = super().resolve_expression(query, allow_joins, reuse, summarize)
        ^^^^^^^^^^^^^^^^^^^^^^^^^^^^^^^^^^^^^^^^^^^^^^^^^^^^^^^^^^^^^^^^
  File "/usr/local/lib/python3.11/site-packages/django/db/models/expressions.py", line 298, in resolve_expression
    source_expressions = [
                         ^
  File "/usr/local/lib/python3.11/site-packages/django/db/models/expressions.py", line 300, in <listcomp>
    expr.resolve_expression(query, allow_joins, reuse, summarize, for_save)
  File "/usr/local/lib/python3.11/site-packages/django/db/models/query_utils.py", line 95, in resolve_expression
    clause, joins = query._add_q(
                    ^^^^^^^^^^^^^
  File "/usr/local/lib/python3.11/site-packages/django/db/models/sql/query.py", line 1678, in _add_q
    child_clause, needed_inner = self.build_filter(
                                 ^^^^^^^^^^^^^^^^^^
  File "/usr/local/lib/python3.11/site-packages/django/db/models/sql/query.py", line 1526, in build_filter
    lookups, parts, reffed_expression = self.solve_lookup_type(arg, summarize)
                                        ^^^^^^^^^^^^^^^^^^^^^^^^^^^^^^^^^^^^^^
  File "/usr/local/lib/python3.11/site-packages/django/db/models/sql/query.py", line 1333, in solve_lookup_type
    _, field, _, lookup_parts = self.names_to_path(lookup_splitted, self.get_meta())
                                ^^^^^^^^^^^^^^^^^^^^^^^^^^^^^^^^^^^^^^^^^^^^^^^^^^^^
  File "/usr/local/lib/python3.11/site-packages/django/db/models/sql/query.py", line 1806, in names_to_path
    raise FieldError(
django.core.exceptions.FieldError: Cannot resolve keyword 'role' into field. Choices are: address, branch_vehicles, city, country, created_at, fleet, fleet_id, fleet_members, id, name, postcode, updated_at, vehicle_count

ERROR 2026-01-18 00:35:22,632 fleet 218 138003926210240 Error in get_branches: Cannot resolve keyword 'role' into field. Choices are: address, branch_vehicles, city, country, created_at, fleet, fleet_id, fleet_members, id, name, postcode, updated_at, vehicle_count
Traceback (most recent call last):
  File "/app/main/views/fleet.py", line 127, in get_branches
    branches = Branch.objects.filter(fleet=fleet).annotate(
               ^^^^^^^^^^^^^^^^^^^^^^^^^^^^^^^^^^^^^^^^^^^^
  File "/usr/local/lib/python3.11/site-packages/django/db/models/query.py", line 1654, in annotate
    return self._annotate(args, kwargs, select=True)
           ^^^^^^^^^^^^^^^^^^^^^^^^^^^^^^^^^^^^^^^^^
  File "/usr/local/lib/python3.11/site-packages/django/db/models/query.py", line 1706, in _annotate
    clone.query.add_annotation(
  File "/usr/local/lib/python3.11/site-packages/django/db/models/sql/query.py", line 1218, in add_annotation
    annotation = annotation.resolve_expression(self, allow_joins=True, reuse=None)
                 ^^^^^^^^^^^^^^^^^^^^^^^^^^^^^^^^^^^^^^^^^^^^^^^^^^^^^^^^^^^^^^^^^
  File "/usr/local/lib/python3.11/site-packages/django/db/models/aggregates.py", line 176, in resolve_expression
    result = super().resolve_expression(*args, **kwargs)
             ^^^^^^^^^^^^^^^^^^^^^^^^^^^^^^^^^^^^^^^^^^^
  File "/usr/local/lib/python3.11/site-packages/django/db/models/aggregates.py", line 63, in resolve_expression
    c = super().resolve_expression(query, allow_joins, reuse, summarize)
        ^^^^^^^^^^^^^^^^^^^^^^^^^^^^^^^^^^^^^^^^^^^^^^^^^^^^^^^^^^^^^^^^
  File "/usr/local/lib/python3.11/site-packages/django/db/models/expressions.py", line 298, in resolve_expression
    source_expressions = [
                         ^
  File "/usr/local/lib/python3.11/site-packages/django/db/models/expressions.py", line 300, in <listcomp>
    expr.resolve_expression(query, allow_joins, reuse, summarize, for_save)
  File "/usr/local/lib/python3.11/site-packages/django/db/models/query_utils.py", line 95, in resolve_expression
    clause, joins = query._add_q(
                    ^^^^^^^^^^^^^
  File "/usr/local/lib/python3.11/site-packages/django/db/models/sql/query.py", line 1678, in _add_q
    child_clause, needed_inner = self.build_filter(
                                 ^^^^^^^^^^^^^^^^^^
  File "/usr/local/lib/python3.11/site-packages/django/db/models/sql/query.py", line 1526, in build_filter
    lookups, parts, reffed_expression = self.solve_lookup_type(arg, summarize)
                                        ^^^^^^^^^^^^^^^^^^^^^^^^^^^^^^^^^^^^^^
  File "/usr/local/lib/python3.11/site-packages/django/db/models/sql/query.py", line 1333, in solve_lookup_type
    _, field, _, lookup_parts = self.names_to_path(lookup_splitted, self.get_meta())
                                ^^^^^^^^^^^^^^^^^^^^^^^^^^^^^^^^^^^^^^^^^^^^^^^^^^^^
  File "/usr/local/lib/python3.11/site-packages/django/db/models/sql/query.py", line 1806, in names_to_path
    raise FieldError(
django.core.exceptions.FieldError: Cannot resolve keyword 'role' into field. Choices are: address, branch_vehicles, city, country, created_at, fleet, fleet_id, fleet_members, id, name, postcode, updated_at, vehicle_count

ERROR 2026-01-18 00:35:39,061 fleet 218 138004022687424 Error in get_branches: Cannot resolve keyword 'role' into field. Choices are: address, branch_vehicles, city, country, created_at, fleet, fleet_id, fleet_members, id, name, postcode, updated_at, vehicle_count
Traceback (most recent call last):
  File "/app/main/views/fleet.py", line 127, in get_branches
    branches = Branch.objects.filter(fleet=fleet).annotate(
               ^^^^^^^^^^^^^^^^^^^^^^^^^^^^^^^^^^^^^^^^^^^^
  File "/usr/local/lib/python3.11/site-packages/django/db/models/query.py", line 1654, in annotate
    return self._annotate(args, kwargs, select=True)
           ^^^^^^^^^^^^^^^^^^^^^^^^^^^^^^^^^^^^^^^^^
  File "/usr/local/lib/python3.11/site-packages/django/db/models/query.py", line 1706, in _annotate
    clone.query.add_annotation(
  File "/usr/local/lib/python3.11/site-packages/django/db/models/sql/query.py", line 1218, in add_annotation
    annotation = annotation.resolve_expression(self, allow_joins=True, reuse=None)
                 ^^^^^^^^^^^^^^^^^^^^^^^^^^^^^^^^^^^^^^^^^^^^^^^^^^^^^^^^^^^^^^^^^
  File "/usr/local/lib/python3.11/site-packages/django/db/models/aggregates.py", line 176, in resolve_expression
    result = super().resolve_expression(*args, **kwargs)
             ^^^^^^^^^^^^^^^^^^^^^^^^^^^^^^^^^^^^^^^^^^^
  File "/usr/local/lib/python3.11/site-packages/django/db/models/aggregates.py", line 63, in resolve_expression
    c = super().resolve_expression(query, allow_joins, reuse, summarize)
        ^^^^^^^^^^^^^^^^^^^^^^^^^^^^^^^^^^^^^^^^^^^^^^^^^^^^^^^^^^^^^^^^
  File "/usr/local/lib/python3.11/site-packages/django/db/models/expressions.py", line 298, in resolve_expression
    source_expressions = [
                         ^
  File "/usr/local/lib/python3.11/site-packages/django/db/models/expressions.py", line 300, in <listcomp>
    expr.resolve_expression(query, allow_joins, reuse, summarize, for_save)
  File "/usr/local/lib/python3.11/site-packages/django/db/models/query_utils.py", line 95, in resolve_expression
    clause, joins = query._add_q(
                    ^^^^^^^^^^^^^
  File "/usr/local/lib/python3.11/site-packages/django/db/models/sql/query.py", line 1678, in _add_q
    child_clause, needed_inner = self.build_filter(
                                 ^^^^^^^^^^^^^^^^^^
  File "/usr/local/lib/python3.11/site-packages/django/db/models/sql/query.py", line 1526, in build_filter
    lookups, parts, reffed_expression = self.solve_lookup_type(arg, summarize)
                                        ^^^^^^^^^^^^^^^^^^^^^^^^^^^^^^^^^^^^^^
  File "/usr/local/lib/python3.11/site-packages/django/db/models/sql/query.py", line 1333, in solve_lookup_type
    _, field, _, lookup_parts = self.names_to_path(lookup_splitted, self.get_meta())
                                ^^^^^^^^^^^^^^^^^^^^^^^^^^^^^^^^^^^^^^^^^^^^^^^^^^^^
  File "/usr/local/lib/python3.11/site-packages/django/db/models/sql/query.py", line 1806, in names_to_path
    raise FieldError(
django.core.exceptions.FieldError: Cannot resolve keyword 'role' into field. Choices are: address, branch_vehicles, city, country, created_at, fleet, fleet_id, fleet_members, id, name, postcode, updated_at, vehicle_count

ERROR 2026-01-22 03:26:03,589 log 1409 139178570401472 Internal Server Error: /admin/main/bookedappointment/add/
Traceback (most recent call last):
  File "/usr/local/lib/python3.11/site-packages/django/db/backends/utils.py", line 105, in _execute
    return self.cursor.execute(sql, params)
           ^^^^^^^^^^^^^^^^^^^^^^^^^^^^^^^^
  File "/usr/local/lib/python3.11/site-packages/django/db/backends/sqlite3/base.py", line 360, in execute
    return super().execute(query, params)
           ^^^^^^^^^^^^^^^^^^^^^^^^^^^^^^
sqlite3.IntegrityError: UNIQUE constraint failed: main_bookedappointment.booking_reference

The above exception was the direct cause of the following exception:

Traceback (most recent call last):
  File "/usr/local/lib/python3.11/site-packages/asgiref/sync.py", line 555, in thread_handler
    raise exc_info[1]
  File "/usr/local/lib/python3.11/site-packages/django/core/handlers/exception.py", line 42, in inner
    response = await get_response(request)
               ^^^^^^^^^^^^^^^^^^^^^^^^^^^
  File "/usr/local/lib/python3.11/site-packages/asgiref/sync.py", line 555, in thread_handler
    raise exc_info[1]
  File "/usr/local/lib/python3.11/site-packages/django/core/handlers/base.py", line 253, in _get_response_async
    response = await wrapped_callback(
               ^^^^^^^^^^^^^^^^^^^^^^^
  File "/usr/local/lib/python3.11/site-packages/asgiref/sync.py", line 504, in __call__
    ret = await asyncio.shield(exec_coro)
          ^^^^^^^^^^^^^^^^^^^^^^^^^^^^^^^
  File "/usr/local/lib/python3.11/concurrent/futures/thread.py", line 58, in run
    result = self.fn(*self.args, **self.kwargs)
             ^^^^^^^^^^^^^^^^^^^^^^^^^^^^^^^^^^
  File "/usr/local/lib/python3.11/site-packages/asgiref/sync.py", line 559, in thread_handler
    return func(*args, **kwargs)
           ^^^^^^^^^^^^^^^^^^^^^
  File "/usr/local/lib/python3.11/site-packages/django/contrib/admin/options.py", line 719, in wrapper
    return self.admin_site.admin_view(view)(*args, **kwargs)
           ^^^^^^^^^^^^^^^^^^^^^^^^^^^^^^^^^^^^^^^^^^^^^^^^^
  File "/usr/local/lib/python3.11/site-packages/django/utils/decorators.py", line 192, in _view_wrapper
    result = _process_exception(request, e)
             ^^^^^^^^^^^^^^^^^^^^^^^^^^^^^^
  File "/usr/local/lib/python3.11/site-packages/django/utils/decorators.py", line 190, in _view_wrapper
    response = view_func(request, *args, **kwargs)
               ^^^^^^^^^^^^^^^^^^^^^^^^^^^^^^^^^^^
  File "/usr/local/lib/python3.11/site-packages/django/views/decorators/cache.py", line 80, in _view_wrapper
    response = view_func(request, *args, **kwargs)
               ^^^^^^^^^^^^^^^^^^^^^^^^^^^^^^^^^^^
  File "/usr/local/lib/python3.11/site-packages/django/contrib/admin/sites.py", line 246, in inner
    return view(request, *args, **kwargs)
           ^^^^^^^^^^^^^^^^^^^^^^^^^^^^^^
  File "/usr/local/lib/python3.11/site-packages/django/contrib/admin/options.py", line 1984, in add_view
    return self.changeform_view(request, None, form_url, extra_context)
           ^^^^^^^^^^^^^^^^^^^^^^^^^^^^^^^^^^^^^^^^^^^^^^^^^^^^^^^^^^^^
  File "/usr/local/lib/python3.11/site-packages/django/utils/decorators.py", line 48, in _wrapper
    return bound_method(*args, **kwargs)
           ^^^^^^^^^^^^^^^^^^^^^^^^^^^^^
  File "/usr/local/lib/python3.11/site-packages/django/utils/decorators.py", line 192, in _view_wrapper
    result = _process_exception(request, e)
             ^^^^^^^^^^^^^^^^^^^^^^^^^^^^^^
  File "/usr/local/lib/python3.11/site-packages/django/utils/decorators.py", line 190, in _view_wrapper
    response = view_func(request, *args, **kwargs)
               ^^^^^^^^^^^^^^^^^^^^^^^^^^^^^^^^^^^
  File "/usr/local/lib/python3.11/site-packages/django/contrib/admin/options.py", line 1843, in changeform_view
    return self._changeform_view(request, object_id, form_url, extra_context)
           ^^^^^^^^^^^^^^^^^^^^^^^^^^^^^^^^^^^^^^^^^^^^^^^^^^^^^^^^^^^^^^^^^^
  File "/usr/local/lib/python3.11/site-packages/django/contrib/admin/options.py", line 1894, in _changeform_view
    self.save_model(request, new_object, form, not add)
  File "/usr/local/lib/python3.11/site-packages/django/contrib/admin/options.py", line 1314, in save_model
    obj.save()
  File "/app/main/models.py", line 698, in save
    super().save(*args, **kwargs)
  File "/usr/local/lib/python3.11/site-packages/django/db/models/base.py", line 902, in save
    self.save_base(
  File "/usr/local/lib/python3.11/site-packages/django/db/models/base.py", line 1008, in save_base
    updated = self._save_table(
              ^^^^^^^^^^^^^^^^^
  File "/usr/local/lib/python3.11/site-packages/django/db/models/base.py", line 1169, in _save_table
    results = self._do_insert(
              ^^^^^^^^^^^^^^^^
  File "/usr/local/lib/python3.11/site-packages/django/db/models/base.py", line 1210, in _do_insert
    return manager._insert(
           ^^^^^^^^^^^^^^^^
  File "/usr/local/lib/python3.11/site-packages/django/db/models/manager.py", line 87, in manager_method
    return getattr(self.get_queryset(), name)(*args, **kwargs)
           ^^^^^^^^^^^^^^^^^^^^^^^^^^^^^^^^^^^^^^^^^^^^^^^^^^^
  File "/usr/local/lib/python3.11/site-packages/django/db/models/query.py", line 1873, in _insert
    return query.get_compiler(using=using).execute_sql(returning_fields)
           ^^^^^^^^^^^^^^^^^^^^^^^^^^^^^^^^^^^^^^^^^^^^^^^^^^^^^^^^^^^^^
  File "/usr/local/lib/python3.11/site-packages/django/db/models/sql/compiler.py", line 1882, in execute_sql
    cursor.execute(sql, params)
  File "/usr/local/lib/python3.11/site-packages/django/db/backends/utils.py", line 122, in execute
    return super().execute(sql, params)
           ^^^^^^^^^^^^^^^^^^^^^^^^^^^^
  File "/usr/local/lib/python3.11/site-packages/django/db/backends/utils.py", line 79, in execute
    return self._execute_with_wrappers(
           ^^^^^^^^^^^^^^^^^^^^^^^^^^^^
  File "/usr/local/lib/python3.11/site-packages/django/db/backends/utils.py", line 92, in _execute_with_wrappers
    return executor(sql, params, many, context)
           ^^^^^^^^^^^^^^^^^^^^^^^^^^^^^^^^^^^^
  File "/usr/local/lib/python3.11/site-packages/django/db/backends/utils.py", line 100, in _execute
    with self.db.wrap_database_errors:
  File "/usr/local/lib/python3.11/site-packages/django/db/utils.py", line 91, in __exit__
    raise dj_exc_value.with_traceback(traceback) from exc_value
  File "/usr/local/lib/python3.11/site-packages/django/db/backends/utils.py", line 105, in _execute
    return self.cursor.execute(sql, params)
           ^^^^^^^^^^^^^^^^^^^^^^^^^^^^^^^^
  File "/usr/local/lib/python3.11/site-packages/django/db/backends/sqlite3/base.py", line 360, in execute
    return super().execute(query, params)
           ^^^^^^^^^^^^^^^^^^^^^^^^^^^^^^
django.db.utils.IntegrityError: UNIQUE constraint failed: main_bookedappointment.booking_reference
ERROR 2026-01-22 03:26:03,605 runserver 1409 139178722506432 HTTP POST /admin/main/bookedappointment/add/ 500 [0.14, 172.18.0.10:42710]
ERROR 2026-01-22 03:26:38,870 log 1409 139178570401472 Internal Server Error: /admin/main/bookedappointment/add/
Traceback (most recent call last):
  File "/usr/local/lib/python3.11/site-packages/django/db/backends/utils.py", line 105, in _execute
    return self.cursor.execute(sql, params)
           ^^^^^^^^^^^^^^^^^^^^^^^^^^^^^^^^
  File "/usr/local/lib/python3.11/site-packages/django/db/backends/sqlite3/base.py", line 360, in execute
    return super().execute(query, params)
           ^^^^^^^^^^^^^^^^^^^^^^^^^^^^^^
sqlite3.IntegrityError: UNIQUE constraint failed: main_bookedappointment.booking_reference

The above exception was the direct cause of the following exception:

Traceback (most recent call last):
  File "/usr/local/lib/python3.11/site-packages/asgiref/sync.py", line 555, in thread_handler
    raise exc_info[1]
  File "/usr/local/lib/python3.11/site-packages/django/core/handlers/exception.py", line 42, in inner
    response = await get_response(request)
               ^^^^^^^^^^^^^^^^^^^^^^^^^^^
  File "/usr/local/lib/python3.11/site-packages/asgiref/sync.py", line 555, in thread_handler
    raise exc_info[1]
  File "/usr/local/lib/python3.11/site-packages/django/core/handlers/base.py", line 253, in _get_response_async
    response = await wrapped_callback(
               ^^^^^^^^^^^^^^^^^^^^^^^
  File "/usr/local/lib/python3.11/site-packages/asgiref/sync.py", line 504, in __call__
    ret = await asyncio.shield(exec_coro)
          ^^^^^^^^^^^^^^^^^^^^^^^^^^^^^^^
  File "/usr/local/lib/python3.11/concurrent/futures/thread.py", line 58, in run
    result = self.fn(*self.args, **self.kwargs)
             ^^^^^^^^^^^^^^^^^^^^^^^^^^^^^^^^^^
  File "/usr/local/lib/python3.11/site-packages/asgiref/sync.py", line 559, in thread_handler
    return func(*args, **kwargs)
           ^^^^^^^^^^^^^^^^^^^^^
  File "/usr/local/lib/python3.11/site-packages/django/contrib/admin/options.py", line 719, in wrapper
    return self.admin_site.admin_view(view)(*args, **kwargs)
           ^^^^^^^^^^^^^^^^^^^^^^^^^^^^^^^^^^^^^^^^^^^^^^^^^
  File "/usr/local/lib/python3.11/site-packages/django/utils/decorators.py", line 192, in _view_wrapper
    result = _process_exception(request, e)
             ^^^^^^^^^^^^^^^^^^^^^^^^^^^^^^
  File "/usr/local/lib/python3.11/site-packages/django/utils/decorators.py", line 190, in _view_wrapper
    response = view_func(request, *args, **kwargs)
               ^^^^^^^^^^^^^^^^^^^^^^^^^^^^^^^^^^^
  File "/usr/local/lib/python3.11/site-packages/django/views/decorators/cache.py", line 80, in _view_wrapper
    response = view_func(request, *args, **kwargs)
               ^^^^^^^^^^^^^^^^^^^^^^^^^^^^^^^^^^^
  File "/usr/local/lib/python3.11/site-packages/django/contrib/admin/sites.py", line 246, in inner
    return view(request, *args, **kwargs)
           ^^^^^^^^^^^^^^^^^^^^^^^^^^^^^^
  File "/usr/local/lib/python3.11/site-packages/django/contrib/admin/options.py", line 1984, in add_view
    return self.changeform_view(request, None, form_url, extra_context)
           ^^^^^^^^^^^^^^^^^^^^^^^^^^^^^^^^^^^^^^^^^^^^^^^^^^^^^^^^^^^^
  File "/usr/local/lib/python3.11/site-packages/django/utils/decorators.py", line 48, in _wrapper
    return bound_method(*args, **kwargs)
           ^^^^^^^^^^^^^^^^^^^^^^^^^^^^^
  File "/usr/local/lib/python3.11/site-packages/django/utils/decorators.py", line 192, in _view_wrapper
    result = _process_exception(request, e)
             ^^^^^^^^^^^^^^^^^^^^^^^^^^^^^^
  File "/usr/local/lib/python3.11/site-packages/django/utils/decorators.py", line 190, in _view_wrapper
    response = view_func(request, *args, **kwargs)
               ^^^^^^^^^^^^^^^^^^^^^^^^^^^^^^^^^^^
  File "/usr/local/lib/python3.11/site-packages/django/contrib/admin/options.py", line 1843, in changeform_view
    return self._changeform_view(request, object_id, form_url, extra_context)
           ^^^^^^^^^^^^^^^^^^^^^^^^^^^^^^^^^^^^^^^^^^^^^^^^^^^^^^^^^^^^^^^^^^
  File "/usr/local/lib/python3.11/site-packages/django/contrib/admin/options.py", line 1894, in _changeform_view
    self.save_model(request, new_object, form, not add)
  File "/usr/local/lib/python3.11/site-packages/django/contrib/admin/options.py", line 1314, in save_model
    obj.save()
  File "/app/main/models.py", line 698, in save
    super().save(*args, **kwargs)
  File "/usr/local/lib/python3.11/site-packages/django/db/models/base.py", line 902, in save
    self.save_base(
  File "/usr/local/lib/python3.11/site-packages/django/db/models/base.py", line 1008, in save_base
    updated = self._save_table(
              ^^^^^^^^^^^^^^^^^
  File "/usr/local/lib/python3.11/site-packages/django/db/models/base.py", line 1169, in _save_table
    results = self._do_insert(
              ^^^^^^^^^^^^^^^^
  File "/usr/local/lib/python3.11/site-packages/django/db/models/base.py", line 1210, in _do_insert
    return manager._insert(
           ^^^^^^^^^^^^^^^^
  File "/usr/local/lib/python3.11/site-packages/django/db/models/manager.py", line 87, in manager_method
    return getattr(self.get_queryset(), name)(*args, **kwargs)
           ^^^^^^^^^^^^^^^^^^^^^^^^^^^^^^^^^^^^^^^^^^^^^^^^^^^
  File "/usr/local/lib/python3.11/site-packages/django/db/models/query.py", line 1873, in _insert
    return query.get_compiler(using=using).execute_sql(returning_fields)
           ^^^^^^^^^^^^^^^^^^^^^^^^^^^^^^^^^^^^^^^^^^^^^^^^^^^^^^^^^^^^^
  File "/usr/local/lib/python3.11/site-packages/django/db/models/sql/compiler.py", line 1882, in execute_sql
    cursor.execute(sql, params)
  File "/usr/local/lib/python3.11/site-packages/django/db/backends/utils.py", line 122, in execute
    return super().execute(sql, params)
           ^^^^^^^^^^^^^^^^^^^^^^^^^^^^
  File "/usr/local/lib/python3.11/site-packages/django/db/backends/utils.py", line 79, in execute
    return self._execute_with_wrappers(
           ^^^^^^^^^^^^^^^^^^^^^^^^^^^^
  File "/usr/local/lib/python3.11/site-packages/django/db/backends/utils.py", line 92, in _execute_with_wrappers
    return executor(sql, params, many, context)
           ^^^^^^^^^^^^^^^^^^^^^^^^^^^^^^^^^^^^
  File "/usr/local/lib/python3.11/site-packages/django/db/backends/utils.py", line 100, in _execute
    with self.db.wrap_database_errors:
  File "/usr/local/lib/python3.11/site-packages/django/db/utils.py", line 91, in __exit__
    raise dj_exc_value.with_traceback(traceback) from exc_value
  File "/usr/local/lib/python3.11/site-packages/django/db/backends/utils.py", line 105, in _execute
    return self.cursor.execute(sql, params)
           ^^^^^^^^^^^^^^^^^^^^^^^^^^^^^^^^
  File "/usr/local/lib/python3.11/site-packages/django/db/backends/sqlite3/base.py", line 360, in execute
    return super().execute(query, params)
           ^^^^^^^^^^^^^^^^^^^^^^^^^^^^^^
django.db.utils.IntegrityError: UNIQUE constraint failed: main_bookedappointment.booking_reference
ERROR 2026-01-22 03:26:38,876 runserver 1409 139178722506432 HTTP POST /admin/main/bookedappointment/add/ 500 [0.06, 172.18.0.10:59580]
ERROR 2026-01-22 03:28:24,639 log 1409 139178570401472 Internal Server Error: /admin/main/bookedappointment/add/
Traceback (most recent call last):
  File "/usr/local/lib/python3.11/site-packages/django/db/backends/utils.py", line 105, in _execute
    return self.cursor.execute(sql, params)
           ^^^^^^^^^^^^^^^^^^^^^^^^^^^^^^^^
  File "/usr/local/lib/python3.11/site-packages/django/db/backends/sqlite3/base.py", line 360, in execute
    return super().execute(query, params)
           ^^^^^^^^^^^^^^^^^^^^^^^^^^^^^^
sqlite3.IntegrityError: UNIQUE constraint failed: main_bookedappointment.booking_reference

The above exception was the direct cause of the following exception:

Traceback (most recent call last):
  File "/usr/local/lib/python3.11/site-packages/asgiref/sync.py", line 555, in thread_handler
    raise exc_info[1]
  File "/usr/local/lib/python3.11/site-packages/django/core/handlers/exception.py", line 42, in inner
    response = await get_response(request)
               ^^^^^^^^^^^^^^^^^^^^^^^^^^^
  File "/usr/local/lib/python3.11/site-packages/asgiref/sync.py", line 555, in thread_handler
    raise exc_info[1]
  File "/usr/local/lib/python3.11/site-packages/django/core/handlers/base.py", line 253, in _get_response_async
    response = await wrapped_callback(
               ^^^^^^^^^^^^^^^^^^^^^^^
  File "/usr/local/lib/python3.11/site-packages/asgiref/sync.py", line 504, in __call__
    ret = await asyncio.shield(exec_coro)
          ^^^^^^^^^^^^^^^^^^^^^^^^^^^^^^^
  File "/usr/local/lib/python3.11/concurrent/futures/thread.py", line 58, in run
    result = self.fn(*self.args, **self.kwargs)
             ^^^^^^^^^^^^^^^^^^^^^^^^^^^^^^^^^^
  File "/usr/local/lib/python3.11/site-packages/asgiref/sync.py", line 559, in thread_handler
    return func(*args, **kwargs)
           ^^^^^^^^^^^^^^^^^^^^^
  File "/usr/local/lib/python3.11/site-packages/django/contrib/admin/options.py", line 719, in wrapper
    return self.admin_site.admin_view(view)(*args, **kwargs)
           ^^^^^^^^^^^^^^^^^^^^^^^^^^^^^^^^^^^^^^^^^^^^^^^^^
  File "/usr/local/lib/python3.11/site-packages/django/utils/decorators.py", line 192, in _view_wrapper
    result = _process_exception(request, e)
             ^^^^^^^^^^^^^^^^^^^^^^^^^^^^^^
  File "/usr/local/lib/python3.11/site-packages/django/utils/decorators.py", line 190, in _view_wrapper
    response = view_func(request, *args, **kwargs)
               ^^^^^^^^^^^^^^^^^^^^^^^^^^^^^^^^^^^
  File "/usr/local/lib/python3.11/site-packages/django/views/decorators/cache.py", line 80, in _view_wrapper
    response = view_func(request, *args, **kwargs)
               ^^^^^^^^^^^^^^^^^^^^^^^^^^^^^^^^^^^
  File "/usr/local/lib/python3.11/site-packages/django/contrib/admin/sites.py", line 246, in inner
    return view(request, *args, **kwargs)
           ^^^^^^^^^^^^^^^^^^^^^^^^^^^^^^
  File "/usr/local/lib/python3.11/site-packages/django/contrib/admin/options.py", line 1984, in add_view
    return self.changeform_view(request, None, form_url, extra_context)
           ^^^^^^^^^^^^^^^^^^^^^^^^^^^^^^^^^^^^^^^^^^^^^^^^^^^^^^^^^^^^
  File "/usr/local/lib/python3.11/site-packages/django/utils/decorators.py", line 48, in _wrapper
    return bound_method(*args, **kwargs)
           ^^^^^^^^^^^^^^^^^^^^^^^^^^^^^
  File "/usr/local/lib/python3.11/site-packages/django/utils/decorators.py", line 192, in _view_wrapper
    result = _process_exception(request, e)
             ^^^^^^^^^^^^^^^^^^^^^^^^^^^^^^
  File "/usr/local/lib/python3.11/site-packages/django/utils/decorators.py", line 190, in _view_wrapper
    response = view_func(request, *args, **kwargs)
               ^^^^^^^^^^^^^^^^^^^^^^^^^^^^^^^^^^^
  File "/usr/local/lib/python3.11/site-packages/django/contrib/admin/options.py", line 1843, in changeform_view
    return self._changeform_view(request, object_id, form_url, extra_context)
           ^^^^^^^^^^^^^^^^^^^^^^^^^^^^^^^^^^^^^^^^^^^^^^^^^^^^^^^^^^^^^^^^^^
  File "/usr/local/lib/python3.11/site-packages/django/contrib/admin/options.py", line 1894, in _changeform_view
    self.save_model(request, new_object, form, not add)
  File "/usr/local/lib/python3.11/site-packages/django/contrib/admin/options.py", line 1314, in save_model
    obj.save()
  File "/app/main/models.py", line 698, in save
    super().save(*args, **kwargs)
  File "/usr/local/lib/python3.11/site-packages/django/db/models/base.py", line 902, in save
    self.save_base(
  File "/usr/local/lib/python3.11/site-packages/django/db/models/base.py", line 1008, in save_base
    updated = self._save_table(
              ^^^^^^^^^^^^^^^^^
  File "/usr/local/lib/python3.11/site-packages/django/db/models/base.py", line 1169, in _save_table
    results = self._do_insert(
              ^^^^^^^^^^^^^^^^
  File "/usr/local/lib/python3.11/site-packages/django/db/models/base.py", line 1210, in _do_insert
    return manager._insert(
           ^^^^^^^^^^^^^^^^
  File "/usr/local/lib/python3.11/site-packages/django/db/models/manager.py", line 87, in manager_method
    return getattr(self.get_queryset(), name)(*args, **kwargs)
           ^^^^^^^^^^^^^^^^^^^^^^^^^^^^^^^^^^^^^^^^^^^^^^^^^^^
  File "/usr/local/lib/python3.11/site-packages/django/db/models/query.py", line 1873, in _insert
    return query.get_compiler(using=using).execute_sql(returning_fields)
           ^^^^^^^^^^^^^^^^^^^^^^^^^^^^^^^^^^^^^^^^^^^^^^^^^^^^^^^^^^^^^
  File "/usr/local/lib/python3.11/site-packages/django/db/models/sql/compiler.py", line 1882, in execute_sql
    cursor.execute(sql, params)
  File "/usr/local/lib/python3.11/site-packages/django/db/backends/utils.py", line 122, in execute
    return super().execute(sql, params)
           ^^^^^^^^^^^^^^^^^^^^^^^^^^^^
  File "/usr/local/lib/python3.11/site-packages/django/db/backends/utils.py", line 79, in execute
    return self._execute_with_wrappers(
           ^^^^^^^^^^^^^^^^^^^^^^^^^^^^
  File "/usr/local/lib/python3.11/site-packages/django/db/backends/utils.py", line 92, in _execute_with_wrappers
    return executor(sql, params, many, context)
           ^^^^^^^^^^^^^^^^^^^^^^^^^^^^^^^^^^^^
  File "/usr/local/lib/python3.11/site-packages/django/db/backends/utils.py", line 100, in _execute
    with self.db.wrap_database_errors:
  File "/usr/local/lib/python3.11/site-packages/django/db/utils.py", line 91, in __exit__
    raise dj_exc_value.with_traceback(traceback) from exc_value
  File "/usr/local/lib/python3.11/site-packages/django/db/backends/utils.py", line 105, in _execute
    return self.cursor.execute(sql, params)
           ^^^^^^^^^^^^^^^^^^^^^^^^^^^^^^^^
  File "/usr/local/lib/python3.11/site-packages/django/db/backends/sqlite3/base.py", line 360, in execute
    return super().execute(query, params)
           ^^^^^^^^^^^^^^^^^^^^^^^^^^^^^^
django.db.utils.IntegrityError: UNIQUE constraint failed: main_bookedappointment.booking_reference
ERROR 2026-01-22 03:28:24,646 runserver 1409 139178722506432 HTTP POST /admin/main/bookedappointment/add/ 500 [0.06, 172.18.0.10:40350]
ERROR 2026-01-22 03:32:36,099 log 1675 139048744117952 Internal Server Error: /api/v1/dashboard/get_upcoming_appointments/
ERROR 2026-01-22 03:32:36,101 runserver 1675 139048879163072 HTTP GET /api/v1/dashboard/get_upcoming_appointments/ 500 [0.02, 172.18.0.10:51756]
ERROR 2026-01-22 03:32:42,785 log 1675 139048744117952 Internal Server Error: /api/v1/dashboard/get_upcoming_appointments/
ERROR 2026-01-22 03:32:42,786 runserver 1675 139048879163072 HTTP GET /api/v1/dashboard/get_upcoming_appointments/ 500 [0.02, 172.18.0.10:51778]
ERROR 2026-01-22 03:33:03,247 log 1696 135616566126272 Internal Server Error: /api/v1/dashboard/get_upcoming_appointments/
ERROR 2026-01-22 03:33:03,248 runserver 1696 135616699561664 HTTP GET /api/v1/dashboard/get_upcoming_appointments/ 500 [0.03, 172.18.0.10:56286]
ERROR 2026-01-22 03:33:28,938 log 1696 135616566126272 Internal Server Error: /api/v1/dashboard/get_upcoming_appointments/
ERROR 2026-01-22 03:33:28,940 runserver 1696 135616699561664 HTTP GET /api/v1/dashboard/get_upcoming_appointments/ 500 [0.03, 172.18.0.10:58588]
ERROR 2026-01-22 03:33:37,175 log 1696 135616566126272 Internal Server Error: /api/v1/dashboard/get_upcoming_appointments/
ERROR 2026-01-22 03:33:37,176 runserver 1696 135616699561664 HTTP GET /api/v1/dashboard/get_upcoming_appointments/ 500 [0.03, 172.18.0.10:33690]
ERROR 2026-01-22 03:34:01,171 log 1696 135616566126272 Internal Server Error: /api/v1/dashboard/get_upcoming_appointments/
ERROR 2026-01-22 03:34:01,172 runserver 1696 135616699561664 HTTP GET /api/v1/dashboard/get_upcoming_appointments/ 500 [0.02, 172.18.0.10:58006]
ERROR 2026-01-22 03:43:04,230 log 1846 139011867776704 Internal Server Error: /api/v1/dashboard/get_upcoming_appointments/
ERROR 2026-01-22 03:43:04,231 runserver 1846 139012193793728 HTTP GET /api/v1/dashboard/get_upcoming_appointments/ 500 [0.15, 172.18.0.10:54428]
ERROR 2026-01-22 03:43:07,759 log 1846 139011876169408 Internal Server Error: /api/v1/dashboard/get_upcoming_appointments/
ERROR 2026-01-22 03:43:07,760 runserver 1846 139012193793728 HTTP GET /api/v1/dashboard/get_upcoming_appointments/ 500 [0.04, 172.18.0.10:54454]
ERROR 2026-01-22 03:44:02,862 log 1846 139011892954816 Internal Server Error: /api/v1/dashboard/get_upcoming_appointments/
ERROR 2026-01-22 03:44:02,864 runserver 1846 139012193793728 HTTP GET /api/v1/dashboard/get_upcoming_appointments/ 500 [0.04, 172.18.0.10:35976]
ERROR 2026-01-22 03:44:19,495 log 1846 139011884562112 Internal Server Error: /api/v1/dashboard/get_upcoming_appointments/
ERROR 2026-01-22 03:44:19,498 runserver 1846 139012193793728 HTTP GET /api/v1/dashboard/get_upcoming_appointments/ 500 [0.11, 172.18.0.10:52694]
ERROR 2026-01-22 03:48:48,411 log 2002 130939451598528 Internal Server Error: /api/v1/dashboard/get_upcoming_appointments/
ERROR 2026-01-22 03:48:48,413 runserver 2002 130939590227648 HTTP GET /api/v1/dashboard/get_upcoming_appointments/ 500 [0.05, 172.18.0.10:55230]
ERROR 2026-01-22 03:48:50,549 log 2002 130939451598528 Internal Server Error: /api/v1/dashboard/get_upcoming_appointments/
ERROR 2026-01-22 03:48:50,551 runserver 2002 130939590227648 HTTP GET /api/v1/dashboard/get_upcoming_appointments/ 500 [0.05, 172.18.0.10:55260]
ERROR 2026-01-22 03:48:52,341 log 2002 130939451598528 Internal Server Error: /api/v1/dashboard/get_upcoming_appointments/
ERROR 2026-01-22 03:48:52,343 runserver 2002 130939590227648 HTTP GET /api/v1/dashboard/get_upcoming_appointments/ 500 [0.05, 172.18.0.10:55288]
ERROR 2026-01-22 03:49:02,645 log 2022 140702113588928 Internal Server Error: /api/v1/dashboard/get_upcoming_appointments/
ERROR 2026-01-22 03:49:02,651 runserver 2022 140702478960320 HTTP GET /api/v1/dashboard/get_upcoming_appointments/ 500 [0.11, 172.18.0.10:50224]
ERROR 2026-01-22 03:55:42,385 log 2161 127773901309632 Internal Server Error: /api/v1/dashboard/get_upcoming_appointments/
ERROR 2026-01-22 03:55:42,387 runserver 2161 127774053447360 HTTP GET /api/v1/dashboard/get_upcoming_appointments/ 500 [0.04, 172.18.0.10:33184]
ERROR 2026-01-22 03:55:44,762 log 2161 127773901309632 Internal Server Error: /api/v1/dashboard/get_upcoming_appointments/
ERROR 2026-01-22 03:55:44,763 runserver 2161 127774053447360 HTTP GET /api/v1/dashboard/get_upcoming_appointments/ 500 [0.03, 172.18.0.10:40884]
ERROR 2026-01-22 03:59:09,551 log 2227 130888054601408 Internal Server Error: /api/v1/dashboard/get_upcoming_appointments/
ERROR 2026-01-22 03:59:09,551 runserver 2227 130888185931456 HTTP GET /api/v1/dashboard/get_upcoming_appointments/ 500 [0.03, 172.18.0.10:53026]
ERROR 2026-01-22 04:00:20,685 log 2227 130888054601408 Internal Server Error: /api/v1/dashboard/get_upcoming_appointments/
ERROR 2026-01-22 04:00:20,686 runserver 2227 130888185931456 HTTP GET /api/v1/dashboard/get_upcoming_appointments/ 500 [0.02, 172.18.0.10:60884]
ERROR 2026-01-22 04:00:26,939 log 2227 130888054601408 Internal Server Error: /api/v1/dashboard/get_upcoming_appointments/
ERROR 2026-01-22 04:00:26,940 runserver 2227 130888185931456 HTTP GET /api/v1/dashboard/get_upcoming_appointments/ 500 [0.02, 172.18.0.10:47378]
ERROR 2026-01-22 04:01:50,383 log 2227 130888054601408 Internal Server Error: /api/v1/dashboard/get_upcoming_appointments/
ERROR 2026-01-22 04:01:50,385 runserver 2227 130888185931456 HTTP GET /api/v1/dashboard/get_upcoming_appointments/ 500 [0.03, 172.18.0.10:59420]
ERROR 2026-01-22 04:01:57,795 log 2227 130888054601408 Internal Server Error: /api/v1/dashboard/get_upcoming_appointments/
ERROR 2026-01-22 04:01:57,797 runserver 2227 130888185931456 HTTP GET /api/v1/dashboard/get_upcoming_appointments/ 500 [0.06, 172.18.0.10:59494]
ERROR 2026-01-22 04:03:30,445 log 2227 130888054601408 Internal Server Error: /api/v1/dashboard/get_upcoming_appointments/
ERROR 2026-01-22 04:03:30,447 runserver 2227 130888185931456 HTTP GET /api/v1/dashboard/get_upcoming_appointments/ 500 [0.04, 172.18.0.10:55298]
ERROR 2026-01-22 04:03:50,768 log 2227 130888054601408 Internal Server Error: /api/v1/dashboard/get_upcoming_appointments/
ERROR 2026-01-22 04:03:50,775 runserver 2227 130888185931456 HTTP GET /api/v1/dashboard/get_upcoming_appointments/ 500 [0.08, 172.18.0.10:47390]
ERROR 2026-01-22 04:03:57,263 log 2227 130888054601408 Internal Server Error: /api/v1/dashboard/get_upcoming_appointments/
ERROR 2026-01-22 04:03:57,264 runserver 2227 130888185931456 HTTP GET /api/v1/dashboard/get_upcoming_appointments/ 500 [0.03, 172.18.0.10:55846]
ERROR 2026-01-22 04:04:01,999 log 2227 130888054601408 Internal Server Error: /api/v1/dashboard/get_upcoming_appointments/
ERROR 2026-01-22 04:04:02,001 runserver 2227 130888185931456 HTTP GET /api/v1/dashboard/get_upcoming_appointments/ 500 [0.04, 172.18.0.10:55858]
ERROR 2026-01-22 04:04:47,807 log 2227 130888054601408 Internal Server Error: /api/v1/dashboard/get_upcoming_appointments/
ERROR 2026-01-22 04:04:47,809 runserver 2227 130888185931456 HTTP GET /api/v1/dashboard/get_upcoming_appointments/ 500 [0.04, 172.18.0.10:36414]
ERROR 2026-01-22 04:04:54,611 log 2227 130888054601408 Internal Server Error: /api/v1/dashboard/get_upcoming_appointments/
ERROR 2026-01-22 04:04:54,613 runserver 2227 130888185931456 HTTP GET /api/v1/dashboard/get_upcoming_appointments/ 500 [0.05, 172.18.0.10:36422]
ERROR 2026-01-22 04:05:02,886 log 2227 130888054601408 Internal Server Error: /api/v1/dashboard/get_upcoming_appointments/
ERROR 2026-01-22 04:05:02,891 runserver 2227 130888185931456 HTTP GET /api/v1/dashboard/get_upcoming_appointments/ 500 [0.11, 172.18.0.10:48556]
ERROR 2026-01-22 04:05:04,334 log 2227 130888054601408 Internal Server Error: /api/v1/dashboard/get_upcoming_appointments/
ERROR 2026-01-22 04:05:04,340 runserver 2227 130888185931456 HTTP GET /api/v1/dashboard/get_upcoming_appointments/ 500 [0.11, 172.18.0.10:48572]
ERROR 2026-01-22 04:05:31,651 log 2227 130888054601408 Internal Server Error: /api/v1/dashboard/get_upcoming_appointments/
ERROR 2026-01-22 04:05:31,652 runserver 2227 130888185931456 HTTP GET /api/v1/dashboard/get_upcoming_appointments/ 500 [0.03, 172.18.0.10:58416]
ERROR 2026-01-22 04:05:34,882 log 2227 130888054601408 Internal Server Error: /api/v1/dashboard/get_upcoming_appointments/
ERROR 2026-01-22 04:05:34,884 runserver 2227 130888185931456 HTTP GET /api/v1/dashboard/get_upcoming_appointments/ 500 [0.03, 172.18.0.10:58434]
ERROR 2026-01-22 04:07:40,467 log 2434 130739114862272 Internal Server Error: /api/v1/dashboard/get_upcoming_appointments/
ERROR 2026-01-22 04:07:40,471 runserver 2434 130739247400640 HTTP GET /api/v1/dashboard/get_upcoming_appointments/ 500 [0.10, 172.18.0.10:39330]
ERROR 2026-01-22 04:09:28,897 log 2472 134496422717120 Internal Server Error: /api/v1/dashboard/get_upcoming_appointments/
ERROR 2026-01-22 04:09:28,898 runserver 2472 134496562099904 HTTP GET /api/v1/dashboard/get_upcoming_appointments/ 500 [0.06, 172.18.0.10:59982]
ERROR 2026-01-22 04:09:34,823 log 2472 134496422717120 Internal Server Error: /api/v1/dashboard/get_upcoming_appointments/
ERROR 2026-01-22 04:09:34,824 runserver 2472 134496562099904 HTTP GET /api/v1/dashboard/get_upcoming_appointments/ 500 [0.10, 172.18.0.10:57588]
ERROR 2026-01-22 04:11:47,652 log 2517 134773406160576 Internal Server Error: /api/v1/dashboard/get_upcoming_appointments/
ERROR 2026-01-22 04:11:47,654 runserver 2517 134773546108608 HTTP GET /api/v1/dashboard/get_upcoming_appointments/ 500 [0.10, 172.18.0.10:49036]
ERROR 2026-01-22 04:12:10,257 log 2531 136904792073920 Internal Server Error: /api/v1/dashboard/get_upcoming_appointments/
ERROR 2026-01-22 04:12:10,260 runserver 2531 136904924251840 HTTP GET /api/v1/dashboard/get_upcoming_appointments/ 500 [0.08, 172.18.0.10:49686]
ERROR 2026-01-22 04:12:16,218 log 2536 126402393269952 Internal Server Error: /api/v1/dashboard/get_upcoming_appointments/
ERROR 2026-01-22 04:12:16,220 runserver 2536 126402528360128 HTTP GET /api/v1/dashboard/get_upcoming_appointments/ 500 [0.05, 172.18.0.10:49724]
ERROR 2026-01-22 04:12:23,263 log 2536 126402393269952 Internal Server Error: /api/v1/dashboard/get_upcoming_appointments/
ERROR 2026-01-22 04:12:23,265 runserver 2536 126402528360128 HTTP GET /api/v1/dashboard/get_upcoming_appointments/ 500 [0.08, 172.18.0.10:51776]
ERROR 2026-01-23 23:39:12,680 log 13116 128828919756480 Internal Server Error: /api/v1/dashboard/get_user_stats/
ERROR 2026-01-23 23:39:12,684 runserver 13116 128829317150400 HTTP GET /api/v1/dashboard/get_user_stats/ 500 [0.08, 172.18.0.10:54374]
ERROR 2026-01-23 23:39:12,705 log 13116 128828936541888 Internal Server Error: /api/v1/dashboard/get_upcoming_appointments/
ERROR 2026-01-23 23:39:12,708 runserver 13116 128829317150400 HTTP GET /api/v1/dashboard/get_upcoming_appointments/ 500 [0.10, 172.18.0.10:54372]
ERROR 2026-01-23 23:39:12,712 log 13116 128828928149184 Internal Server Error: /api/v1/dashboard/get_recent_services/
ERROR 2026-01-23 23:39:12,715 runserver 13116 128829317150400 HTTP GET /api/v1/dashboard/get_recent_services/ 500 [0.11, 172.18.0.10:54362]
ERROR 2026-01-23 23:41:37,056 log 13116 128828928149184 Internal Server Error: /api/v1/subscription/create_subscription/
ERROR 2026-01-23 23:41:37,058 runserver 13116 128829317150400 HTTP POST /api/v1/subscription/create_subscription/ 500 [2.42, 172.18.0.10:36188]
ERROR 2026-02-04 23:10:17,577 log 7 140580199851712 Internal Server Error: /api/v1/dashboard/get_recent_services/
ERROR 2026-02-04 23:10:17,582 runserver 7 140580335109824 HTTP GET /api/v1/dashboard/get_recent_services/ 500 [0.12, 172.18.0.12:43828]
ERROR 2026-02-04 23:10:17,586 log 7 140580199851712 Internal Server Error: /api/v1/dashboard/get_upcoming_appointments/
ERROR 2026-02-04 23:10:17,592 runserver 7 140580335109824 HTTP GET /api/v1/dashboard/get_upcoming_appointments/ 500 [0.13, 172.18.0.12:43820]
ERROR 2026-02-04 23:10:30,036 log 7 140580199851712 Internal Server Error: /api/v1/dashboard/get_upcoming_appointments/
ERROR 2026-02-04 23:10:30,038 runserver 7 140580335109824 HTTP GET /api/v1/dashboard/get_upcoming_appointments/ 500 [0.05, 172.18.0.12:37416]
ERROR 2026-02-04 23:10:30,044 log 7 140580199851712 Internal Server Error: /api/v1/dashboard/get_recent_services/
ERROR 2026-02-04 23:10:30,047 runserver 7 140580335109824 HTTP GET /api/v1/dashboard/get_recent_services/ 500 [0.06, 172.18.0.12:37404]
ERROR 2026-02-04 23:10:49,751 log 7 140580199851712 Internal Server Error: /api/v1/dashboard/get_upcoming_appointments/
ERROR 2026-02-04 23:10:49,752 runserver 7 140580335109824 HTTP GET /api/v1/dashboard/get_upcoming_appointments/ 500 [0.02, 172.18.0.12:38880]
ERROR 2026-02-04 23:10:49,857 log 7 140580199851712 Internal Server Error: /api/v1/dashboard/get_recent_services/
ERROR 2026-02-04 23:10:49,860 runserver 7 140580335109824 HTTP GET /api/v1/dashboard/get_recent_services/ 500 [0.04, 172.18.0.12:38892]
ERROR 2026-02-04 23:29:45,504 log 7 140580092888768 Internal Server Error: /api/v1/dashboard/get_upcoming_appointments/
ERROR 2026-02-04 23:29:45,509 runserver 7 140580335109824 HTTP GET /api/v1/dashboard/get_upcoming_appointments/ 500 [0.09, 172.18.0.12:34936]
ERROR 2026-02-04 23:29:45,518 log 7 140580199851712 Internal Server Error: /api/v1/dashboard/get_recent_services/
ERROR 2026-02-04 23:29:45,520 runserver 7 140580335109824 HTTP GET /api/v1/dashboard/get_recent_services/ 500 [0.09, 172.18.0.12:34952]
ERROR 2026-02-04 23:29:48,038 log 7 140580092888768 Internal Server Error: /api/v1/dashboard/get_upcoming_appointments/
ERROR 2026-02-04 23:29:48,040 runserver 7 140580335109824 HTTP GET /api/v1/dashboard/get_upcoming_appointments/ 500 [0.05, 172.18.0.12:34980]
ERROR 2026-02-04 23:29:48,051 log 7 140580199851712 Internal Server Error: /api/v1/dashboard/get_recent_services/
ERROR 2026-02-04 23:29:48,053 runserver 7 140580335109824 HTTP GET /api/v1/dashboard/get_recent_services/ 500 [0.06, 172.18.0.12:34982]
ERROR 2026-02-04 23:29:51,400 log 7 140580092888768 Internal Server Error: /api/v1/dashboard/get_upcoming_appointments/
ERROR 2026-02-04 23:29:51,402 runserver 7 140580335109824 HTTP GET /api/v1/dashboard/get_upcoming_appointments/ 500 [0.05, 172.18.0.12:35000]
ERROR 2026-02-04 23:29:51,430 log 7 140580199851712 Internal Server Error: /api/v1/dashboard/get_recent_services/
ERROR 2026-02-04 23:29:51,432 runserver 7 140580335109824 HTTP GET /api/v1/dashboard/get_recent_services/ 500 [0.05, 172.18.0.12:35012]
ERROR 2026-02-04 23:29:54,249 log 7 140580092888768 Internal Server Error: /api/v1/dashboard/get_recent_services/
ERROR 2026-02-04 23:29:54,258 log 7 140580199851712 Internal Server Error: /api/v1/dashboard/get_upcoming_appointments/
ERROR 2026-02-04 23:29:54,268 runserver 7 140580335109824 HTTP GET /api/v1/dashboard/get_recent_services/ 500 [0.11, 172.18.0.12:57324]
ERROR 2026-02-04 23:29:54,275 runserver 7 140580335109824 HTTP GET /api/v1/dashboard/get_upcoming_appointments/ 500 [0.11, 172.18.0.12:57332]
ERROR 2026-02-04 23:29:56,998 log 7 140580092888768 Internal Server Error: /api/v1/dashboard/get_upcoming_appointments/
ERROR 2026-02-04 23:29:57,003 runserver 7 140580335109824 HTTP GET /api/v1/dashboard/get_upcoming_appointments/ 500 [0.09, 172.18.0.12:57360]
ERROR 2026-02-04 23:29:57,018 log 7 140580199851712 Internal Server Error: /api/v1/dashboard/get_recent_services/
ERROR 2026-02-04 23:29:57,021 runserver 7 140580335109824 HTTP GET /api/v1/dashboard/get_recent_services/ 500 [0.10, 172.18.0.12:57376]
ERROR 2026-02-04 23:30:42,256 log 7 140580092888768 Internal Server Error: /api/v1/dashboard/get_upcoming_appointments/
ERROR 2026-02-04 23:30:42,258 runserver 7 140580335109824 HTTP GET /api/v1/dashboard/get_upcoming_appointments/ 500 [0.03, 172.18.0.12:54144]
ERROR 2026-02-04 23:30:42,261 log 7 140580199851712 Internal Server Error: /api/v1/dashboard/get_recent_services/
ERROR 2026-02-04 23:30:42,262 runserver 7 140580335109824 HTTP GET /api/v1/dashboard/get_recent_services/ 500 [0.04, 172.18.0.12:54150]
ERROR 2026-02-15 17:06:59,464 log 804 138970411296448 Internal Server Error: /api/v1/partner/get_payout_details/
Traceback (most recent call last):
  File "/usr/local/lib/python3.11/site-packages/django/db/models/fields/related_descriptors.py", line 516, in __get__
    rel_obj = self.related.get_cached_value(instance)
              ^^^^^^^^^^^^^^^^^^^^^^^^^^^^^^^^^^^^^^^
  File "/usr/local/lib/python3.11/site-packages/django/db/models/fields/mixins.py", line 37, in get_cached_value
    return instance._state.fields_cache[self.cache_name]
           ~~~~~~~~~~~~~~~~~~~~~~~~~~~~^^^^^^^^^^^^^^^^^
KeyError: 'bank_account'

During handling of the above exception, another exception occurred:

Traceback (most recent call last):
  File "/usr/local/lib/python3.11/site-packages/django/db/backends/utils.py", line 105, in _execute
    return self.cursor.execute(sql, params)
           ^^^^^^^^^^^^^^^^^^^^^^^^^^^^^^^^
  File "/usr/local/lib/python3.11/site-packages/django/db/backends/sqlite3/base.py", line 360, in execute
    return super().execute(query, params)
           ^^^^^^^^^^^^^^^^^^^^^^^^^^^^^^
sqlite3.OperationalError: no such column: main_partnerbankaccount.iban

The above exception was the direct cause of the following exception:

Traceback (most recent call last):
  File "/usr/local/lib/python3.11/site-packages/asgiref/sync.py", line 557, in thread_handler
    raise exc_info[1]
  File "/usr/local/lib/python3.11/site-packages/django/core/handlers/exception.py", line 42, in inner
    response = await get_response(request)
               ^^^^^^^^^^^^^^^^^^^^^^^^^^^
  File "/usr/local/lib/python3.11/site-packages/asgiref/sync.py", line 557, in thread_handler
    raise exc_info[1]
  File "/usr/local/lib/python3.11/site-packages/django/core/handlers/base.py", line 253, in _get_response_async
    response = await wrapped_callback(
               ^^^^^^^^^^^^^^^^^^^^^^^
  File "/usr/local/lib/python3.11/site-packages/asgiref/sync.py", line 506, in __call__
    ret = await asyncio.shield(exec_coro)
          ^^^^^^^^^^^^^^^^^^^^^^^^^^^^^^^
  File "/usr/local/lib/python3.11/concurrent/futures/thread.py", line 58, in run
    result = self.fn(*self.args, **self.kwargs)
             ^^^^^^^^^^^^^^^^^^^^^^^^^^^^^^^^^^
  File "/usr/local/lib/python3.11/site-packages/asgiref/sync.py", line 561, in thread_handler
    return func(*args, **kwargs)
           ^^^^^^^^^^^^^^^^^^^^^
  File "/usr/local/lib/python3.11/site-packages/django/views/decorators/csrf.py", line 65, in _view_wrapper
    return view_func(request, *args, **kwargs)
           ^^^^^^^^^^^^^^^^^^^^^^^^^^^^^^^^^^^
  File "/usr/local/lib/python3.11/site-packages/django/views/generic/base.py", line 105, in view
    return self.dispatch(request, *args, **kwargs)
           ^^^^^^^^^^^^^^^^^^^^^^^^^^^^^^^^^^^^^^^
  File "/usr/local/lib/python3.11/site-packages/rest_framework/views.py", line 515, in dispatch
    response = self.handle_exception(exc)
               ^^^^^^^^^^^^^^^^^^^^^^^^^^
  File "/usr/local/lib/python3.11/site-packages/rest_framework/views.py", line 475, in handle_exception
    self.raise_uncaught_exception(exc)
  File "/usr/local/lib/python3.11/site-packages/rest_framework/views.py", line 486, in raise_uncaught_exception
    raise exc
  File "/usr/local/lib/python3.11/site-packages/rest_framework/views.py", line 512, in dispatch
    response = handler(request, *args, **kwargs)
               ^^^^^^^^^^^^^^^^^^^^^^^^^^^^^^^^^
  File "/app/main/views/partner.py", line 50, in get
    return handler(request)
           ^^^^^^^^^^^^^^^^
  File "/app/main/views/partner.py", line 245, in get_payout_details
    bank = partner.bank_account
           ^^^^^^^^^^^^^^^^^^^^
  File "/usr/local/lib/python3.11/site-packages/django/db/models/fields/related_descriptors.py", line 523, in __get__
    rel_obj = self.get_queryset(instance=instance).get(**filter_args)
              ^^^^^^^^^^^^^^^^^^^^^^^^^^^^^^^^^^^^^^^^^^^^^^^^^^^^^^^
  File "/usr/local/lib/python3.11/site-packages/django/db/models/query.py", line 631, in get
    num = len(clone)
          ^^^^^^^^^^
  File "/usr/local/lib/python3.11/site-packages/django/db/models/query.py", line 368, in __len__
    self._fetch_all()
  File "/usr/local/lib/python3.11/site-packages/django/db/models/query.py", line 1954, in _fetch_all
    self._result_cache = list(self._iterable_class(self))
                         ^^^^^^^^^^^^^^^^^^^^^^^^^^^^^^^^
  File "/usr/local/lib/python3.11/site-packages/django/db/models/query.py", line 93, in __iter__
    results = compiler.execute_sql(
              ^^^^^^^^^^^^^^^^^^^^^
  File "/usr/local/lib/python3.11/site-packages/django/db/models/sql/compiler.py", line 1623, in execute_sql
    cursor.execute(sql, params)
  File "/usr/local/lib/python3.11/site-packages/django/db/backends/utils.py", line 122, in execute
    return super().execute(sql, params)
           ^^^^^^^^^^^^^^^^^^^^^^^^^^^^
  File "/usr/local/lib/python3.11/site-packages/django/db/backends/utils.py", line 79, in execute
    return self._execute_with_wrappers(
           ^^^^^^^^^^^^^^^^^^^^^^^^^^^^
  File "/usr/local/lib/python3.11/site-packages/django/db/backends/utils.py", line 92, in _execute_with_wrappers
    return executor(sql, params, many, context)
           ^^^^^^^^^^^^^^^^^^^^^^^^^^^^^^^^^^^^
  File "/usr/local/lib/python3.11/site-packages/django/db/backends/utils.py", line 100, in _execute
    with self.db.wrap_database_errors:
  File "/usr/local/lib/python3.11/site-packages/django/db/utils.py", line 91, in __exit__
    raise dj_exc_value.with_traceback(traceback) from exc_value
  File "/usr/local/lib/python3.11/site-packages/django/db/backends/utils.py", line 105, in _execute
    return self.cursor.execute(sql, params)
           ^^^^^^^^^^^^^^^^^^^^^^^^^^^^^^^^
  File "/usr/local/lib/python3.11/site-packages/django/db/backends/sqlite3/base.py", line 360, in execute
    return super().execute(query, params)
           ^^^^^^^^^^^^^^^^^^^^^^^^^^^^^^
django.db.utils.OperationalError: no such column: main_partnerbankaccount.iban
ERROR 2026-02-15 17:06:59,484 runserver 804 138970543847104 HTTP GET /api/v1/partner/get_payout_details/ 500 [0.13, 172.18.0.6:33366]
ERROR 2026-02-15 17:07:01,722 log 804 138970411296448 Internal Server Error: /api/v1/partner/get_payout_details/
Traceback (most recent call last):
  File "/usr/local/lib/python3.11/site-packages/django/db/models/fields/related_descriptors.py", line 516, in __get__
    rel_obj = self.related.get_cached_value(instance)
              ^^^^^^^^^^^^^^^^^^^^^^^^^^^^^^^^^^^^^^^
  File "/usr/local/lib/python3.11/site-packages/django/db/models/fields/mixins.py", line 37, in get_cached_value
    return instance._state.fields_cache[self.cache_name]
           ~~~~~~~~~~~~~~~~~~~~~~~~~~~~^^^^^^^^^^^^^^^^^
KeyError: 'bank_account'

During handling of the above exception, another exception occurred:

Traceback (most recent call last):
  File "/usr/local/lib/python3.11/site-packages/django/db/backends/utils.py", line 105, in _execute
    return self.cursor.execute(sql, params)
           ^^^^^^^^^^^^^^^^^^^^^^^^^^^^^^^^
  File "/usr/local/lib/python3.11/site-packages/django/db/backends/sqlite3/base.py", line 360, in execute
    return super().execute(query, params)
           ^^^^^^^^^^^^^^^^^^^^^^^^^^^^^^
sqlite3.OperationalError: no such column: main_partnerbankaccount.iban

The above exception was the direct cause of the following exception:

Traceback (most recent call last):
  File "/usr/local/lib/python3.11/site-packages/asgiref/sync.py", line 557, in thread_handler
    raise exc_info[1]
  File "/usr/local/lib/python3.11/site-packages/django/core/handlers/exception.py", line 42, in inner
    response = await get_response(request)
               ^^^^^^^^^^^^^^^^^^^^^^^^^^^
  File "/usr/local/lib/python3.11/site-packages/asgiref/sync.py", line 557, in thread_handler
    raise exc_info[1]
  File "/usr/local/lib/python3.11/site-packages/django/core/handlers/base.py", line 253, in _get_response_async
    response = await wrapped_callback(
               ^^^^^^^^^^^^^^^^^^^^^^^
  File "/usr/local/lib/python3.11/site-packages/asgiref/sync.py", line 506, in __call__
    ret = await asyncio.shield(exec_coro)
          ^^^^^^^^^^^^^^^^^^^^^^^^^^^^^^^
  File "/usr/local/lib/python3.11/concurrent/futures/thread.py", line 58, in run
    result = self.fn(*self.args, **self.kwargs)
             ^^^^^^^^^^^^^^^^^^^^^^^^^^^^^^^^^^
  File "/usr/local/lib/python3.11/site-packages/asgiref/sync.py", line 561, in thread_handler
    return func(*args, **kwargs)
           ^^^^^^^^^^^^^^^^^^^^^
  File "/usr/local/lib/python3.11/site-packages/django/views/decorators/csrf.py", line 65, in _view_wrapper
    return view_func(request, *args, **kwargs)
           ^^^^^^^^^^^^^^^^^^^^^^^^^^^^^^^^^^^
  File "/usr/local/lib/python3.11/site-packages/django/views/generic/base.py", line 105, in view
    return self.dispatch(request, *args, **kwargs)
           ^^^^^^^^^^^^^^^^^^^^^^^^^^^^^^^^^^^^^^^
  File "/usr/local/lib/python3.11/site-packages/rest_framework/views.py", line 515, in dispatch
    response = self.handle_exception(exc)
               ^^^^^^^^^^^^^^^^^^^^^^^^^^
  File "/usr/local/lib/python3.11/site-packages/rest_framework/views.py", line 475, in handle_exception
    self.raise_uncaught_exception(exc)
  File "/usr/local/lib/python3.11/site-packages/rest_framework/views.py", line 486, in raise_uncaught_exception
    raise exc
  File "/usr/local/lib/python3.11/site-packages/rest_framework/views.py", line 512, in dispatch
    response = handler(request, *args, **kwargs)
               ^^^^^^^^^^^^^^^^^^^^^^^^^^^^^^^^^
  File "/app/main/views/partner.py", line 50, in get
    return handler(request)
           ^^^^^^^^^^^^^^^^
  File "/app/main/views/partner.py", line 245, in get_payout_details
    bank = partner.bank_account
           ^^^^^^^^^^^^^^^^^^^^
  File "/usr/local/lib/python3.11/site-packages/django/db/models/fields/related_descriptors.py", line 523, in __get__
    rel_obj = self.get_queryset(instance=instance).get(**filter_args)
              ^^^^^^^^^^^^^^^^^^^^^^^^^^^^^^^^^^^^^^^^^^^^^^^^^^^^^^^
  File "/usr/local/lib/python3.11/site-packages/django/db/models/query.py", line 631, in get
    num = len(clone)
          ^^^^^^^^^^
  File "/usr/local/lib/python3.11/site-packages/django/db/models/query.py", line 368, in __len__
    self._fetch_all()
  File "/usr/local/lib/python3.11/site-packages/django/db/models/query.py", line 1954, in _fetch_all
    self._result_cache = list(self._iterable_class(self))
                         ^^^^^^^^^^^^^^^^^^^^^^^^^^^^^^^^
  File "/usr/local/lib/python3.11/site-packages/django/db/models/query.py", line 93, in __iter__
    results = compiler.execute_sql(
              ^^^^^^^^^^^^^^^^^^^^^
  File "/usr/local/lib/python3.11/site-packages/django/db/models/sql/compiler.py", line 1623, in execute_sql
    cursor.execute(sql, params)
  File "/usr/local/lib/python3.11/site-packages/django/db/backends/utils.py", line 122, in execute
    return super().execute(sql, params)
           ^^^^^^^^^^^^^^^^^^^^^^^^^^^^
  File "/usr/local/lib/python3.11/site-packages/django/db/backends/utils.py", line 79, in execute
    return self._execute_with_wrappers(
           ^^^^^^^^^^^^^^^^^^^^^^^^^^^^
  File "/usr/local/lib/python3.11/site-packages/django/db/backends/utils.py", line 92, in _execute_with_wrappers
    return executor(sql, params, many, context)
           ^^^^^^^^^^^^^^^^^^^^^^^^^^^^^^^^^^^^
  File "/usr/local/lib/python3.11/site-packages/django/db/backends/utils.py", line 100, in _execute
    with self.db.wrap_database_errors:
  File "/usr/local/lib/python3.11/site-packages/django/db/utils.py", line 91, in __exit__
    raise dj_exc_value.with_traceback(traceback) from exc_value
  File "/usr/local/lib/python3.11/site-packages/django/db/backends/utils.py", line 105, in _execute
    return self.cursor.execute(sql, params)
           ^^^^^^^^^^^^^^^^^^^^^^^^^^^^^^^^
  File "/usr/local/lib/python3.11/site-packages/django/db/backends/sqlite3/base.py", line 360, in execute
    return super().execute(query, params)
           ^^^^^^^^^^^^^^^^^^^^^^^^^^^^^^
django.db.utils.OperationalError: no such column: main_partnerbankaccount.iban
ERROR 2026-02-15 17:07:01,729 runserver 804 138970543847104 HTTP GET /api/v1/partner/get_payout_details/ 500 [0.07, 172.18.0.6:33372]
ERROR 2026-02-15 17:07:02,398 log 804 138970411296448 Internal Server Error: /api/v1/partner/get_payout_details/
Traceback (most recent call last):
  File "/usr/local/lib/python3.11/site-packages/django/db/models/fields/related_descriptors.py", line 516, in __get__
    rel_obj = self.related.get_cached_value(instance)
              ^^^^^^^^^^^^^^^^^^^^^^^^^^^^^^^^^^^^^^^
  File "/usr/local/lib/python3.11/site-packages/django/db/models/fields/mixins.py", line 37, in get_cached_value
    return instance._state.fields_cache[self.cache_name]
           ~~~~~~~~~~~~~~~~~~~~~~~~~~~~^^^^^^^^^^^^^^^^^
KeyError: 'bank_account'

During handling of the above exception, another exception occurred:

Traceback (most recent call last):
  File "/usr/local/lib/python3.11/site-packages/django/db/backends/utils.py", line 105, in _execute
    return self.cursor.execute(sql, params)
           ^^^^^^^^^^^^^^^^^^^^^^^^^^^^^^^^
  File "/usr/local/lib/python3.11/site-packages/django/db/backends/sqlite3/base.py", line 360, in execute
    return super().execute(query, params)
           ^^^^^^^^^^^^^^^^^^^^^^^^^^^^^^
sqlite3.OperationalError: no such column: main_partnerbankaccount.iban

The above exception was the direct cause of the following exception:

Traceback (most recent call last):
  File "/usr/local/lib/python3.11/site-packages/asgiref/sync.py", line 557, in thread_handler
    raise exc_info[1]
  File "/usr/local/lib/python3.11/site-packages/django/core/handlers/exception.py", line 42, in inner
    response = await get_response(request)
               ^^^^^^^^^^^^^^^^^^^^^^^^^^^
  File "/usr/local/lib/python3.11/site-packages/asgiref/sync.py", line 557, in thread_handler
    raise exc_info[1]
  File "/usr/local/lib/python3.11/site-packages/django/core/handlers/base.py", line 253, in _get_response_async
    response = await wrapped_callback(
               ^^^^^^^^^^^^^^^^^^^^^^^
  File "/usr/local/lib/python3.11/site-packages/asgiref/sync.py", line 506, in __call__
    ret = await asyncio.shield(exec_coro)
          ^^^^^^^^^^^^^^^^^^^^^^^^^^^^^^^
  File "/usr/local/lib/python3.11/concurrent/futures/thread.py", line 58, in run
    result = self.fn(*self.args, **self.kwargs)
             ^^^^^^^^^^^^^^^^^^^^^^^^^^^^^^^^^^
  File "/usr/local/lib/python3.11/site-packages/asgiref/sync.py", line 561, in thread_handler
    return func(*args, **kwargs)
           ^^^^^^^^^^^^^^^^^^^^^
  File "/usr/local/lib/python3.11/site-packages/django/views/decorators/csrf.py", line 65, in _view_wrapper
    return view_func(request, *args, **kwargs)
           ^^^^^^^^^^^^^^^^^^^^^^^^^^^^^^^^^^^
  File "/usr/local/lib/python3.11/site-packages/django/views/generic/base.py", line 105, in view
    return self.dispatch(request, *args, **kwargs)
           ^^^^^^^^^^^^^^^^^^^^^^^^^^^^^^^^^^^^^^^
  File "/usr/local/lib/python3.11/site-packages/rest_framework/views.py", line 515, in dispatch
    response = self.handle_exception(exc)
               ^^^^^^^^^^^^^^^^^^^^^^^^^^
  File "/usr/local/lib/python3.11/site-packages/rest_framework/views.py", line 475, in handle_exception
    self.raise_uncaught_exception(exc)
  File "/usr/local/lib/python3.11/site-packages/rest_framework/views.py", line 486, in raise_uncaught_exception
    raise exc
  File "/usr/local/lib/python3.11/site-packages/rest_framework/views.py", line 512, in dispatch
    response = handler(request, *args, **kwargs)
               ^^^^^^^^^^^^^^^^^^^^^^^^^^^^^^^^^
  File "/app/main/views/partner.py", line 50, in get
    return handler(request)
           ^^^^^^^^^^^^^^^^
  File "/app/main/views/partner.py", line 245, in get_payout_details
    bank = partner.bank_account
           ^^^^^^^^^^^^^^^^^^^^
  File "/usr/local/lib/python3.11/site-packages/django/db/models/fields/related_descriptors.py", line 523, in __get__
    rel_obj = self.get_queryset(instance=instance).get(**filter_args)
              ^^^^^^^^^^^^^^^^^^^^^^^^^^^^^^^^^^^^^^^^^^^^^^^^^^^^^^^
  File "/usr/local/lib/python3.11/site-packages/django/db/models/query.py", line 631, in get
    num = len(clone)
          ^^^^^^^^^^
  File "/usr/local/lib/python3.11/site-packages/django/db/models/query.py", line 368, in __len__
    self._fetch_all()
  File "/usr/local/lib/python3.11/site-packages/django/db/models/query.py", line 1954, in _fetch_all
    self._result_cache = list(self._iterable_class(self))
                         ^^^^^^^^^^^^^^^^^^^^^^^^^^^^^^^^
  File "/usr/local/lib/python3.11/site-packages/django/db/models/query.py", line 93, in __iter__
    results = compiler.execute_sql(
              ^^^^^^^^^^^^^^^^^^^^^
  File "/usr/local/lib/python3.11/site-packages/django/db/models/sql/compiler.py", line 1623, in execute_sql
    cursor.execute(sql, params)
  File "/usr/local/lib/python3.11/site-packages/django/db/backends/utils.py", line 122, in execute
    return super().execute(sql, params)
           ^^^^^^^^^^^^^^^^^^^^^^^^^^^^
  File "/usr/local/lib/python3.11/site-packages/django/db/backends/utils.py", line 79, in execute
    return self._execute_with_wrappers(
           ^^^^^^^^^^^^^^^^^^^^^^^^^^^^
  File "/usr/local/lib/python3.11/site-packages/django/db/backends/utils.py", line 92, in _execute_with_wrappers
    return executor(sql, params, many, context)
           ^^^^^^^^^^^^^^^^^^^^^^^^^^^^^^^^^^^^
  File "/usr/local/lib/python3.11/site-packages/django/db/backends/utils.py", line 100, in _execute
    with self.db.wrap_database_errors:
  File "/usr/local/lib/python3.11/site-packages/django/db/utils.py", line 91, in __exit__
    raise dj_exc_value.with_traceback(traceback) from exc_value
  File "/usr/local/lib/python3.11/site-packages/django/db/backends/utils.py", line 105, in _execute
    return self.cursor.execute(sql, params)
           ^^^^^^^^^^^^^^^^^^^^^^^^^^^^^^^^
  File "/usr/local/lib/python3.11/site-packages/django/db/backends/sqlite3/base.py", line 360, in execute
    return super().execute(query, params)
           ^^^^^^^^^^^^^^^^^^^^^^^^^^^^^^
django.db.utils.OperationalError: no such column: main_partnerbankaccount.iban
ERROR 2026-02-15 17:07:02,407 runserver 804 138970543847104 HTTP GET /api/v1/partner/get_payout_details/ 500 [0.09, 172.18.0.6:33382]
ERROR 2026-02-15 17:07:04,173 log 804 138970411296448 Internal Server Error: /api/v1/partner/get_payout_details/
Traceback (most recent call last):
  File "/usr/local/lib/python3.11/site-packages/django/db/models/fields/related_descriptors.py", line 516, in __get__
    rel_obj = self.related.get_cached_value(instance)
              ^^^^^^^^^^^^^^^^^^^^^^^^^^^^^^^^^^^^^^^
  File "/usr/local/lib/python3.11/site-packages/django/db/models/fields/mixins.py", line 37, in get_cached_value
    return instance._state.fields_cache[self.cache_name]
           ~~~~~~~~~~~~~~~~~~~~~~~~~~~~^^^^^^^^^^^^^^^^^
KeyError: 'bank_account'

During handling of the above exception, another exception occurred:

Traceback (most recent call last):
  File "/usr/local/lib/python3.11/site-packages/django/db/backends/utils.py", line 105, in _execute
    return self.cursor.execute(sql, params)
           ^^^^^^^^^^^^^^^^^^^^^^^^^^^^^^^^
  File "/usr/local/lib/python3.11/site-packages/django/db/backends/sqlite3/base.py", line 360, in execute
    return super().execute(query, params)
           ^^^^^^^^^^^^^^^^^^^^^^^^^^^^^^
sqlite3.OperationalError: no such column: main_partnerbankaccount.iban

The above exception was the direct cause of the following exception:

Traceback (most recent call last):
  File "/usr/local/lib/python3.11/site-packages/asgiref/sync.py", line 557, in thread_handler
    raise exc_info[1]
  File "/usr/local/lib/python3.11/site-packages/django/core/handlers/exception.py", line 42, in inner
    response = await get_response(request)
               ^^^^^^^^^^^^^^^^^^^^^^^^^^^
  File "/usr/local/lib/python3.11/site-packages/asgiref/sync.py", line 557, in thread_handler
    raise exc_info[1]
  File "/usr/local/lib/python3.11/site-packages/django/core/handlers/base.py", line 253, in _get_response_async
    response = await wrapped_callback(
               ^^^^^^^^^^^^^^^^^^^^^^^
  File "/usr/local/lib/python3.11/site-packages/asgiref/sync.py", line 506, in __call__
    ret = await asyncio.shield(exec_coro)
          ^^^^^^^^^^^^^^^^^^^^^^^^^^^^^^^
  File "/usr/local/lib/python3.11/concurrent/futures/thread.py", line 58, in run
    result = self.fn(*self.args, **self.kwargs)
             ^^^^^^^^^^^^^^^^^^^^^^^^^^^^^^^^^^
  File "/usr/local/lib/python3.11/site-packages/asgiref/sync.py", line 561, in thread_handler
    return func(*args, **kwargs)
           ^^^^^^^^^^^^^^^^^^^^^
  File "/usr/local/lib/python3.11/site-packages/django/views/decorators/csrf.py", line 65, in _view_wrapper
    return view_func(request, *args, **kwargs)
           ^^^^^^^^^^^^^^^^^^^^^^^^^^^^^^^^^^^
  File "/usr/local/lib/python3.11/site-packages/django/views/generic/base.py", line 105, in view
    return self.dispatch(request, *args, **kwargs)
           ^^^^^^^^^^^^^^^^^^^^^^^^^^^^^^^^^^^^^^^
  File "/usr/local/lib/python3.11/site-packages/rest_framework/views.py", line 515, in dispatch
    response = self.handle_exception(exc)
               ^^^^^^^^^^^^^^^^^^^^^^^^^^
  File "/usr/local/lib/python3.11/site-packages/rest_framework/views.py", line 475, in handle_exception
    self.raise_uncaught_exception(exc)
  File "/usr/local/lib/python3.11/site-packages/rest_framework/views.py", line 486, in raise_uncaught_exception
    raise exc
  File "/usr/local/lib/python3.11/site-packages/rest_framework/views.py", line 512, in dispatch
    response = handler(request, *args, **kwargs)
               ^^^^^^^^^^^^^^^^^^^^^^^^^^^^^^^^^
  File "/app/main/views/partner.py", line 50, in get
    return handler(request)
           ^^^^^^^^^^^^^^^^
  File "/app/main/views/partner.py", line 245, in get_payout_details
    bank = partner.bank_account
           ^^^^^^^^^^^^^^^^^^^^
  File "/usr/local/lib/python3.11/site-packages/django/db/models/fields/related_descriptors.py", line 523, in __get__
    rel_obj = self.get_queryset(instance=instance).get(**filter_args)
              ^^^^^^^^^^^^^^^^^^^^^^^^^^^^^^^^^^^^^^^^^^^^^^^^^^^^^^^
  File "/usr/local/lib/python3.11/site-packages/django/db/models/query.py", line 631, in get
    num = len(clone)
          ^^^^^^^^^^
  File "/usr/local/lib/python3.11/site-packages/django/db/models/query.py", line 368, in __len__
    self._fetch_all()
  File "/usr/local/lib/python3.11/site-packages/django/db/models/query.py", line 1954, in _fetch_all
    self._result_cache = list(self._iterable_class(self))
                         ^^^^^^^^^^^^^^^^^^^^^^^^^^^^^^^^
  File "/usr/local/lib/python3.11/site-packages/django/db/models/query.py", line 93, in __iter__
    results = compiler.execute_sql(
              ^^^^^^^^^^^^^^^^^^^^^
  File "/usr/local/lib/python3.11/site-packages/django/db/models/sql/compiler.py", line 1623, in execute_sql
    cursor.execute(sql, params)
  File "/usr/local/lib/python3.11/site-packages/django/db/backends/utils.py", line 122, in execute
    return super().execute(sql, params)
           ^^^^^^^^^^^^^^^^^^^^^^^^^^^^
  File "/usr/local/lib/python3.11/site-packages/django/db/backends/utils.py", line 79, in execute
    return self._execute_with_wrappers(
           ^^^^^^^^^^^^^^^^^^^^^^^^^^^^
  File "/usr/local/lib/python3.11/site-packages/django/db/backends/utils.py", line 92, in _execute_with_wrappers
    return executor(sql, params, many, context)
           ^^^^^^^^^^^^^^^^^^^^^^^^^^^^^^^^^^^^
  File "/usr/local/lib/python3.11/site-packages/django/db/backends/utils.py", line 100, in _execute
    with self.db.wrap_database_errors:
  File "/usr/local/lib/python3.11/site-packages/django/db/utils.py", line 91, in __exit__
    raise dj_exc_value.with_traceback(traceback) from exc_value
  File "/usr/local/lib/python3.11/site-packages/django/db/backends/utils.py", line 105, in _execute
    return self.cursor.execute(sql, params)
           ^^^^^^^^^^^^^^^^^^^^^^^^^^^^^^^^
  File "/usr/local/lib/python3.11/site-packages/django/db/backends/sqlite3/base.py", line 360, in execute
    return super().execute(query, params)
           ^^^^^^^^^^^^^^^^^^^^^^^^^^^^^^
django.db.utils.OperationalError: no such column: main_partnerbankaccount.iban
ERROR 2026-02-15 17:07:04,184 runserver 804 138970543847104 HTTP GET /api/v1/partner/get_payout_details/ 500 [0.11, 172.18.0.6:33388]
ERROR 2026-02-15 17:07:11,899 log 804 138970411296448 Internal Server Error: /api/v1/partner/get_payout_details/
Traceback (most recent call last):
  File "/usr/local/lib/python3.11/site-packages/django/db/models/fields/related_descriptors.py", line 516, in __get__
    rel_obj = self.related.get_cached_value(instance)
              ^^^^^^^^^^^^^^^^^^^^^^^^^^^^^^^^^^^^^^^
  File "/usr/local/lib/python3.11/site-packages/django/db/models/fields/mixins.py", line 37, in get_cached_value
    return instance._state.fields_cache[self.cache_name]
           ~~~~~~~~~~~~~~~~~~~~~~~~~~~~^^^^^^^^^^^^^^^^^
KeyError: 'bank_account'

During handling of the above exception, another exception occurred:

Traceback (most recent call last):
  File "/usr/local/lib/python3.11/site-packages/django/db/backends/utils.py", line 105, in _execute
    return self.cursor.execute(sql, params)
           ^^^^^^^^^^^^^^^^^^^^^^^^^^^^^^^^
  File "/usr/local/lib/python3.11/site-packages/django/db/backends/sqlite3/base.py", line 360, in execute
    return super().execute(query, params)
           ^^^^^^^^^^^^^^^^^^^^^^^^^^^^^^
sqlite3.OperationalError: no such column: main_partnerbankaccount.iban

The above exception was the direct cause of the following exception:

Traceback (most recent call last):
  File "/usr/local/lib/python3.11/site-packages/asgiref/sync.py", line 557, in thread_handler
    raise exc_info[1]
  File "/usr/local/lib/python3.11/site-packages/django/core/handlers/exception.py", line 42, in inner
    response = await get_response(request)
               ^^^^^^^^^^^^^^^^^^^^^^^^^^^
  File "/usr/local/lib/python3.11/site-packages/asgiref/sync.py", line 557, in thread_handler
    raise exc_info[1]
  File "/usr/local/lib/python3.11/site-packages/django/core/handlers/base.py", line 253, in _get_response_async
    response = await wrapped_callback(
               ^^^^^^^^^^^^^^^^^^^^^^^
  File "/usr/local/lib/python3.11/site-packages/asgiref/sync.py", line 506, in __call__
    ret = await asyncio.shield(exec_coro)
          ^^^^^^^^^^^^^^^^^^^^^^^^^^^^^^^
  File "/usr/local/lib/python3.11/concurrent/futures/thread.py", line 58, in run
    result = self.fn(*self.args, **self.kwargs)
             ^^^^^^^^^^^^^^^^^^^^^^^^^^^^^^^^^^
  File "/usr/local/lib/python3.11/site-packages/asgiref/sync.py", line 561, in thread_handler
    return func(*args, **kwargs)
           ^^^^^^^^^^^^^^^^^^^^^
  File "/usr/local/lib/python3.11/site-packages/django/views/decorators/csrf.py", line 65, in _view_wrapper
    return view_func(request, *args, **kwargs)
           ^^^^^^^^^^^^^^^^^^^^^^^^^^^^^^^^^^^
  File "/usr/local/lib/python3.11/site-packages/django/views/generic/base.py", line 105, in view
    return self.dispatch(request, *args, **kwargs)
           ^^^^^^^^^^^^^^^^^^^^^^^^^^^^^^^^^^^^^^^
  File "/usr/local/lib/python3.11/site-packages/rest_framework/views.py", line 515, in dispatch
    response = self.handle_exception(exc)
               ^^^^^^^^^^^^^^^^^^^^^^^^^^
  File "/usr/local/lib/python3.11/site-packages/rest_framework/views.py", line 475, in handle_exception
    self.raise_uncaught_exception(exc)
  File "/usr/local/lib/python3.11/site-packages/rest_framework/views.py", line 486, in raise_uncaught_exception
    raise exc
  File "/usr/local/lib/python3.11/site-packages/rest_framework/views.py", line 512, in dispatch
    response = handler(request, *args, **kwargs)
               ^^^^^^^^^^^^^^^^^^^^^^^^^^^^^^^^^
  File "/app/main/views/partner.py", line 50, in get
    return handler(request)
           ^^^^^^^^^^^^^^^^
  File "/app/main/views/partner.py", line 245, in get_payout_details
    bank = partner.bank_account
           ^^^^^^^^^^^^^^^^^^^^
  File "/usr/local/lib/python3.11/site-packages/django/db/models/fields/related_descriptors.py", line 523, in __get__
    rel_obj = self.get_queryset(instance=instance).get(**filter_args)
              ^^^^^^^^^^^^^^^^^^^^^^^^^^^^^^^^^^^^^^^^^^^^^^^^^^^^^^^
  File "/usr/local/lib/python3.11/site-packages/django/db/models/query.py", line 631, in get
    num = len(clone)
          ^^^^^^^^^^
  File "/usr/local/lib/python3.11/site-packages/django/db/models/query.py", line 368, in __len__
    self._fetch_all()
  File "/usr/local/lib/python3.11/site-packages/django/db/models/query.py", line 1954, in _fetch_all
    self._result_cache = list(self._iterable_class(self))
                         ^^^^^^^^^^^^^^^^^^^^^^^^^^^^^^^^
  File "/usr/local/lib/python3.11/site-packages/django/db/models/query.py", line 93, in __iter__
    results = compiler.execute_sql(
              ^^^^^^^^^^^^^^^^^^^^^
  File "/usr/local/lib/python3.11/site-packages/django/db/models/sql/compiler.py", line 1623, in execute_sql
    cursor.execute(sql, params)
  File "/usr/local/lib/python3.11/site-packages/django/db/backends/utils.py", line 122, in execute
    return super().execute(sql, params)
           ^^^^^^^^^^^^^^^^^^^^^^^^^^^^
  File "/usr/local/lib/python3.11/site-packages/django/db/backends/utils.py", line 79, in execute
    return self._execute_with_wrappers(
           ^^^^^^^^^^^^^^^^^^^^^^^^^^^^
  File "/usr/local/lib/python3.11/site-packages/django/db/backends/utils.py", line 92, in _execute_with_wrappers
    return executor(sql, params, many, context)
           ^^^^^^^^^^^^^^^^^^^^^^^^^^^^^^^^^^^^
  File "/usr/local/lib/python3.11/site-packages/django/db/backends/utils.py", line 100, in _execute
    with self.db.wrap_database_errors:
  File "/usr/local/lib/python3.11/site-packages/django/db/utils.py", line 91, in __exit__
    raise dj_exc_value.with_traceback(traceback) from exc_value
  File "/usr/local/lib/python3.11/site-packages/django/db/backends/utils.py", line 105, in _execute
    return self.cursor.execute(sql, params)
           ^^^^^^^^^^^^^^^^^^^^^^^^^^^^^^^^
  File "/usr/local/lib/python3.11/site-packages/django/db/backends/sqlite3/base.py", line 360, in execute
    return super().execute(query, params)
           ^^^^^^^^^^^^^^^^^^^^^^^^^^^^^^
django.db.utils.OperationalError: no such column: main_partnerbankaccount.iban
ERROR 2026-02-15 17:07:11,906 runserver 804 138970543847104 HTTP GET /api/v1/partner/get_payout_details/ 500 [0.09, 172.18.0.6:33808]
ERROR 2026-02-15 17:08:20,874 log 804 138970411296448 Internal Server Error: /api/v1/partner/get_payout_details/
Traceback (most recent call last):
  File "/usr/local/lib/python3.11/site-packages/django/db/models/fields/related_descriptors.py", line 516, in __get__
    rel_obj = self.related.get_cached_value(instance)
              ^^^^^^^^^^^^^^^^^^^^^^^^^^^^^^^^^^^^^^^
  File "/usr/local/lib/python3.11/site-packages/django/db/models/fields/mixins.py", line 37, in get_cached_value
    return instance._state.fields_cache[self.cache_name]
           ~~~~~~~~~~~~~~~~~~~~~~~~~~~~^^^^^^^^^^^^^^^^^
KeyError: 'bank_account'

During handling of the above exception, another exception occurred:

Traceback (most recent call last):
  File "/usr/local/lib/python3.11/site-packages/django/db/backends/utils.py", line 105, in _execute
    return self.cursor.execute(sql, params)
           ^^^^^^^^^^^^^^^^^^^^^^^^^^^^^^^^
  File "/usr/local/lib/python3.11/site-packages/django/db/backends/sqlite3/base.py", line 360, in execute
    return super().execute(query, params)
           ^^^^^^^^^^^^^^^^^^^^^^^^^^^^^^
sqlite3.OperationalError: no such column: main_partnerbankaccount.iban

The above exception was the direct cause of the following exception:

Traceback (most recent call last):
  File "/usr/local/lib/python3.11/site-packages/asgiref/sync.py", line 557, in thread_handler
    raise exc_info[1]
  File "/usr/local/lib/python3.11/site-packages/django/core/handlers/exception.py", line 42, in inner
    response = await get_response(request)
               ^^^^^^^^^^^^^^^^^^^^^^^^^^^
  File "/usr/local/lib/python3.11/site-packages/asgiref/sync.py", line 557, in thread_handler
    raise exc_info[1]
  File "/usr/local/lib/python3.11/site-packages/django/core/handlers/base.py", line 253, in _get_response_async
    response = await wrapped_callback(
               ^^^^^^^^^^^^^^^^^^^^^^^
  File "/usr/local/lib/python3.11/site-packages/asgiref/sync.py", line 506, in __call__
    ret = await asyncio.shield(exec_coro)
          ^^^^^^^^^^^^^^^^^^^^^^^^^^^^^^^
  File "/usr/local/lib/python3.11/concurrent/futures/thread.py", line 58, in run
    result = self.fn(*self.args, **self.kwargs)
             ^^^^^^^^^^^^^^^^^^^^^^^^^^^^^^^^^^
  File "/usr/local/lib/python3.11/site-packages/asgiref/sync.py", line 561, in thread_handler
    return func(*args, **kwargs)
           ^^^^^^^^^^^^^^^^^^^^^
  File "/usr/local/lib/python3.11/site-packages/django/views/decorators/csrf.py", line 65, in _view_wrapper
    return view_func(request, *args, **kwargs)
           ^^^^^^^^^^^^^^^^^^^^^^^^^^^^^^^^^^^
  File "/usr/local/lib/python3.11/site-packages/django/views/generic/base.py", line 105, in view
    return self.dispatch(request, *args, **kwargs)
           ^^^^^^^^^^^^^^^^^^^^^^^^^^^^^^^^^^^^^^^
  File "/usr/local/lib/python3.11/site-packages/rest_framework/views.py", line 515, in dispatch
    response = self.handle_exception(exc)
               ^^^^^^^^^^^^^^^^^^^^^^^^^^
  File "/usr/local/lib/python3.11/site-packages/rest_framework/views.py", line 475, in handle_exception
    self.raise_uncaught_exception(exc)
  File "/usr/local/lib/python3.11/site-packages/rest_framework/views.py", line 486, in raise_uncaught_exception
    raise exc
  File "/usr/local/lib/python3.11/site-packages/rest_framework/views.py", line 512, in dispatch
    response = handler(request, *args, **kwargs)
               ^^^^^^^^^^^^^^^^^^^^^^^^^^^^^^^^^
  File "/app/main/views/partner.py", line 50, in get
    return handler(request)
           ^^^^^^^^^^^^^^^^
  File "/app/main/views/partner.py", line 245, in get_payout_details
    bank = partner.bank_account
           ^^^^^^^^^^^^^^^^^^^^
  File "/usr/local/lib/python3.11/site-packages/django/db/models/fields/related_descriptors.py", line 523, in __get__
    rel_obj = self.get_queryset(instance=instance).get(**filter_args)
              ^^^^^^^^^^^^^^^^^^^^^^^^^^^^^^^^^^^^^^^^^^^^^^^^^^^^^^^
  File "/usr/local/lib/python3.11/site-packages/django/db/models/query.py", line 631, in get
    num = len(clone)
          ^^^^^^^^^^
  File "/usr/local/lib/python3.11/site-packages/django/db/models/query.py", line 368, in __len__
    self._fetch_all()
  File "/usr/local/lib/python3.11/site-packages/django/db/models/query.py", line 1954, in _fetch_all
    self._result_cache = list(self._iterable_class(self))
                         ^^^^^^^^^^^^^^^^^^^^^^^^^^^^^^^^
  File "/usr/local/lib/python3.11/site-packages/django/db/models/query.py", line 93, in __iter__
    results = compiler.execute_sql(
              ^^^^^^^^^^^^^^^^^^^^^
  File "/usr/local/lib/python3.11/site-packages/django/db/models/sql/compiler.py", line 1623, in execute_sql
    cursor.execute(sql, params)
  File "/usr/local/lib/python3.11/site-packages/django/db/backends/utils.py", line 122, in execute
    return super().execute(sql, params)
           ^^^^^^^^^^^^^^^^^^^^^^^^^^^^
  File "/usr/local/lib/python3.11/site-packages/django/db/backends/utils.py", line 79, in execute
    return self._execute_with_wrappers(
           ^^^^^^^^^^^^^^^^^^^^^^^^^^^^
  File "/usr/local/lib/python3.11/site-packages/django/db/backends/utils.py", line 92, in _execute_with_wrappers
    return executor(sql, params, many, context)
           ^^^^^^^^^^^^^^^^^^^^^^^^^^^^^^^^^^^^
  File "/usr/local/lib/python3.11/site-packages/django/db/backends/utils.py", line 100, in _execute
    with self.db.wrap_database_errors:
  File "/usr/local/lib/python3.11/site-packages/django/db/utils.py", line 91, in __exit__
    raise dj_exc_value.with_traceback(traceback) from exc_value
  File "/usr/local/lib/python3.11/site-packages/django/db/backends/utils.py", line 105, in _execute
    return self.cursor.execute(sql, params)
           ^^^^^^^^^^^^^^^^^^^^^^^^^^^^^^^^
  File "/usr/local/lib/python3.11/site-packages/django/db/backends/sqlite3/base.py", line 360, in execute
    return super().execute(query, params)
           ^^^^^^^^^^^^^^^^^^^^^^^^^^^^^^
django.db.utils.OperationalError: no such column: main_partnerbankaccount.iban
ERROR 2026-02-15 17:08:20,881 runserver 804 138970543847104 HTTP GET /api/v1/partner/get_payout_details/ 500 [0.07, 172.18.0.6:39920]
ERROR 2026-02-15 17:08:21,693 log 804 138970411296448 Internal Server Error: /api/v1/partner/get_payout_details/
Traceback (most recent call last):
  File "/usr/local/lib/python3.11/site-packages/django/db/models/fields/related_descriptors.py", line 516, in __get__
    rel_obj = self.related.get_cached_value(instance)
              ^^^^^^^^^^^^^^^^^^^^^^^^^^^^^^^^^^^^^^^
  File "/usr/local/lib/python3.11/site-packages/django/db/models/fields/mixins.py", line 37, in get_cached_value
    return instance._state.fields_cache[self.cache_name]
           ~~~~~~~~~~~~~~~~~~~~~~~~~~~~^^^^^^^^^^^^^^^^^
KeyError: 'bank_account'

During handling of the above exception, another exception occurred:

Traceback (most recent call last):
  File "/usr/local/lib/python3.11/site-packages/django/db/backends/utils.py", line 105, in _execute
    return self.cursor.execute(sql, params)
           ^^^^^^^^^^^^^^^^^^^^^^^^^^^^^^^^
  File "/usr/local/lib/python3.11/site-packages/django/db/backends/sqlite3/base.py", line 360, in execute
    return super().execute(query, params)
           ^^^^^^^^^^^^^^^^^^^^^^^^^^^^^^
sqlite3.OperationalError: no such column: main_partnerbankaccount.iban

The above exception was the direct cause of the following exception:

Traceback (most recent call last):
  File "/usr/local/lib/python3.11/site-packages/asgiref/sync.py", line 557, in thread_handler
    raise exc_info[1]
  File "/usr/local/lib/python3.11/site-packages/django/core/handlers/exception.py", line 42, in inner
    response = await get_response(request)
               ^^^^^^^^^^^^^^^^^^^^^^^^^^^
  File "/usr/local/lib/python3.11/site-packages/asgiref/sync.py", line 557, in thread_handler
    raise exc_info[1]
  File "/usr/local/lib/python3.11/site-packages/django/core/handlers/base.py", line 253, in _get_response_async
    response = await wrapped_callback(
               ^^^^^^^^^^^^^^^^^^^^^^^
  File "/usr/local/lib/python3.11/site-packages/asgiref/sync.py", line 506, in __call__
    ret = await asyncio.shield(exec_coro)
          ^^^^^^^^^^^^^^^^^^^^^^^^^^^^^^^
  File "/usr/local/lib/python3.11/concurrent/futures/thread.py", line 58, in run
    result = self.fn(*self.args, **self.kwargs)
             ^^^^^^^^^^^^^^^^^^^^^^^^^^^^^^^^^^
  File "/usr/local/lib/python3.11/site-packages/asgiref/sync.py", line 561, in thread_handler
    return func(*args, **kwargs)
           ^^^^^^^^^^^^^^^^^^^^^
  File "/usr/local/lib/python3.11/site-packages/django/views/decorators/csrf.py", line 65, in _view_wrapper
    return view_func(request, *args, **kwargs)
           ^^^^^^^^^^^^^^^^^^^^^^^^^^^^^^^^^^^
  File "/usr/local/lib/python3.11/site-packages/django/views/generic/base.py", line 105, in view
    return self.dispatch(request, *args, **kwargs)
           ^^^^^^^^^^^^^^^^^^^^^^^^^^^^^^^^^^^^^^^
  File "/usr/local/lib/python3.11/site-packages/rest_framework/views.py", line 515, in dispatch
    response = self.handle_exception(exc)
               ^^^^^^^^^^^^^^^^^^^^^^^^^^
  File "/usr/local/lib/python3.11/site-packages/rest_framework/views.py", line 475, in handle_exception
    self.raise_uncaught_exception(exc)
  File "/usr/local/lib/python3.11/site-packages/rest_framework/views.py", line 486, in raise_uncaught_exception
    raise exc
  File "/usr/local/lib/python3.11/site-packages/rest_framework/views.py", line 512, in dispatch
    response = handler(request, *args, **kwargs)
               ^^^^^^^^^^^^^^^^^^^^^^^^^^^^^^^^^
  File "/app/main/views/partner.py", line 50, in get
    return handler(request)
           ^^^^^^^^^^^^^^^^
  File "/app/main/views/partner.py", line 245, in get_payout_details
    bank = partner.bank_account
           ^^^^^^^^^^^^^^^^^^^^
  File "/usr/local/lib/python3.11/site-packages/django/db/models/fields/related_descriptors.py", line 523, in __get__
    rel_obj = self.get_queryset(instance=instance).get(**filter_args)
              ^^^^^^^^^^^^^^^^^^^^^^^^^^^^^^^^^^^^^^^^^^^^^^^^^^^^^^^
  File "/usr/local/lib/python3.11/site-packages/django/db/models/query.py", line 631, in get
    num = len(clone)
          ^^^^^^^^^^
  File "/usr/local/lib/python3.11/site-packages/django/db/models/query.py", line 368, in __len__
    self._fetch_all()
  File "/usr/local/lib/python3.11/site-packages/django/db/models/query.py", line 1954, in _fetch_all
    self._result_cache = list(self._iterable_class(self))
                         ^^^^^^^^^^^^^^^^^^^^^^^^^^^^^^^^
  File "/usr/local/lib/python3.11/site-packages/django/db/models/query.py", line 93, in __iter__
    results = compiler.execute_sql(
              ^^^^^^^^^^^^^^^^^^^^^
  File "/usr/local/lib/python3.11/site-packages/django/db/models/sql/compiler.py", line 1623, in execute_sql
    cursor.execute(sql, params)
  File "/usr/local/lib/python3.11/site-packages/django/db/backends/utils.py", line 122, in execute
    return super().execute(sql, params)
           ^^^^^^^^^^^^^^^^^^^^^^^^^^^^
  File "/usr/local/lib/python3.11/site-packages/django/db/backends/utils.py", line 79, in execute
    return self._execute_with_wrappers(
           ^^^^^^^^^^^^^^^^^^^^^^^^^^^^
  File "/usr/local/lib/python3.11/site-packages/django/db/backends/utils.py", line 92, in _execute_with_wrappers
    return executor(sql, params, many, context)
           ^^^^^^^^^^^^^^^^^^^^^^^^^^^^^^^^^^^^
  File "/usr/local/lib/python3.11/site-packages/django/db/backends/utils.py", line 100, in _execute
    with self.db.wrap_database_errors:
  File "/usr/local/lib/python3.11/site-packages/django/db/utils.py", line 91, in __exit__
    raise dj_exc_value.with_traceback(traceback) from exc_value
  File "/usr/local/lib/python3.11/site-packages/django/db/backends/utils.py", line 105, in _execute
    return self.cursor.execute(sql, params)
           ^^^^^^^^^^^^^^^^^^^^^^^^^^^^^^^^
  File "/usr/local/lib/python3.11/site-packages/django/db/backends/sqlite3/base.py", line 360, in execute
    return super().execute(query, params)
           ^^^^^^^^^^^^^^^^^^^^^^^^^^^^^^
django.db.utils.OperationalError: no such column: main_partnerbankaccount.iban
ERROR 2026-02-15 17:08:21,701 runserver 804 138970543847104 HTTP GET /api/v1/partner/get_payout_details/ 500 [0.07, 172.18.0.6:48320]
ERROR 2026-02-15 17:08:25,660 log 804 138970411296448 Internal Server Error: /api/v1/partner/get_payout_details/
Traceback (most recent call last):
  File "/usr/local/lib/python3.11/site-packages/django/db/models/fields/related_descriptors.py", line 516, in __get__
    rel_obj = self.related.get_cached_value(instance)
              ^^^^^^^^^^^^^^^^^^^^^^^^^^^^^^^^^^^^^^^
  File "/usr/local/lib/python3.11/site-packages/django/db/models/fields/mixins.py", line 37, in get_cached_value
    return instance._state.fields_cache[self.cache_name]
           ~~~~~~~~~~~~~~~~~~~~~~~~~~~~^^^^^^^^^^^^^^^^^
KeyError: 'bank_account'

During handling of the above exception, another exception occurred:

Traceback (most recent call last):
  File "/usr/local/lib/python3.11/site-packages/django/db/backends/utils.py", line 105, in _execute
    return self.cursor.execute(sql, params)
           ^^^^^^^^^^^^^^^^^^^^^^^^^^^^^^^^
  File "/usr/local/lib/python3.11/site-packages/django/db/backends/sqlite3/base.py", line 360, in execute
    return super().execute(query, params)
           ^^^^^^^^^^^^^^^^^^^^^^^^^^^^^^
sqlite3.OperationalError: no such column: main_partnerbankaccount.iban

The above exception was the direct cause of the following exception:

Traceback (most recent call last):
  File "/usr/local/lib/python3.11/site-packages/asgiref/sync.py", line 557, in thread_handler
    raise exc_info[1]
  File "/usr/local/lib/python3.11/site-packages/django/core/handlers/exception.py", line 42, in inner
    response = await get_response(request)
               ^^^^^^^^^^^^^^^^^^^^^^^^^^^
  File "/usr/local/lib/python3.11/site-packages/asgiref/sync.py", line 557, in thread_handler
    raise exc_info[1]
  File "/usr/local/lib/python3.11/site-packages/django/core/handlers/base.py", line 253, in _get_response_async
    response = await wrapped_callback(
               ^^^^^^^^^^^^^^^^^^^^^^^
  File "/usr/local/lib/python3.11/site-packages/asgiref/sync.py", line 506, in __call__
    ret = await asyncio.shield(exec_coro)
          ^^^^^^^^^^^^^^^^^^^^^^^^^^^^^^^
  File "/usr/local/lib/python3.11/concurrent/futures/thread.py", line 58, in run
    result = self.fn(*self.args, **self.kwargs)
             ^^^^^^^^^^^^^^^^^^^^^^^^^^^^^^^^^^
  File "/usr/local/lib/python3.11/site-packages/asgiref/sync.py", line 561, in thread_handler
    return func(*args, **kwargs)
           ^^^^^^^^^^^^^^^^^^^^^
  File "/usr/local/lib/python3.11/site-packages/django/views/decorators/csrf.py", line 65, in _view_wrapper
    return view_func(request, *args, **kwargs)
           ^^^^^^^^^^^^^^^^^^^^^^^^^^^^^^^^^^^
  File "/usr/local/lib/python3.11/site-packages/django/views/generic/base.py", line 105, in view
    return self.dispatch(request, *args, **kwargs)
           ^^^^^^^^^^^^^^^^^^^^^^^^^^^^^^^^^^^^^^^
  File "/usr/local/lib/python3.11/site-packages/rest_framework/views.py", line 515, in dispatch
    response = self.handle_exception(exc)
               ^^^^^^^^^^^^^^^^^^^^^^^^^^
  File "/usr/local/lib/python3.11/site-packages/rest_framework/views.py", line 475, in handle_exception
    self.raise_uncaught_exception(exc)
  File "/usr/local/lib/python3.11/site-packages/rest_framework/views.py", line 486, in raise_uncaught_exception
    raise exc
  File "/usr/local/lib/python3.11/site-packages/rest_framework/views.py", line 512, in dispatch
    response = handler(request, *args, **kwargs)
               ^^^^^^^^^^^^^^^^^^^^^^^^^^^^^^^^^
  File "/app/main/views/partner.py", line 50, in get
    return handler(request)
           ^^^^^^^^^^^^^^^^
  File "/app/main/views/partner.py", line 245, in get_payout_details
    bank = partner.bank_account
           ^^^^^^^^^^^^^^^^^^^^
  File "/usr/local/lib/python3.11/site-packages/django/db/models/fields/related_descriptors.py", line 523, in __get__
    rel_obj = self.get_queryset(instance=instance).get(**filter_args)
              ^^^^^^^^^^^^^^^^^^^^^^^^^^^^^^^^^^^^^^^^^^^^^^^^^^^^^^^
  File "/usr/local/lib/python3.11/site-packages/django/db/models/query.py", line 631, in get
    num = len(clone)
          ^^^^^^^^^^
  File "/usr/local/lib/python3.11/site-packages/django/db/models/query.py", line 368, in __len__
    self._fetch_all()
  File "/usr/local/lib/python3.11/site-packages/django/db/models/query.py", line 1954, in _fetch_all
    self._result_cache = list(self._iterable_class(self))
                         ^^^^^^^^^^^^^^^^^^^^^^^^^^^^^^^^
  File "/usr/local/lib/python3.11/site-packages/django/db/models/query.py", line 93, in __iter__
    results = compiler.execute_sql(
              ^^^^^^^^^^^^^^^^^^^^^
  File "/usr/local/lib/python3.11/site-packages/django/db/models/sql/compiler.py", line 1623, in execute_sql
    cursor.execute(sql, params)
  File "/usr/local/lib/python3.11/site-packages/django/db/backends/utils.py", line 122, in execute
    return super().execute(sql, params)
           ^^^^^^^^^^^^^^^^^^^^^^^^^^^^
  File "/usr/local/lib/python3.11/site-packages/django/db/backends/utils.py", line 79, in execute
    return self._execute_with_wrappers(
           ^^^^^^^^^^^^^^^^^^^^^^^^^^^^
  File "/usr/local/lib/python3.11/site-packages/django/db/backends/utils.py", line 92, in _execute_with_wrappers
    return executor(sql, params, many, context)
           ^^^^^^^^^^^^^^^^^^^^^^^^^^^^^^^^^^^^
  File "/usr/local/lib/python3.11/site-packages/django/db/backends/utils.py", line 100, in _execute
    with self.db.wrap_database_errors:
  File "/usr/local/lib/python3.11/site-packages/django/db/utils.py", line 91, in __exit__
    raise dj_exc_value.with_traceback(traceback) from exc_value
  File "/usr/local/lib/python3.11/site-packages/django/db/backends/utils.py", line 105, in _execute
    return self.cursor.execute(sql, params)
           ^^^^^^^^^^^^^^^^^^^^^^^^^^^^^^^^
  File "/usr/local/lib/python3.11/site-packages/django/db/backends/sqlite3/base.py", line 360, in execute
    return super().execute(query, params)
           ^^^^^^^^^^^^^^^^^^^^^^^^^^^^^^
django.db.utils.OperationalError: no such column: main_partnerbankaccount.iban
ERROR 2026-02-15 17:08:25,666 runserver 804 138970543847104 HTTP GET /api/v1/partner/get_payout_details/ 500 [0.06, 172.18.0.6:48324]
ERROR 2026-02-15 17:08:26,278 log 804 138970411296448 Internal Server Error: /api/v1/partner/get_payout_details/
Traceback (most recent call last):
  File "/usr/local/lib/python3.11/site-packages/django/db/models/fields/related_descriptors.py", line 516, in __get__
    rel_obj = self.related.get_cached_value(instance)
              ^^^^^^^^^^^^^^^^^^^^^^^^^^^^^^^^^^^^^^^
  File "/usr/local/lib/python3.11/site-packages/django/db/models/fields/mixins.py", line 37, in get_cached_value
    return instance._state.fields_cache[self.cache_name]
           ~~~~~~~~~~~~~~~~~~~~~~~~~~~~^^^^^^^^^^^^^^^^^
KeyError: 'bank_account'

During handling of the above exception, another exception occurred:

Traceback (most recent call last):
  File "/usr/local/lib/python3.11/site-packages/django/db/backends/utils.py", line 105, in _execute
    return self.cursor.execute(sql, params)
           ^^^^^^^^^^^^^^^^^^^^^^^^^^^^^^^^
  File "/usr/local/lib/python3.11/site-packages/django/db/backends/sqlite3/base.py", line 360, in execute
    return super().execute(query, params)
           ^^^^^^^^^^^^^^^^^^^^^^^^^^^^^^
sqlite3.OperationalError: no such column: main_partnerbankaccount.iban

The above exception was the direct cause of the following exception:

Traceback (most recent call last):
  File "/usr/local/lib/python3.11/site-packages/asgiref/sync.py", line 557, in thread_handler
    raise exc_info[1]
  File "/usr/local/lib/python3.11/site-packages/django/core/handlers/exception.py", line 42, in inner
    response = await get_response(request)
               ^^^^^^^^^^^^^^^^^^^^^^^^^^^
  File "/usr/local/lib/python3.11/site-packages/asgiref/sync.py", line 557, in thread_handler
    raise exc_info[1]
  File "/usr/local/lib/python3.11/site-packages/django/core/handlers/base.py", line 253, in _get_response_async
    response = await wrapped_callback(
               ^^^^^^^^^^^^^^^^^^^^^^^
  File "/usr/local/lib/python3.11/site-packages/asgiref/sync.py", line 506, in __call__
    ret = await asyncio.shield(exec_coro)
          ^^^^^^^^^^^^^^^^^^^^^^^^^^^^^^^
  File "/usr/local/lib/python3.11/concurrent/futures/thread.py", line 58, in run
    result = self.fn(*self.args, **self.kwargs)
             ^^^^^^^^^^^^^^^^^^^^^^^^^^^^^^^^^^
  File "/usr/local/lib/python3.11/site-packages/asgiref/sync.py", line 561, in thread_handler
    return func(*args, **kwargs)
           ^^^^^^^^^^^^^^^^^^^^^
  File "/usr/local/lib/python3.11/site-packages/django/views/decorators/csrf.py", line 65, in _view_wrapper
    return view_func(request, *args, **kwargs)
           ^^^^^^^^^^^^^^^^^^^^^^^^^^^^^^^^^^^
  File "/usr/local/lib/python3.11/site-packages/django/views/generic/base.py", line 105, in view
    return self.dispatch(request, *args, **kwargs)
           ^^^^^^^^^^^^^^^^^^^^^^^^^^^^^^^^^^^^^^^
  File "/usr/local/lib/python3.11/site-packages/rest_framework/views.py", line 515, in dispatch
    response = self.handle_exception(exc)
               ^^^^^^^^^^^^^^^^^^^^^^^^^^
  File "/usr/local/lib/python3.11/site-packages/rest_framework/views.py", line 475, in handle_exception
    self.raise_uncaught_exception(exc)
  File "/usr/local/lib/python3.11/site-packages/rest_framework/views.py", line 486, in raise_uncaught_exception
    raise exc
  File "/usr/local/lib/python3.11/site-packages/rest_framework/views.py", line 512, in dispatch
    response = handler(request, *args, **kwargs)
               ^^^^^^^^^^^^^^^^^^^^^^^^^^^^^^^^^
  File "/app/main/views/partner.py", line 50, in get
    return handler(request)
           ^^^^^^^^^^^^^^^^
  File "/app/main/views/partner.py", line 245, in get_payout_details
    bank = partner.bank_account
           ^^^^^^^^^^^^^^^^^^^^
  File "/usr/local/lib/python3.11/site-packages/django/db/models/fields/related_descriptors.py", line 523, in __get__
    rel_obj = self.get_queryset(instance=instance).get(**filter_args)
              ^^^^^^^^^^^^^^^^^^^^^^^^^^^^^^^^^^^^^^^^^^^^^^^^^^^^^^^
  File "/usr/local/lib/python3.11/site-packages/django/db/models/query.py", line 631, in get
    num = len(clone)
          ^^^^^^^^^^
  File "/usr/local/lib/python3.11/site-packages/django/db/models/query.py", line 368, in __len__
    self._fetch_all()
  File "/usr/local/lib/python3.11/site-packages/django/db/models/query.py", line 1954, in _fetch_all
    self._result_cache = list(self._iterable_class(self))
                         ^^^^^^^^^^^^^^^^^^^^^^^^^^^^^^^^
  File "/usr/local/lib/python3.11/site-packages/django/db/models/query.py", line 93, in __iter__
    results = compiler.execute_sql(
              ^^^^^^^^^^^^^^^^^^^^^
  File "/usr/local/lib/python3.11/site-packages/django/db/models/sql/compiler.py", line 1623, in execute_sql
    cursor.execute(sql, params)
  File "/usr/local/lib/python3.11/site-packages/django/db/backends/utils.py", line 122, in execute
    return super().execute(sql, params)
           ^^^^^^^^^^^^^^^^^^^^^^^^^^^^
  File "/usr/local/lib/python3.11/site-packages/django/db/backends/utils.py", line 79, in execute
    return self._execute_with_wrappers(
           ^^^^^^^^^^^^^^^^^^^^^^^^^^^^
  File "/usr/local/lib/python3.11/site-packages/django/db/backends/utils.py", line 92, in _execute_with_wrappers
    return executor(sql, params, many, context)
           ^^^^^^^^^^^^^^^^^^^^^^^^^^^^^^^^^^^^
  File "/usr/local/lib/python3.11/site-packages/django/db/backends/utils.py", line 100, in _execute
    with self.db.wrap_database_errors:
  File "/usr/local/lib/python3.11/site-packages/django/db/utils.py", line 91, in __exit__
    raise dj_exc_value.with_traceback(traceback) from exc_value
  File "/usr/local/lib/python3.11/site-packages/django/db/backends/utils.py", line 105, in _execute
    return self.cursor.execute(sql, params)
           ^^^^^^^^^^^^^^^^^^^^^^^^^^^^^^^^
  File "/usr/local/lib/python3.11/site-packages/django/db/backends/sqlite3/base.py", line 360, in execute
    return super().execute(query, params)
           ^^^^^^^^^^^^^^^^^^^^^^^^^^^^^^
django.db.utils.OperationalError: no such column: main_partnerbankaccount.iban
ERROR 2026-02-15 17:08:26,284 runserver 804 138970543847104 HTTP GET /api/v1/partner/get_payout_details/ 500 [0.05, 172.18.0.6:48340]
ERROR 2026-02-15 17:08:35,374 log 804 138970411296448 Internal Server Error: /api/v1/partner/get_payout_details/
Traceback (most recent call last):
  File "/usr/local/lib/python3.11/site-packages/django/db/models/fields/related_descriptors.py", line 516, in __get__
    rel_obj = self.related.get_cached_value(instance)
              ^^^^^^^^^^^^^^^^^^^^^^^^^^^^^^^^^^^^^^^
  File "/usr/local/lib/python3.11/site-packages/django/db/models/fields/mixins.py", line 37, in get_cached_value
    return instance._state.fields_cache[self.cache_name]
           ~~~~~~~~~~~~~~~~~~~~~~~~~~~~^^^^^^^^^^^^^^^^^
KeyError: 'bank_account'

During handling of the above exception, another exception occurred:

Traceback (most recent call last):
  File "/usr/local/lib/python3.11/site-packages/django/db/backends/utils.py", line 105, in _execute
    return self.cursor.execute(sql, params)
           ^^^^^^^^^^^^^^^^^^^^^^^^^^^^^^^^
  File "/usr/local/lib/python3.11/site-packages/django/db/backends/sqlite3/base.py", line 360, in execute
    return super().execute(query, params)
           ^^^^^^^^^^^^^^^^^^^^^^^^^^^^^^
sqlite3.OperationalError: no such column: main_partnerbankaccount.iban

The above exception was the direct cause of the following exception:

Traceback (most recent call last):
  File "/usr/local/lib/python3.11/site-packages/asgiref/sync.py", line 557, in thread_handler
    raise exc_info[1]
  File "/usr/local/lib/python3.11/site-packages/django/core/handlers/exception.py", line 42, in inner
    response = await get_response(request)
               ^^^^^^^^^^^^^^^^^^^^^^^^^^^
  File "/usr/local/lib/python3.11/site-packages/asgiref/sync.py", line 557, in thread_handler
    raise exc_info[1]
  File "/usr/local/lib/python3.11/site-packages/django/core/handlers/base.py", line 253, in _get_response_async
    response = await wrapped_callback(
               ^^^^^^^^^^^^^^^^^^^^^^^
  File "/usr/local/lib/python3.11/site-packages/asgiref/sync.py", line 506, in __call__
    ret = await asyncio.shield(exec_coro)
          ^^^^^^^^^^^^^^^^^^^^^^^^^^^^^^^
  File "/usr/local/lib/python3.11/concurrent/futures/thread.py", line 58, in run
    result = self.fn(*self.args, **self.kwargs)
             ^^^^^^^^^^^^^^^^^^^^^^^^^^^^^^^^^^
  File "/usr/local/lib/python3.11/site-packages/asgiref/sync.py", line 561, in thread_handler
    return func(*args, **kwargs)
           ^^^^^^^^^^^^^^^^^^^^^
  File "/usr/local/lib/python3.11/site-packages/django/views/decorators/csrf.py", line 65, in _view_wrapper
    return view_func(request, *args, **kwargs)
           ^^^^^^^^^^^^^^^^^^^^^^^^^^^^^^^^^^^
  File "/usr/local/lib/python3.11/site-packages/django/views/generic/base.py", line 105, in view
    return self.dispatch(request, *args, **kwargs)
           ^^^^^^^^^^^^^^^^^^^^^^^^^^^^^^^^^^^^^^^
  File "/usr/local/lib/python3.11/site-packages/rest_framework/views.py", line 515, in dispatch
    response = self.handle_exception(exc)
               ^^^^^^^^^^^^^^^^^^^^^^^^^^
  File "/usr/local/lib/python3.11/site-packages/rest_framework/views.py", line 475, in handle_exception
    self.raise_uncaught_exception(exc)
  File "/usr/local/lib/python3.11/site-packages/rest_framework/views.py", line 486, in raise_uncaught_exception
    raise exc
  File "/usr/local/lib/python3.11/site-packages/rest_framework/views.py", line 512, in dispatch
    response = handler(request, *args, **kwargs)
               ^^^^^^^^^^^^^^^^^^^^^^^^^^^^^^^^^
  File "/app/main/views/partner.py", line 50, in get
    return handler(request)
           ^^^^^^^^^^^^^^^^
  File "/app/main/views/partner.py", line 245, in get_payout_details
    bank = partner.bank_account
           ^^^^^^^^^^^^^^^^^^^^
  File "/usr/local/lib/python3.11/site-packages/django/db/models/fields/related_descriptors.py", line 523, in __get__
    rel_obj = self.get_queryset(instance=instance).get(**filter_args)
              ^^^^^^^^^^^^^^^^^^^^^^^^^^^^^^^^^^^^^^^^^^^^^^^^^^^^^^^
  File "/usr/local/lib/python3.11/site-packages/django/db/models/query.py", line 631, in get
    num = len(clone)
          ^^^^^^^^^^
  File "/usr/local/lib/python3.11/site-packages/django/db/models/query.py", line 368, in __len__
    self._fetch_all()
  File "/usr/local/lib/python3.11/site-packages/django/db/models/query.py", line 1954, in _fetch_all
    self._result_cache = list(self._iterable_class(self))
                         ^^^^^^^^^^^^^^^^^^^^^^^^^^^^^^^^
  File "/usr/local/lib/python3.11/site-packages/django/db/models/query.py", line 93, in __iter__
    results = compiler.execute_sql(
              ^^^^^^^^^^^^^^^^^^^^^
  File "/usr/local/lib/python3.11/site-packages/django/db/models/sql/compiler.py", line 1623, in execute_sql
    cursor.execute(sql, params)
  File "/usr/local/lib/python3.11/site-packages/django/db/backends/utils.py", line 122, in execute
    return super().execute(sql, params)
           ^^^^^^^^^^^^^^^^^^^^^^^^^^^^
  File "/usr/local/lib/python3.11/site-packages/django/db/backends/utils.py", line 79, in execute
    return self._execute_with_wrappers(
           ^^^^^^^^^^^^^^^^^^^^^^^^^^^^
  File "/usr/local/lib/python3.11/site-packages/django/db/backends/utils.py", line 92, in _execute_with_wrappers
    return executor(sql, params, many, context)
           ^^^^^^^^^^^^^^^^^^^^^^^^^^^^^^^^^^^^
  File "/usr/local/lib/python3.11/site-packages/django/db/backends/utils.py", line 100, in _execute
    with self.db.wrap_database_errors:
  File "/usr/local/lib/python3.11/site-packages/django/db/utils.py", line 91, in __exit__
    raise dj_exc_value.with_traceback(traceback) from exc_value
  File "/usr/local/lib/python3.11/site-packages/django/db/backends/utils.py", line 105, in _execute
    return self.cursor.execute(sql, params)
           ^^^^^^^^^^^^^^^^^^^^^^^^^^^^^^^^
  File "/usr/local/lib/python3.11/site-packages/django/db/backends/sqlite3/base.py", line 360, in execute
    return super().execute(query, params)
           ^^^^^^^^^^^^^^^^^^^^^^^^^^^^^^
django.db.utils.OperationalError: no such column: main_partnerbankaccount.iban
ERROR 2026-02-15 17:08:35,381 runserver 804 138970543847104 HTTP GET /api/v1/partner/get_payout_details/ 500 [0.06, 172.18.0.6:57048]
ERROR 2026-02-15 21:14:50,708 log 1423 135962466174656 Internal Server Error: /api/v1/payment/stripe-webhook
Traceback (most recent call last):
  File "/usr/local/lib/python3.11/site-packages/asgiref/sync.py", line 557, in thread_handler
    raise exc_info[1]
  File "/usr/local/lib/python3.11/site-packages/django/core/handlers/exception.py", line 42, in inner
    response = await get_response(request)
               ^^^^^^^^^^^^^^^^^^^^^^^^^^^
  File "/usr/local/lib/python3.11/site-packages/django/utils/deprecation.py", line 138, in __acall__
    response = await sync_to_async(
               ^^^^^^^^^^^^^^^^^^^^
  File "/usr/local/lib/python3.11/site-packages/asgiref/sync.py", line 506, in __call__
    ret = await asyncio.shield(exec_coro)
          ^^^^^^^^^^^^^^^^^^^^^^^^^^^^^^^
  File "/usr/local/lib/python3.11/concurrent/futures/thread.py", line 58, in run
    result = self.fn(*self.args, **self.kwargs)
             ^^^^^^^^^^^^^^^^^^^^^^^^^^^^^^^^^^
  File "/usr/local/lib/python3.11/site-packages/asgiref/sync.py", line 561, in thread_handler
    return func(*args, **kwargs)
           ^^^^^^^^^^^^^^^^^^^^^
  File "/usr/local/lib/python3.11/site-packages/django/middleware/common.py", line 108, in process_response
    return self.response_redirect_class(self.get_full_path_with_slash(request))
                                        ^^^^^^^^^^^^^^^^^^^^^^^^^^^^^^^^^^^^^^
  File "/usr/local/lib/python3.11/site-packages/django/middleware/common.py", line 87, in get_full_path_with_slash
    raise RuntimeError(
RuntimeError: You called this URL via POST, but the URL doesn't end in a slash and you have APPEND_SLASH set. Django can't redirect to the slash URL while maintaining POST data. Change your form to point to 0c60-2a02-8084-c80-ea80-c1fc-2938-23f4-4da1.ngrok-free.app/api/v1/payment/stripe-webhook/ (note the trailing slash), or set APPEND_SLASH=False in your Django settings.
ERROR 2026-02-15 21:14:50,754 log 1423 135962457781952 Internal Server Error: /api/v1/payment/stripe-webhook
Traceback (most recent call last):
  File "/usr/local/lib/python3.11/site-packages/asgiref/sync.py", line 557, in thread_handler
    raise exc_info[1]
  File "/usr/local/lib/python3.11/site-packages/django/core/handlers/exception.py", line 42, in inner
    response = await get_response(request)
               ^^^^^^^^^^^^^^^^^^^^^^^^^^^
  File "/usr/local/lib/python3.11/site-packages/django/utils/deprecation.py", line 138, in __acall__
    response = await sync_to_async(
               ^^^^^^^^^^^^^^^^^^^^
  File "/usr/local/lib/python3.11/site-packages/asgiref/sync.py", line 506, in __call__
    ret = await asyncio.shield(exec_coro)
          ^^^^^^^^^^^^^^^^^^^^^^^^^^^^^^^
  File "/usr/local/lib/python3.11/concurrent/futures/thread.py", line 58, in run
    result = self.fn(*self.args, **self.kwargs)
             ^^^^^^^^^^^^^^^^^^^^^^^^^^^^^^^^^^
  File "/usr/local/lib/python3.11/site-packages/asgiref/sync.py", line 561, in thread_handler
    return func(*args, **kwargs)
           ^^^^^^^^^^^^^^^^^^^^^
  File "/usr/local/lib/python3.11/site-packages/django/middleware/common.py", line 108, in process_response
    return self.response_redirect_class(self.get_full_path_with_slash(request))
                                        ^^^^^^^^^^^^^^^^^^^^^^^^^^^^^^^^^^^^^^
  File "/usr/local/lib/python3.11/site-packages/django/middleware/common.py", line 87, in get_full_path_with_slash
    raise RuntimeError(
RuntimeError: You called this URL via POST, but the URL doesn't end in a slash and you have APPEND_SLASH set. Django can't redirect to the slash URL while maintaining POST data. Change your form to point to 0c60-2a02-8084-c80-ea80-c1fc-2938-23f4-4da1.ngrok-free.app/api/v1/payment/stripe-webhook/ (note the trailing slash), or set APPEND_SLASH=False in your Django settings.
ERROR 2026-02-15 21:14:50,758 runserver 1423 135962845456064 HTTP POST /api/v1/payment/stripe-webhook 500 [0.12, 172.18.0.6:42816]
ERROR 2026-02-15 21:14:50,769 runserver 1423 135962845456064 HTTP POST /api/v1/payment/stripe-webhook 500 [0.06, 172.18.0.6:42826]
ERROR 2026-02-15 21:14:50,808 log 1423 135962457781952 Internal Server Error: /api/v1/payment/stripe-webhook
Traceback (most recent call last):
  File "/usr/local/lib/python3.11/site-packages/asgiref/sync.py", line 557, in thread_handler
    raise exc_info[1]
  File "/usr/local/lib/python3.11/site-packages/django/core/handlers/exception.py", line 42, in inner
    response = await get_response(request)
               ^^^^^^^^^^^^^^^^^^^^^^^^^^^
  File "/usr/local/lib/python3.11/site-packages/django/utils/deprecation.py", line 138, in __acall__
    response = await sync_to_async(
               ^^^^^^^^^^^^^^^^^^^^
  File "/usr/local/lib/python3.11/site-packages/asgiref/sync.py", line 506, in __call__
    ret = await asyncio.shield(exec_coro)
          ^^^^^^^^^^^^^^^^^^^^^^^^^^^^^^^
  File "/usr/local/lib/python3.11/concurrent/futures/thread.py", line 58, in run
    result = self.fn(*self.args, **self.kwargs)
             ^^^^^^^^^^^^^^^^^^^^^^^^^^^^^^^^^^
  File "/usr/local/lib/python3.11/site-packages/asgiref/sync.py", line 561, in thread_handler
    return func(*args, **kwargs)
           ^^^^^^^^^^^^^^^^^^^^^
  File "/usr/local/lib/python3.11/site-packages/django/middleware/common.py", line 108, in process_response
    return self.response_redirect_class(self.get_full_path_with_slash(request))
                                        ^^^^^^^^^^^^^^^^^^^^^^^^^^^^^^^^^^^^^^
  File "/usr/local/lib/python3.11/site-packages/django/middleware/common.py", line 87, in get_full_path_with_slash
    raise RuntimeError(
RuntimeError: You called this URL via POST, but the URL doesn't end in a slash and you have APPEND_SLASH set. Django can't redirect to the slash URL while maintaining POST data. Change your form to point to 0c60-2a02-8084-c80-ea80-c1fc-2938-23f4-4da1.ngrok-free.app/api/v1/payment/stripe-webhook/ (note the trailing slash), or set APPEND_SLASH=False in your Django settings.
ERROR 2026-02-15 21:14:50,812 runserver 1423 135962845456064 HTTP POST /api/v1/payment/stripe-webhook 500 [0.03, 172.18.0.6:42838]
ERROR 2026-02-15 21:14:53,260 log 1423 135962457781952 Internal Server Error: /api/v1/payment/stripe-webhook
Traceback (most recent call last):
  File "/usr/local/lib/python3.11/site-packages/asgiref/sync.py", line 557, in thread_handler
    raise exc_info[1]
  File "/usr/local/lib/python3.11/site-packages/django/core/handlers/exception.py", line 42, in inner
    response = await get_response(request)
               ^^^^^^^^^^^^^^^^^^^^^^^^^^^
  File "/usr/local/lib/python3.11/site-packages/django/utils/deprecation.py", line 138, in __acall__
    response = await sync_to_async(
               ^^^^^^^^^^^^^^^^^^^^
  File "/usr/local/lib/python3.11/site-packages/asgiref/sync.py", line 506, in __call__
    ret = await asyncio.shield(exec_coro)
          ^^^^^^^^^^^^^^^^^^^^^^^^^^^^^^^
  File "/usr/local/lib/python3.11/concurrent/futures/thread.py", line 58, in run
    result = self.fn(*self.args, **self.kwargs)
             ^^^^^^^^^^^^^^^^^^^^^^^^^^^^^^^^^^
  File "/usr/local/lib/python3.11/site-packages/asgiref/sync.py", line 561, in thread_handler
    return func(*args, **kwargs)
           ^^^^^^^^^^^^^^^^^^^^^
  File "/usr/local/lib/python3.11/site-packages/django/middleware/common.py", line 108, in process_response
    return self.response_redirect_class(self.get_full_path_with_slash(request))
                                        ^^^^^^^^^^^^^^^^^^^^^^^^^^^^^^^^^^^^^^
  File "/usr/local/lib/python3.11/site-packages/django/middleware/common.py", line 87, in get_full_path_with_slash
    raise RuntimeError(
RuntimeError: You called this URL via POST, but the URL doesn't end in a slash and you have APPEND_SLASH set. Django can't redirect to the slash URL while maintaining POST data. Change your form to point to 0c60-2a02-8084-c80-ea80-c1fc-2938-23f4-4da1.ngrok-free.app/api/v1/payment/stripe-webhook/ (note the trailing slash), or set APPEND_SLASH=False in your Django settings.
ERROR 2026-02-15 21:14:53,268 runserver 1423 135962845456064 HTTP POST /api/v1/payment/stripe-webhook 500 [0.06, 172.18.0.6:53738]
ERROR 2026-02-15 21:15:06,959 log 1423 135962457781952 Internal Server Error: /api/v1/payment/stripe-webhook
Traceback (most recent call last):
  File "/usr/local/lib/python3.11/site-packages/asgiref/sync.py", line 557, in thread_handler
    raise exc_info[1]
  File "/usr/local/lib/python3.11/site-packages/django/core/handlers/exception.py", line 42, in inner
    response = await get_response(request)
               ^^^^^^^^^^^^^^^^^^^^^^^^^^^
  File "/usr/local/lib/python3.11/site-packages/django/utils/deprecation.py", line 138, in __acall__
    response = await sync_to_async(
               ^^^^^^^^^^^^^^^^^^^^
  File "/usr/local/lib/python3.11/site-packages/asgiref/sync.py", line 506, in __call__
    ret = await asyncio.shield(exec_coro)
          ^^^^^^^^^^^^^^^^^^^^^^^^^^^^^^^
  File "/usr/local/lib/python3.11/concurrent/futures/thread.py", line 58, in run
    result = self.fn(*self.args, **self.kwargs)
             ^^^^^^^^^^^^^^^^^^^^^^^^^^^^^^^^^^
  File "/usr/local/lib/python3.11/site-packages/asgiref/sync.py", line 561, in thread_handler
    return func(*args, **kwargs)
           ^^^^^^^^^^^^^^^^^^^^^
  File "/usr/local/lib/python3.11/site-packages/django/middleware/common.py", line 108, in process_response
    return self.response_redirect_class(self.get_full_path_with_slash(request))
                                        ^^^^^^^^^^^^^^^^^^^^^^^^^^^^^^^^^^^^^^
  File "/usr/local/lib/python3.11/site-packages/django/middleware/common.py", line 87, in get_full_path_with_slash
    raise RuntimeError(
RuntimeError: You called this URL via POST, but the URL doesn't end in a slash and you have APPEND_SLASH set. Django can't redirect to the slash URL while maintaining POST data. Change your form to point to 0c60-2a02-8084-c80-ea80-c1fc-2938-23f4-4da1.ngrok-free.app/api/v1/payment/stripe-webhook/ (note the trailing slash), or set APPEND_SLASH=False in your Django settings.
ERROR 2026-02-15 21:15:06,967 runserver 1423 135962845456064 HTTP POST /api/v1/payment/stripe-webhook 500 [0.04, 172.18.0.6:54198]
ERROR 2026-02-15 21:15:06,991 log 1423 135962457781952 Internal Server Error: /api/v1/payment/stripe-webhook
Traceback (most recent call last):
  File "/usr/local/lib/python3.11/site-packages/asgiref/sync.py", line 557, in thread_handler
    raise exc_info[1]
  File "/usr/local/lib/python3.11/site-packages/django/core/handlers/exception.py", line 42, in inner
    response = await get_response(request)
               ^^^^^^^^^^^^^^^^^^^^^^^^^^^
  File "/usr/local/lib/python3.11/site-packages/django/utils/deprecation.py", line 138, in __acall__
    response = await sync_to_async(
               ^^^^^^^^^^^^^^^^^^^^
  File "/usr/local/lib/python3.11/site-packages/asgiref/sync.py", line 506, in __call__
    ret = await asyncio.shield(exec_coro)
          ^^^^^^^^^^^^^^^^^^^^^^^^^^^^^^^
  File "/usr/local/lib/python3.11/concurrent/futures/thread.py", line 58, in run
    result = self.fn(*self.args, **self.kwargs)
             ^^^^^^^^^^^^^^^^^^^^^^^^^^^^^^^^^^
  File "/usr/local/lib/python3.11/site-packages/asgiref/sync.py", line 561, in thread_handler
    return func(*args, **kwargs)
           ^^^^^^^^^^^^^^^^^^^^^
  File "/usr/local/lib/python3.11/site-packages/django/middleware/common.py", line 108, in process_response
    return self.response_redirect_class(self.get_full_path_with_slash(request))
                                        ^^^^^^^^^^^^^^^^^^^^^^^^^^^^^^^^^^^^^^
  File "/usr/local/lib/python3.11/site-packages/django/middleware/common.py", line 87, in get_full_path_with_slash
    raise RuntimeError(
RuntimeError: You called this URL via POST, but the URL doesn't end in a slash and you have APPEND_SLASH set. Django can't redirect to the slash URL while maintaining POST data. Change your form to point to 0c60-2a02-8084-c80-ea80-c1fc-2938-23f4-4da1.ngrok-free.app/api/v1/payment/stripe-webhook/ (note the trailing slash), or set APPEND_SLASH=False in your Django settings.
ERROR 2026-02-15 21:15:06,996 runserver 1423 135962845456064 HTTP POST /api/v1/payment/stripe-webhook 500 [0.04, 172.18.0.6:54202]
ERROR 2026-02-15 21:15:07,203 log 1423 135962457781952 Internal Server Error: /api/v1/payment/stripe-webhook
Traceback (most recent call last):
  File "/usr/local/lib/python3.11/site-packages/asgiref/sync.py", line 557, in thread_handler
    raise exc_info[1]
  File "/usr/local/lib/python3.11/site-packages/django/core/handlers/exception.py", line 42, in inner
    response = await get_response(request)
               ^^^^^^^^^^^^^^^^^^^^^^^^^^^
  File "/usr/local/lib/python3.11/site-packages/django/utils/deprecation.py", line 138, in __acall__
    response = await sync_to_async(
               ^^^^^^^^^^^^^^^^^^^^
  File "/usr/local/lib/python3.11/site-packages/asgiref/sync.py", line 506, in __call__
    ret = await asyncio.shield(exec_coro)
          ^^^^^^^^^^^^^^^^^^^^^^^^^^^^^^^
  File "/usr/local/lib/python3.11/concurrent/futures/thread.py", line 58, in run
    result = self.fn(*self.args, **self.kwargs)
             ^^^^^^^^^^^^^^^^^^^^^^^^^^^^^^^^^^
  File "/usr/local/lib/python3.11/site-packages/asgiref/sync.py", line 561, in thread_handler
    return func(*args, **kwargs)
           ^^^^^^^^^^^^^^^^^^^^^
  File "/usr/local/lib/python3.11/site-packages/django/middleware/common.py", line 108, in process_response
    return self.response_redirect_class(self.get_full_path_with_slash(request))
                                        ^^^^^^^^^^^^^^^^^^^^^^^^^^^^^^^^^^^^^^
  File "/usr/local/lib/python3.11/site-packages/django/middleware/common.py", line 87, in get_full_path_with_slash
    raise RuntimeError(
RuntimeError: You called this URL via POST, but the URL doesn't end in a slash and you have APPEND_SLASH set. Django can't redirect to the slash URL while maintaining POST data. Change your form to point to 0c60-2a02-8084-c80-ea80-c1fc-2938-23f4-4da1.ngrok-free.app/api/v1/payment/stripe-webhook/ (note the trailing slash), or set APPEND_SLASH=False in your Django settings.
ERROR 2026-02-15 21:15:07,208 runserver 1423 135962845456064 HTTP POST /api/v1/payment/stripe-webhook 500 [0.03, 172.18.0.6:54216]
ERROR 2026-02-15 21:17:00,441 log 1423 135962457781952 Internal Server Error: /api/v1/payment/stripe-webhook
Traceback (most recent call last):
  File "/usr/local/lib/python3.11/site-packages/asgiref/sync.py", line 557, in thread_handler
    raise exc_info[1]
  File "/usr/local/lib/python3.11/site-packages/django/core/handlers/exception.py", line 42, in inner
    response = await get_response(request)
               ^^^^^^^^^^^^^^^^^^^^^^^^^^^
  File "/usr/local/lib/python3.11/site-packages/django/utils/deprecation.py", line 138, in __acall__
    response = await sync_to_async(
               ^^^^^^^^^^^^^^^^^^^^
  File "/usr/local/lib/python3.11/site-packages/asgiref/sync.py", line 506, in __call__
    ret = await asyncio.shield(exec_coro)
          ^^^^^^^^^^^^^^^^^^^^^^^^^^^^^^^
  File "/usr/local/lib/python3.11/concurrent/futures/thread.py", line 58, in run
    result = self.fn(*self.args, **self.kwargs)
             ^^^^^^^^^^^^^^^^^^^^^^^^^^^^^^^^^^
  File "/usr/local/lib/python3.11/site-packages/asgiref/sync.py", line 561, in thread_handler
    return func(*args, **kwargs)
           ^^^^^^^^^^^^^^^^^^^^^
  File "/usr/local/lib/python3.11/site-packages/django/middleware/common.py", line 108, in process_response
    return self.response_redirect_class(self.get_full_path_with_slash(request))
                                        ^^^^^^^^^^^^^^^^^^^^^^^^^^^^^^^^^^^^^^
  File "/usr/local/lib/python3.11/site-packages/django/middleware/common.py", line 87, in get_full_path_with_slash
    raise RuntimeError(
RuntimeError: You called this URL via POST, but the URL doesn't end in a slash and you have APPEND_SLASH set. Django can't redirect to the slash URL while maintaining POST data. Change your form to point to 0c60-2a02-8084-c80-ea80-c1fc-2938-23f4-4da1.ngrok-free.app/api/v1/payment/stripe-webhook/ (note the trailing slash), or set APPEND_SLASH=False in your Django settings.
ERROR 2026-02-15 21:17:00,447 runserver 1423 135962845456064 HTTP POST /api/v1/payment/stripe-webhook 500 [0.05, 172.18.0.6:34116]
ERROR 2026-02-15 21:17:00,512 log 1423 135962457781952 Internal Server Error: /api/v1/payment/stripe-webhook
Traceback (most recent call last):
  File "/usr/local/lib/python3.11/site-packages/asgiref/sync.py", line 557, in thread_handler
    raise exc_info[1]
  File "/usr/local/lib/python3.11/site-packages/django/core/handlers/exception.py", line 42, in inner
    response = await get_response(request)
               ^^^^^^^^^^^^^^^^^^^^^^^^^^^
  File "/usr/local/lib/python3.11/site-packages/django/utils/deprecation.py", line 138, in __acall__
    response = await sync_to_async(
               ^^^^^^^^^^^^^^^^^^^^
  File "/usr/local/lib/python3.11/site-packages/asgiref/sync.py", line 506, in __call__
    ret = await asyncio.shield(exec_coro)
          ^^^^^^^^^^^^^^^^^^^^^^^^^^^^^^^
  File "/usr/local/lib/python3.11/concurrent/futures/thread.py", line 58, in run
    result = self.fn(*self.args, **self.kwargs)
             ^^^^^^^^^^^^^^^^^^^^^^^^^^^^^^^^^^
  File "/usr/local/lib/python3.11/site-packages/asgiref/sync.py", line 561, in thread_handler
    return func(*args, **kwargs)
           ^^^^^^^^^^^^^^^^^^^^^
  File "/usr/local/lib/python3.11/site-packages/django/middleware/common.py", line 108, in process_response
    return self.response_redirect_class(self.get_full_path_with_slash(request))
                                        ^^^^^^^^^^^^^^^^^^^^^^^^^^^^^^^^^^^^^^
  File "/usr/local/lib/python3.11/site-packages/django/middleware/common.py", line 87, in get_full_path_with_slash
    raise RuntimeError(
RuntimeError: You called this URL via POST, but the URL doesn't end in a slash and you have APPEND_SLASH set. Django can't redirect to the slash URL while maintaining POST data. Change your form to point to 0c60-2a02-8084-c80-ea80-c1fc-2938-23f4-4da1.ngrok-free.app/api/v1/payment/stripe-webhook/ (note the trailing slash), or set APPEND_SLASH=False in your Django settings.
ERROR 2026-02-15 21:17:00,517 runserver 1423 135962845456064 HTTP POST /api/v1/payment/stripe-webhook 500 [0.04, 172.18.0.6:34120]
ERROR 2026-02-15 21:17:00,632 log 1423 135962440996544 Internal Server Error: /api/v1/payment/stripe-webhook
Traceback (most recent call last):
  File "/usr/local/lib/python3.11/site-packages/asgiref/sync.py", line 557, in thread_handler
    raise exc_info[1]
  File "/usr/local/lib/python3.11/site-packages/django/core/handlers/exception.py", line 42, in inner
    response = await get_response(request)
               ^^^^^^^^^^^^^^^^^^^^^^^^^^^
  File "/usr/local/lib/python3.11/site-packages/django/utils/deprecation.py", line 138, in __acall__
    response = await sync_to_async(
               ^^^^^^^^^^^^^^^^^^^^
  File "/usr/local/lib/python3.11/site-packages/asgiref/sync.py", line 506, in __call__
    ret = await asyncio.shield(exec_coro)
          ^^^^^^^^^^^^^^^^^^^^^^^^^^^^^^^
  File "/usr/local/lib/python3.11/concurrent/futures/thread.py", line 58, in run
    result = self.fn(*self.args, **self.kwargs)
             ^^^^^^^^^^^^^^^^^^^^^^^^^^^^^^^^^^
  File "/usr/local/lib/python3.11/site-packages/asgiref/sync.py", line 561, in thread_handler
    return func(*args, **kwargs)
           ^^^^^^^^^^^^^^^^^^^^^
  File "/usr/local/lib/python3.11/site-packages/django/middleware/common.py", line 108, in process_response
    return self.response_redirect_class(self.get_full_path_with_slash(request))
                                        ^^^^^^^^^^^^^^^^^^^^^^^^^^^^^^^^^^^^^^
  File "/usr/local/lib/python3.11/site-packages/django/middleware/common.py", line 87, in get_full_path_with_slash
    raise RuntimeError(
RuntimeError: You called this URL via POST, but the URL doesn't end in a slash and you have APPEND_SLASH set. Django can't redirect to the slash URL while maintaining POST data. Change your form to point to 0c60-2a02-8084-c80-ea80-c1fc-2938-23f4-4da1.ngrok-free.app/api/v1/payment/stripe-webhook/ (note the trailing slash), or set APPEND_SLASH=False in your Django settings.
ERROR 2026-02-15 21:17:00,648 log 1423 135962457781952 Internal Server Error: /api/v1/payment/stripe-webhook
Traceback (most recent call last):
  File "/usr/local/lib/python3.11/site-packages/asgiref/sync.py", line 557, in thread_handler
    raise exc_info[1]
  File "/usr/local/lib/python3.11/site-packages/django/core/handlers/exception.py", line 42, in inner
    response = await get_response(request)
               ^^^^^^^^^^^^^^^^^^^^^^^^^^^
  File "/usr/local/lib/python3.11/site-packages/django/utils/deprecation.py", line 138, in __acall__
    response = await sync_to_async(
               ^^^^^^^^^^^^^^^^^^^^
  File "/usr/local/lib/python3.11/site-packages/asgiref/sync.py", line 506, in __call__
    ret = await asyncio.shield(exec_coro)
          ^^^^^^^^^^^^^^^^^^^^^^^^^^^^^^^
  File "/usr/local/lib/python3.11/concurrent/futures/thread.py", line 58, in run
    result = self.fn(*self.args, **self.kwargs)
             ^^^^^^^^^^^^^^^^^^^^^^^^^^^^^^^^^^
  File "/usr/local/lib/python3.11/site-packages/asgiref/sync.py", line 561, in thread_handler
    return func(*args, **kwargs)
           ^^^^^^^^^^^^^^^^^^^^^
  File "/usr/local/lib/python3.11/site-packages/django/middleware/common.py", line 108, in process_response
    return self.response_redirect_class(self.get_full_path_with_slash(request))
                                        ^^^^^^^^^^^^^^^^^^^^^^^^^^^^^^^^^^^^^^
  File "/usr/local/lib/python3.11/site-packages/django/middleware/common.py", line 87, in get_full_path_with_slash
    raise RuntimeError(
RuntimeError: You called this URL via POST, but the URL doesn't end in a slash and you have APPEND_SLASH set. Django can't redirect to the slash URL while maintaining POST data. Change your form to point to 0c60-2a02-8084-c80-ea80-c1fc-2938-23f4-4da1.ngrok-free.app/api/v1/payment/stripe-webhook/ (note the trailing slash), or set APPEND_SLASH=False in your Django settings.
ERROR 2026-02-15 21:17:00,666 runserver 1423 135962845456064 HTTP POST /api/v1/payment/stripe-webhook 500 [0.11, 172.18.0.6:34126]
ERROR 2026-02-15 21:17:00,667 log 1423 135962466174656 Internal Server Error: /api/v1/payment/stripe-webhook
Traceback (most recent call last):
  File "/usr/local/lib/python3.11/site-packages/asgiref/sync.py", line 557, in thread_handler
    raise exc_info[1]
  File "/usr/local/lib/python3.11/site-packages/django/core/handlers/exception.py", line 42, in inner
    response = await get_response(request)
               ^^^^^^^^^^^^^^^^^^^^^^^^^^^
  File "/usr/local/lib/python3.11/site-packages/django/utils/deprecation.py", line 138, in __acall__
    response = await sync_to_async(
               ^^^^^^^^^^^^^^^^^^^^
  File "/usr/local/lib/python3.11/site-packages/asgiref/sync.py", line 506, in __call__
    ret = await asyncio.shield(exec_coro)
          ^^^^^^^^^^^^^^^^^^^^^^^^^^^^^^^
  File "/usr/local/lib/python3.11/concurrent/futures/thread.py", line 58, in run
    result = self.fn(*self.args, **self.kwargs)
             ^^^^^^^^^^^^^^^^^^^^^^^^^^^^^^^^^^
  File "/usr/local/lib/python3.11/site-packages/asgiref/sync.py", line 561, in thread_handler
    return func(*args, **kwargs)
           ^^^^^^^^^^^^^^^^^^^^^
  File "/usr/local/lib/python3.11/site-packages/django/middleware/common.py", line 108, in process_response
    return self.response_redirect_class(self.get_full_path_with_slash(request))
                                        ^^^^^^^^^^^^^^^^^^^^^^^^^^^^^^^^^^^^^^
  File "/usr/local/lib/python3.11/site-packages/django/middleware/common.py", line 87, in get_full_path_with_slash
    raise RuntimeError(
RuntimeError: You called this URL via POST, but the URL doesn't end in a slash and you have APPEND_SLASH set. Django can't redirect to the slash URL while maintaining POST data. Change your form to point to 0c60-2a02-8084-c80-ea80-c1fc-2938-23f4-4da1.ngrok-free.app/api/v1/payment/stripe-webhook/ (note the trailing slash), or set APPEND_SLASH=False in your Django settings.
ERROR 2026-02-15 21:17:00,676 runserver 1423 135962845456064 HTTP POST /api/v1/payment/stripe-webhook 500 [0.12, 172.18.0.6:34134]
ERROR 2026-02-15 21:17:00,685 runserver 1423 135962845456064 HTTP POST /api/v1/payment/stripe-webhook 500 [0.12, 172.18.0.6:34142]
ERROR 2026-02-15 21:17:00,705 log 1423 135962449389248 Internal Server Error: /api/v1/payment/stripe-webhook
Traceback (most recent call last):
  File "/usr/local/lib/python3.11/site-packages/asgiref/sync.py", line 557, in thread_handler
    raise exc_info[1]
  File "/usr/local/lib/python3.11/site-packages/django/core/handlers/exception.py", line 42, in inner
    response = await get_response(request)
               ^^^^^^^^^^^^^^^^^^^^^^^^^^^
  File "/usr/local/lib/python3.11/site-packages/django/utils/deprecation.py", line 138, in __acall__
    response = await sync_to_async(
               ^^^^^^^^^^^^^^^^^^^^
  File "/usr/local/lib/python3.11/site-packages/asgiref/sync.py", line 506, in __call__
    ret = await asyncio.shield(exec_coro)
          ^^^^^^^^^^^^^^^^^^^^^^^^^^^^^^^
  File "/usr/local/lib/python3.11/concurrent/futures/thread.py", line 58, in run
    result = self.fn(*self.args, **self.kwargs)
             ^^^^^^^^^^^^^^^^^^^^^^^^^^^^^^^^^^
  File "/usr/local/lib/python3.11/site-packages/asgiref/sync.py", line 561, in thread_handler
    return func(*args, **kwargs)
           ^^^^^^^^^^^^^^^^^^^^^
  File "/usr/local/lib/python3.11/site-packages/django/middleware/common.py", line 108, in process_response
    return self.response_redirect_class(self.get_full_path_with_slash(request))
                                        ^^^^^^^^^^^^^^^^^^^^^^^^^^^^^^^^^^^^^^
  File "/usr/local/lib/python3.11/site-packages/django/middleware/common.py", line 87, in get_full_path_with_slash
    raise RuntimeError(
RuntimeError: You called this URL via POST, but the URL doesn't end in a slash and you have APPEND_SLASH set. Django can't redirect to the slash URL while maintaining POST data. Change your form to point to 0c60-2a02-8084-c80-ea80-c1fc-2938-23f4-4da1.ngrok-free.app/api/v1/payment/stripe-webhook/ (note the trailing slash), or set APPEND_SLASH=False in your Django settings.
ERROR 2026-02-15 21:17:00,710 runserver 1423 135962845456064 HTTP POST /api/v1/payment/stripe-webhook 500 [0.06, 172.18.0.6:34146]
ERROR 2026-02-15 21:17:02,996 log 1423 135962449389248 Internal Server Error: /api/v1/payment/stripe-webhook
Traceback (most recent call last):
  File "/usr/local/lib/python3.11/site-packages/asgiref/sync.py", line 557, in thread_handler
    raise exc_info[1]
  File "/usr/local/lib/python3.11/site-packages/django/core/handlers/exception.py", line 42, in inner
    response = await get_response(request)
               ^^^^^^^^^^^^^^^^^^^^^^^^^^^
  File "/usr/local/lib/python3.11/site-packages/django/utils/deprecation.py", line 138, in __acall__
    response = await sync_to_async(
               ^^^^^^^^^^^^^^^^^^^^
  File "/usr/local/lib/python3.11/site-packages/asgiref/sync.py", line 506, in __call__
    ret = await asyncio.shield(exec_coro)
          ^^^^^^^^^^^^^^^^^^^^^^^^^^^^^^^
  File "/usr/local/lib/python3.11/concurrent/futures/thread.py", line 58, in run
    result = self.fn(*self.args, **self.kwargs)
             ^^^^^^^^^^^^^^^^^^^^^^^^^^^^^^^^^^
  File "/usr/local/lib/python3.11/site-packages/asgiref/sync.py", line 561, in thread_handler
    return func(*args, **kwargs)
           ^^^^^^^^^^^^^^^^^^^^^
  File "/usr/local/lib/python3.11/site-packages/django/middleware/common.py", line 108, in process_response
    return self.response_redirect_class(self.get_full_path_with_slash(request))
                                        ^^^^^^^^^^^^^^^^^^^^^^^^^^^^^^^^^^^^^^
  File "/usr/local/lib/python3.11/site-packages/django/middleware/common.py", line 87, in get_full_path_with_slash
    raise RuntimeError(
RuntimeError: You called this URL via POST, but the URL doesn't end in a slash and you have APPEND_SLASH set. Django can't redirect to the slash URL while maintaining POST data. Change your form to point to 0c60-2a02-8084-c80-ea80-c1fc-2938-23f4-4da1.ngrok-free.app/api/v1/payment/stripe-webhook/ (note the trailing slash), or set APPEND_SLASH=False in your Django settings.
ERROR 2026-02-15 21:17:03,002 runserver 1423 135962845456064 HTTP POST /api/v1/payment/stripe-webhook 500 [0.04, 172.18.0.6:34148]
ERROR 2026-02-15 21:17:03,064 log 1423 135962449389248 Internal Server Error: /api/v1/payment/stripe-webhook
Traceback (most recent call last):
  File "/usr/local/lib/python3.11/site-packages/asgiref/sync.py", line 557, in thread_handler
    raise exc_info[1]
  File "/usr/local/lib/python3.11/site-packages/django/core/handlers/exception.py", line 42, in inner
    response = await get_response(request)
               ^^^^^^^^^^^^^^^^^^^^^^^^^^^
  File "/usr/local/lib/python3.11/site-packages/django/utils/deprecation.py", line 138, in __acall__
    response = await sync_to_async(
               ^^^^^^^^^^^^^^^^^^^^
  File "/usr/local/lib/python3.11/site-packages/asgiref/sync.py", line 506, in __call__
    ret = await asyncio.shield(exec_coro)
          ^^^^^^^^^^^^^^^^^^^^^^^^^^^^^^^
  File "/usr/local/lib/python3.11/concurrent/futures/thread.py", line 58, in run
    result = self.fn(*self.args, **self.kwargs)
             ^^^^^^^^^^^^^^^^^^^^^^^^^^^^^^^^^^
  File "/usr/local/lib/python3.11/site-packages/asgiref/sync.py", line 561, in thread_handler
    return func(*args, **kwargs)
           ^^^^^^^^^^^^^^^^^^^^^
  File "/usr/local/lib/python3.11/site-packages/django/middleware/common.py", line 108, in process_response
    return self.response_redirect_class(self.get_full_path_with_slash(request))
                                        ^^^^^^^^^^^^^^^^^^^^^^^^^^^^^^^^^^^^^^
  File "/usr/local/lib/python3.11/site-packages/django/middleware/common.py", line 87, in get_full_path_with_slash
    raise RuntimeError(
RuntimeError: You called this URL via POST, but the URL doesn't end in a slash and you have APPEND_SLASH set. Django can't redirect to the slash URL while maintaining POST data. Change your form to point to 0c60-2a02-8084-c80-ea80-c1fc-2938-23f4-4da1.ngrok-free.app/api/v1/payment/stripe-webhook/ (note the trailing slash), or set APPEND_SLASH=False in your Django settings.
ERROR 2026-02-15 21:17:03,070 runserver 1423 135962845456064 HTTP POST /api/v1/payment/stripe-webhook 500 [0.04, 172.18.0.6:34152]
ERROR 2026-02-15 21:20:23,616 log 1423 135962449389248 Internal Server Error: /api/v1/payment/stripe-webhook
Traceback (most recent call last):
  File "/usr/local/lib/python3.11/site-packages/asgiref/sync.py", line 557, in thread_handler
    raise exc_info[1]
  File "/usr/local/lib/python3.11/site-packages/django/core/handlers/exception.py", line 42, in inner
    response = await get_response(request)
               ^^^^^^^^^^^^^^^^^^^^^^^^^^^
  File "/usr/local/lib/python3.11/site-packages/django/utils/deprecation.py", line 138, in __acall__
    response = await sync_to_async(
               ^^^^^^^^^^^^^^^^^^^^
  File "/usr/local/lib/python3.11/site-packages/asgiref/sync.py", line 506, in __call__
    ret = await asyncio.shield(exec_coro)
          ^^^^^^^^^^^^^^^^^^^^^^^^^^^^^^^
  File "/usr/local/lib/python3.11/concurrent/futures/thread.py", line 58, in run
    result = self.fn(*self.args, **self.kwargs)
             ^^^^^^^^^^^^^^^^^^^^^^^^^^^^^^^^^^
  File "/usr/local/lib/python3.11/site-packages/asgiref/sync.py", line 561, in thread_handler
    return func(*args, **kwargs)
           ^^^^^^^^^^^^^^^^^^^^^
  File "/usr/local/lib/python3.11/site-packages/django/middleware/common.py", line 108, in process_response
    return self.response_redirect_class(self.get_full_path_with_slash(request))
                                        ^^^^^^^^^^^^^^^^^^^^^^^^^^^^^^^^^^^^^^
  File "/usr/local/lib/python3.11/site-packages/django/middleware/common.py", line 87, in get_full_path_with_slash
    raise RuntimeError(
RuntimeError: You called this URL via POST, but the URL doesn't end in a slash and you have APPEND_SLASH set. Django can't redirect to the slash URL while maintaining POST data. Change your form to point to 0c60-2a02-8084-c80-ea80-c1fc-2938-23f4-4da1.ngrok-free.app/api/v1/payment/stripe-webhook/ (note the trailing slash), or set APPEND_SLASH=False in your Django settings.
ERROR 2026-02-15 21:20:23,635 runserver 1423 135962845456064 HTTP POST /api/v1/payment/stripe-webhook 500 [0.08, 172.18.0.6:49880]
ERROR 2026-02-15 21:20:23,731 log 1423 135962449389248 Internal Server Error: /api/v1/payment/stripe-webhook
Traceback (most recent call last):
  File "/usr/local/lib/python3.11/site-packages/asgiref/sync.py", line 557, in thread_handler
    raise exc_info[1]
  File "/usr/local/lib/python3.11/site-packages/django/core/handlers/exception.py", line 42, in inner
    response = await get_response(request)
               ^^^^^^^^^^^^^^^^^^^^^^^^^^^
  File "/usr/local/lib/python3.11/site-packages/django/utils/deprecation.py", line 138, in __acall__
    response = await sync_to_async(
               ^^^^^^^^^^^^^^^^^^^^
  File "/usr/local/lib/python3.11/site-packages/asgiref/sync.py", line 506, in __call__
    ret = await asyncio.shield(exec_coro)
          ^^^^^^^^^^^^^^^^^^^^^^^^^^^^^^^
  File "/usr/local/lib/python3.11/concurrent/futures/thread.py", line 58, in run
    result = self.fn(*self.args, **self.kwargs)
             ^^^^^^^^^^^^^^^^^^^^^^^^^^^^^^^^^^
  File "/usr/local/lib/python3.11/site-packages/asgiref/sync.py", line 561, in thread_handler
    return func(*args, **kwargs)
           ^^^^^^^^^^^^^^^^^^^^^
  File "/usr/local/lib/python3.11/site-packages/django/middleware/common.py", line 108, in process_response
    return self.response_redirect_class(self.get_full_path_with_slash(request))
                                        ^^^^^^^^^^^^^^^^^^^^^^^^^^^^^^^^^^^^^^
  File "/usr/local/lib/python3.11/site-packages/django/middleware/common.py", line 87, in get_full_path_with_slash
    raise RuntimeError(
RuntimeError: You called this URL via POST, but the URL doesn't end in a slash and you have APPEND_SLASH set. Django can't redirect to the slash URL while maintaining POST data. Change your form to point to 0c60-2a02-8084-c80-ea80-c1fc-2938-23f4-4da1.ngrok-free.app/api/v1/payment/stripe-webhook/ (note the trailing slash), or set APPEND_SLASH=False in your Django settings.
ERROR 2026-02-15 21:20:23,754 runserver 1423 135962845456064 HTTP POST /api/v1/payment/stripe-webhook 500 [0.13, 172.18.0.6:49896]
ERROR 2026-02-15 21:20:23,773 log 1423 135962440996544 Internal Server Error: /api/v1/payment/stripe-webhook
Traceback (most recent call last):
  File "/usr/local/lib/python3.11/site-packages/asgiref/sync.py", line 557, in thread_handler
    raise exc_info[1]
  File "/usr/local/lib/python3.11/site-packages/django/core/handlers/exception.py", line 42, in inner
    response = await get_response(request)
               ^^^^^^^^^^^^^^^^^^^^^^^^^^^
  File "/usr/local/lib/python3.11/site-packages/django/utils/deprecation.py", line 138, in __acall__
    response = await sync_to_async(
               ^^^^^^^^^^^^^^^^^^^^
  File "/usr/local/lib/python3.11/site-packages/asgiref/sync.py", line 506, in __call__
    ret = await asyncio.shield(exec_coro)
          ^^^^^^^^^^^^^^^^^^^^^^^^^^^^^^^
  File "/usr/local/lib/python3.11/concurrent/futures/thread.py", line 58, in run
    result = self.fn(*self.args, **self.kwargs)
             ^^^^^^^^^^^^^^^^^^^^^^^^^^^^^^^^^^
  File "/usr/local/lib/python3.11/site-packages/asgiref/sync.py", line 561, in thread_handler
    return func(*args, **kwargs)
           ^^^^^^^^^^^^^^^^^^^^^
  File "/usr/local/lib/python3.11/site-packages/django/middleware/common.py", line 108, in process_response
    return self.response_redirect_class(self.get_full_path_with_slash(request))
                                        ^^^^^^^^^^^^^^^^^^^^^^^^^^^^^^^^^^^^^^
  File "/usr/local/lib/python3.11/site-packages/django/middleware/common.py", line 87, in get_full_path_with_slash
    raise RuntimeError(
RuntimeError: You called this URL via POST, but the URL doesn't end in a slash and you have APPEND_SLASH set. Django can't redirect to the slash URL while maintaining POST data. Change your form to point to 0c60-2a02-8084-c80-ea80-c1fc-2938-23f4-4da1.ngrok-free.app/api/v1/payment/stripe-webhook/ (note the trailing slash), or set APPEND_SLASH=False in your Django settings.
ERROR 2026-02-15 21:20:23,786 runserver 1423 135962845456064 HTTP POST /api/v1/payment/stripe-webhook 500 [0.09, 172.18.0.6:49922]
ERROR 2026-02-15 21:20:26,585 log 1423 135962440996544 Internal Server Error: /api/v1/payment/stripe-webhook
Traceback (most recent call last):
  File "/usr/local/lib/python3.11/site-packages/asgiref/sync.py", line 557, in thread_handler
    raise exc_info[1]
  File "/usr/local/lib/python3.11/site-packages/django/core/handlers/exception.py", line 42, in inner
    response = await get_response(request)
               ^^^^^^^^^^^^^^^^^^^^^^^^^^^
  File "/usr/local/lib/python3.11/site-packages/django/utils/deprecation.py", line 138, in __acall__
    response = await sync_to_async(
               ^^^^^^^^^^^^^^^^^^^^
  File "/usr/local/lib/python3.11/site-packages/asgiref/sync.py", line 506, in __call__
    ret = await asyncio.shield(exec_coro)
          ^^^^^^^^^^^^^^^^^^^^^^^^^^^^^^^
  File "/usr/local/lib/python3.11/concurrent/futures/thread.py", line 58, in run
    result = self.fn(*self.args, **self.kwargs)
             ^^^^^^^^^^^^^^^^^^^^^^^^^^^^^^^^^^
  File "/usr/local/lib/python3.11/site-packages/asgiref/sync.py", line 561, in thread_handler
    return func(*args, **kwargs)
           ^^^^^^^^^^^^^^^^^^^^^
  File "/usr/local/lib/python3.11/site-packages/django/middleware/common.py", line 108, in process_response
    return self.response_redirect_class(self.get_full_path_with_slash(request))
                                        ^^^^^^^^^^^^^^^^^^^^^^^^^^^^^^^^^^^^^^
  File "/usr/local/lib/python3.11/site-packages/django/middleware/common.py", line 87, in get_full_path_with_slash
    raise RuntimeError(
RuntimeError: You called this URL via POST, but the URL doesn't end in a slash and you have APPEND_SLASH set. Django can't redirect to the slash URL while maintaining POST data. Change your form to point to 0c60-2a02-8084-c80-ea80-c1fc-2938-23f4-4da1.ngrok-free.app/api/v1/payment/stripe-webhook/ (note the trailing slash), or set APPEND_SLASH=False in your Django settings.
ERROR 2026-02-15 21:20:26,589 runserver 1423 135962845456064 HTTP POST /api/v1/payment/stripe-webhook 500 [0.03, 172.18.0.6:44668]
ERROR 2026-02-15 21:21:25,561 log 1423 135962457781952 Internal Server Error: /api/v1/payment/stripe-webhook
Traceback (most recent call last):
  File "/usr/local/lib/python3.11/site-packages/asgiref/sync.py", line 557, in thread_handler
    raise exc_info[1]
  File "/usr/local/lib/python3.11/site-packages/django/core/handlers/exception.py", line 42, in inner
    response = await get_response(request)
               ^^^^^^^^^^^^^^^^^^^^^^^^^^^
  File "/usr/local/lib/python3.11/site-packages/django/utils/deprecation.py", line 138, in __acall__
    response = await sync_to_async(
               ^^^^^^^^^^^^^^^^^^^^
  File "/usr/local/lib/python3.11/site-packages/asgiref/sync.py", line 506, in __call__
    ret = await asyncio.shield(exec_coro)
          ^^^^^^^^^^^^^^^^^^^^^^^^^^^^^^^
  File "/usr/local/lib/python3.11/concurrent/futures/thread.py", line 58, in run
    result = self.fn(*self.args, **self.kwargs)
             ^^^^^^^^^^^^^^^^^^^^^^^^^^^^^^^^^^
  File "/usr/local/lib/python3.11/site-packages/asgiref/sync.py", line 561, in thread_handler
    return func(*args, **kwargs)
           ^^^^^^^^^^^^^^^^^^^^^
  File "/usr/local/lib/python3.11/site-packages/django/middleware/common.py", line 108, in process_response
    return self.response_redirect_class(self.get_full_path_with_slash(request))
                                        ^^^^^^^^^^^^^^^^^^^^^^^^^^^^^^^^^^^^^^
  File "/usr/local/lib/python3.11/site-packages/django/middleware/common.py", line 87, in get_full_path_with_slash
    raise RuntimeError(
RuntimeError: You called this URL via POST, but the URL doesn't end in a slash and you have APPEND_SLASH set. Django can't redirect to the slash URL while maintaining POST data. Change your form to point to 0c60-2a02-8084-c80-ea80-c1fc-2938-23f4-4da1.ngrok-free.app/api/v1/payment/stripe-webhook/ (note the trailing slash), or set APPEND_SLASH=False in your Django settings.
ERROR 2026-02-15 21:21:25,568 runserver 1423 135962845456064 HTTP POST /api/v1/payment/stripe-webhook 500 [0.05, 172.18.0.6:60482]
ERROR 2026-02-15 21:21:25,697 log 1423 135962466174656 Internal Server Error: /api/v1/payment/stripe-webhook
Traceback (most recent call last):
  File "/usr/local/lib/python3.11/site-packages/asgiref/sync.py", line 557, in thread_handler
    raise exc_info[1]
  File "/usr/local/lib/python3.11/site-packages/django/core/handlers/exception.py", line 42, in inner
    response = await get_response(request)
               ^^^^^^^^^^^^^^^^^^^^^^^^^^^
  File "/usr/local/lib/python3.11/site-packages/django/utils/deprecation.py", line 138, in __acall__
    response = await sync_to_async(
               ^^^^^^^^^^^^^^^^^^^^
  File "/usr/local/lib/python3.11/site-packages/asgiref/sync.py", line 506, in __call__
    ret = await asyncio.shield(exec_coro)
          ^^^^^^^^^^^^^^^^^^^^^^^^^^^^^^^
  File "/usr/local/lib/python3.11/concurrent/futures/thread.py", line 58, in run
    result = self.fn(*self.args, **self.kwargs)
             ^^^^^^^^^^^^^^^^^^^^^^^^^^^^^^^^^^
  File "/usr/local/lib/python3.11/site-packages/asgiref/sync.py", line 561, in thread_handler
    return func(*args, **kwargs)
           ^^^^^^^^^^^^^^^^^^^^^
  File "/usr/local/lib/python3.11/site-packages/django/middleware/common.py", line 108, in process_response
    return self.response_redirect_class(self.get_full_path_with_slash(request))
                                        ^^^^^^^^^^^^^^^^^^^^^^^^^^^^^^^^^^^^^^
  File "/usr/local/lib/python3.11/site-packages/django/middleware/common.py", line 87, in get_full_path_with_slash
    raise RuntimeError(
RuntimeError: You called this URL via POST, but the URL doesn't end in a slash and you have APPEND_SLASH set. Django can't redirect to the slash URL while maintaining POST data. Change your form to point to 0c60-2a02-8084-c80-ea80-c1fc-2938-23f4-4da1.ngrok-free.app/api/v1/payment/stripe-webhook/ (note the trailing slash), or set APPEND_SLASH=False in your Django settings.
ERROR 2026-02-15 21:21:25,714 runserver 1423 135962845456064 HTTP POST /api/v1/payment/stripe-webhook 500 [0.06, 172.18.0.6:60496]
ERROR 2026-02-15 21:21:25,742 log 1423 135962474567360 Internal Server Error: /api/v1/payment/stripe-webhook
Traceback (most recent call last):
  File "/usr/local/lib/python3.11/site-packages/asgiref/sync.py", line 557, in thread_handler
    raise exc_info[1]
  File "/usr/local/lib/python3.11/site-packages/django/core/handlers/exception.py", line 42, in inner
    response = await get_response(request)
               ^^^^^^^^^^^^^^^^^^^^^^^^^^^
  File "/usr/local/lib/python3.11/site-packages/django/utils/deprecation.py", line 138, in __acall__
    response = await sync_to_async(
               ^^^^^^^^^^^^^^^^^^^^
  File "/usr/local/lib/python3.11/site-packages/asgiref/sync.py", line 506, in __call__
    ret = await asyncio.shield(exec_coro)
          ^^^^^^^^^^^^^^^^^^^^^^^^^^^^^^^
  File "/usr/local/lib/python3.11/concurrent/futures/thread.py", line 58, in run
    result = self.fn(*self.args, **self.kwargs)
             ^^^^^^^^^^^^^^^^^^^^^^^^^^^^^^^^^^
  File "/usr/local/lib/python3.11/site-packages/asgiref/sync.py", line 561, in thread_handler
    return func(*args, **kwargs)
           ^^^^^^^^^^^^^^^^^^^^^
  File "/usr/local/lib/python3.11/site-packages/django/middleware/common.py", line 108, in process_response
    return self.response_redirect_class(self.get_full_path_with_slash(request))
                                        ^^^^^^^^^^^^^^^^^^^^^^^^^^^^^^^^^^^^^^
  File "/usr/local/lib/python3.11/site-packages/django/middleware/common.py", line 87, in get_full_path_with_slash
    raise RuntimeError(
RuntimeError: You called this URL via POST, but the URL doesn't end in a slash and you have APPEND_SLASH set. Django can't redirect to the slash URL while maintaining POST data. Change your form to point to 0c60-2a02-8084-c80-ea80-c1fc-2938-23f4-4da1.ngrok-free.app/api/v1/payment/stripe-webhook/ (note the trailing slash), or set APPEND_SLASH=False in your Django settings.
ERROR 2026-02-15 21:21:25,746 runserver 1423 135962845456064 HTTP POST /api/v1/payment/stripe-webhook 500 [0.05, 172.18.0.6:60516]
ERROR 2026-02-15 21:21:28,192 log 1423 135962466174656 Internal Server Error: /api/v1/payment/stripe-webhook
Traceback (most recent call last):
  File "/usr/local/lib/python3.11/site-packages/asgiref/sync.py", line 557, in thread_handler
    raise exc_info[1]
  File "/usr/local/lib/python3.11/site-packages/django/core/handlers/exception.py", line 42, in inner
    response = await get_response(request)
               ^^^^^^^^^^^^^^^^^^^^^^^^^^^
  File "/usr/local/lib/python3.11/site-packages/django/utils/deprecation.py", line 138, in __acall__
    response = await sync_to_async(
               ^^^^^^^^^^^^^^^^^^^^
  File "/usr/local/lib/python3.11/site-packages/asgiref/sync.py", line 506, in __call__
    ret = await asyncio.shield(exec_coro)
          ^^^^^^^^^^^^^^^^^^^^^^^^^^^^^^^
  File "/usr/local/lib/python3.11/concurrent/futures/thread.py", line 58, in run
    result = self.fn(*self.args, **self.kwargs)
             ^^^^^^^^^^^^^^^^^^^^^^^^^^^^^^^^^^
  File "/usr/local/lib/python3.11/site-packages/asgiref/sync.py", line 561, in thread_handler
    return func(*args, **kwargs)
           ^^^^^^^^^^^^^^^^^^^^^
  File "/usr/local/lib/python3.11/site-packages/django/middleware/common.py", line 108, in process_response
    return self.response_redirect_class(self.get_full_path_with_slash(request))
                                        ^^^^^^^^^^^^^^^^^^^^^^^^^^^^^^^^^^^^^^
  File "/usr/local/lib/python3.11/site-packages/django/middleware/common.py", line 87, in get_full_path_with_slash
    raise RuntimeError(
RuntimeError: You called this URL via POST, but the URL doesn't end in a slash and you have APPEND_SLASH set. Django can't redirect to the slash URL while maintaining POST data. Change your form to point to 0c60-2a02-8084-c80-ea80-c1fc-2938-23f4-4da1.ngrok-free.app/api/v1/payment/stripe-webhook/ (note the trailing slash), or set APPEND_SLASH=False in your Django settings.
ERROR 2026-02-15 21:21:28,196 runserver 1423 135962845456064 HTTP POST /api/v1/payment/stripe-webhook 500 [0.05, 172.18.0.6:60534]
ERROR 2026-02-15 21:25:38,093 log 7 140165016180416 Internal Server Error: /api/v1/payment/stripe-webhook
Traceback (most recent call last):
  File "/usr/local/lib/python3.11/site-packages/asgiref/sync.py", line 557, in thread_handler
    raise exc_info[1]
  File "/usr/local/lib/python3.11/site-packages/django/core/handlers/exception.py", line 42, in inner
    response = await get_response(request)
               ^^^^^^^^^^^^^^^^^^^^^^^^^^^
  File "/usr/local/lib/python3.11/site-packages/django/utils/deprecation.py", line 138, in __acall__
    response = await sync_to_async(
               ^^^^^^^^^^^^^^^^^^^^
  File "/usr/local/lib/python3.11/site-packages/asgiref/sync.py", line 506, in __call__
    ret = await asyncio.shield(exec_coro)
          ^^^^^^^^^^^^^^^^^^^^^^^^^^^^^^^
  File "/usr/local/lib/python3.11/concurrent/futures/thread.py", line 58, in run
    result = self.fn(*self.args, **self.kwargs)
             ^^^^^^^^^^^^^^^^^^^^^^^^^^^^^^^^^^
  File "/usr/local/lib/python3.11/site-packages/asgiref/sync.py", line 561, in thread_handler
    return func(*args, **kwargs)
           ^^^^^^^^^^^^^^^^^^^^^
  File "/usr/local/lib/python3.11/site-packages/django/middleware/common.py", line 108, in process_response
    return self.response_redirect_class(self.get_full_path_with_slash(request))
                                        ^^^^^^^^^^^^^^^^^^^^^^^^^^^^^^^^^^^^^^
  File "/usr/local/lib/python3.11/site-packages/django/middleware/common.py", line 87, in get_full_path_with_slash
    raise RuntimeError(
RuntimeError: You called this URL via POST, but the URL doesn't end in a slash and you have APPEND_SLASH set. Django can't redirect to the slash URL while maintaining POST data. Change your form to point to 0c60-2a02-8084-c80-ea80-c1fc-2938-23f4-4da1.ngrok-free.app/api/v1/payment/stripe-webhook/ (note the trailing slash), or set APPEND_SLASH=False in your Django settings.
ERROR 2026-02-15 21:25:38,115 log 7 140164647089856 Internal Server Error: /api/v1/payment/stripe-webhook
Traceback (most recent call last):
  File "/usr/local/lib/python3.11/site-packages/asgiref/sync.py", line 557, in thread_handler
    raise exc_info[1]
  File "/usr/local/lib/python3.11/site-packages/django/core/handlers/exception.py", line 42, in inner
    response = await get_response(request)
               ^^^^^^^^^^^^^^^^^^^^^^^^^^^
  File "/usr/local/lib/python3.11/site-packages/django/utils/deprecation.py", line 138, in __acall__
    response = await sync_to_async(
               ^^^^^^^^^^^^^^^^^^^^
  File "/usr/local/lib/python3.11/site-packages/asgiref/sync.py", line 506, in __call__
    ret = await asyncio.shield(exec_coro)
          ^^^^^^^^^^^^^^^^^^^^^^^^^^^^^^^
  File "/usr/local/lib/python3.11/concurrent/futures/thread.py", line 58, in run
    result = self.fn(*self.args, **self.kwargs)
             ^^^^^^^^^^^^^^^^^^^^^^^^^^^^^^^^^^
  File "/usr/local/lib/python3.11/site-packages/asgiref/sync.py", line 561, in thread_handler
    return func(*args, **kwargs)
           ^^^^^^^^^^^^^^^^^^^^^
  File "/usr/local/lib/python3.11/site-packages/django/middleware/common.py", line 108, in process_response
    return self.response_redirect_class(self.get_full_path_with_slash(request))
                                        ^^^^^^^^^^^^^^^^^^^^^^^^^^^^^^^^^^^^^^
  File "/usr/local/lib/python3.11/site-packages/django/middleware/common.py", line 87, in get_full_path_with_slash
    raise RuntimeError(
RuntimeError: You called this URL via POST, but the URL doesn't end in a slash and you have APPEND_SLASH set. Django can't redirect to the slash URL while maintaining POST data. Change your form to point to 0c60-2a02-8084-c80-ea80-c1fc-2938-23f4-4da1.ngrok-free.app/api/v1/payment/stripe-webhook/ (note the trailing slash), or set APPEND_SLASH=False in your Django settings.
ERROR 2026-02-15 21:25:38,131 runserver 7 140165156959936 HTTP POST /api/v1/payment/stripe-webhook 500 [0.26, 172.18.0.6:34020]
ERROR 2026-02-15 21:25:38,143 runserver 7 140165156959936 HTTP POST /api/v1/payment/stripe-webhook 500 [0.18, 172.18.0.6:34034]
ERROR 2026-02-15 21:25:38,148 log 7 140164621911744 Internal Server Error: /api/v1/payment/stripe-webhook
Traceback (most recent call last):
  File "/usr/local/lib/python3.11/site-packages/asgiref/sync.py", line 557, in thread_handler
    raise exc_info[1]
  File "/usr/local/lib/python3.11/site-packages/django/core/handlers/exception.py", line 42, in inner
    response = await get_response(request)
               ^^^^^^^^^^^^^^^^^^^^^^^^^^^
  File "/usr/local/lib/python3.11/site-packages/django/utils/deprecation.py", line 138, in __acall__
    response = await sync_to_async(
               ^^^^^^^^^^^^^^^^^^^^
  File "/usr/local/lib/python3.11/site-packages/asgiref/sync.py", line 506, in __call__
    ret = await asyncio.shield(exec_coro)
          ^^^^^^^^^^^^^^^^^^^^^^^^^^^^^^^
  File "/usr/local/lib/python3.11/concurrent/futures/thread.py", line 58, in run
    result = self.fn(*self.args, **self.kwargs)
             ^^^^^^^^^^^^^^^^^^^^^^^^^^^^^^^^^^
  File "/usr/local/lib/python3.11/site-packages/asgiref/sync.py", line 561, in thread_handler
    return func(*args, **kwargs)
           ^^^^^^^^^^^^^^^^^^^^^
  File "/usr/local/lib/python3.11/site-packages/django/middleware/common.py", line 108, in process_response
    return self.response_redirect_class(self.get_full_path_with_slash(request))
                                        ^^^^^^^^^^^^^^^^^^^^^^^^^^^^^^^^^^^^^^
  File "/usr/local/lib/python3.11/site-packages/django/middleware/common.py", line 87, in get_full_path_with_slash
    raise RuntimeError(
RuntimeError: You called this URL via POST, but the URL doesn't end in a slash and you have APPEND_SLASH set. Django can't redirect to the slash URL while maintaining POST data. Change your form to point to 0c60-2a02-8084-c80-ea80-c1fc-2938-23f4-4da1.ngrok-free.app/api/v1/payment/stripe-webhook/ (note the trailing slash), or set APPEND_SLASH=False in your Django settings.
ERROR 2026-02-15 21:25:38,156 runserver 7 140165156959936 HTTP POST /api/v1/payment/stripe-webhook 500 [0.09, 172.18.0.6:34040]
ERROR 2026-02-15 21:25:40,458 log 7 140164647089856 Internal Server Error: /api/v1/payment/stripe-webhook
Traceback (most recent call last):
  File "/usr/local/lib/python3.11/site-packages/asgiref/sync.py", line 557, in thread_handler
    raise exc_info[1]
  File "/usr/local/lib/python3.11/site-packages/django/core/handlers/exception.py", line 42, in inner
    response = await get_response(request)
               ^^^^^^^^^^^^^^^^^^^^^^^^^^^
  File "/usr/local/lib/python3.11/site-packages/django/utils/deprecation.py", line 138, in __acall__
    response = await sync_to_async(
               ^^^^^^^^^^^^^^^^^^^^
  File "/usr/local/lib/python3.11/site-packages/asgiref/sync.py", line 506, in __call__
    ret = await asyncio.shield(exec_coro)
          ^^^^^^^^^^^^^^^^^^^^^^^^^^^^^^^
  File "/usr/local/lib/python3.11/concurrent/futures/thread.py", line 58, in run
    result = self.fn(*self.args, **self.kwargs)
             ^^^^^^^^^^^^^^^^^^^^^^^^^^^^^^^^^^
  File "/usr/local/lib/python3.11/site-packages/asgiref/sync.py", line 561, in thread_handler
    return func(*args, **kwargs)
           ^^^^^^^^^^^^^^^^^^^^^
  File "/usr/local/lib/python3.11/site-packages/django/middleware/common.py", line 108, in process_response
    return self.response_redirect_class(self.get_full_path_with_slash(request))
                                        ^^^^^^^^^^^^^^^^^^^^^^^^^^^^^^^^^^^^^^
  File "/usr/local/lib/python3.11/site-packages/django/middleware/common.py", line 87, in get_full_path_with_slash
    raise RuntimeError(
RuntimeError: You called this URL via POST, but the URL doesn't end in a slash and you have APPEND_SLASH set. Django can't redirect to the slash URL while maintaining POST data. Change your form to point to 0c60-2a02-8084-c80-ea80-c1fc-2938-23f4-4da1.ngrok-free.app/api/v1/payment/stripe-webhook/ (note the trailing slash), or set APPEND_SLASH=False in your Django settings.
ERROR 2026-02-15 21:25:40,463 runserver 7 140165156959936 HTTP POST /api/v1/payment/stripe-webhook 500 [0.03, 172.18.0.6:53262]
ERROR 2026-02-15 21:26:03,704 log 7 140164630304448 Internal Server Error: /api/v1/payment/stripe-webhook
Traceback (most recent call last):
  File "/usr/local/lib/python3.11/site-packages/asgiref/sync.py", line 557, in thread_handler
    raise exc_info[1]
  File "/usr/local/lib/python3.11/site-packages/django/core/handlers/exception.py", line 42, in inner
    response = await get_response(request)
               ^^^^^^^^^^^^^^^^^^^^^^^^^^^
  File "/usr/local/lib/python3.11/site-packages/django/utils/deprecation.py", line 138, in __acall__
    response = await sync_to_async(
               ^^^^^^^^^^^^^^^^^^^^
  File "/usr/local/lib/python3.11/site-packages/asgiref/sync.py", line 506, in __call__
    ret = await asyncio.shield(exec_coro)
          ^^^^^^^^^^^^^^^^^^^^^^^^^^^^^^^
  File "/usr/local/lib/python3.11/concurrent/futures/thread.py", line 58, in run
    result = self.fn(*self.args, **self.kwargs)
             ^^^^^^^^^^^^^^^^^^^^^^^^^^^^^^^^^^
  File "/usr/local/lib/python3.11/site-packages/asgiref/sync.py", line 561, in thread_handler
    return func(*args, **kwargs)
           ^^^^^^^^^^^^^^^^^^^^^
  File "/usr/local/lib/python3.11/site-packages/django/middleware/common.py", line 108, in process_response
    return self.response_redirect_class(self.get_full_path_with_slash(request))
                                        ^^^^^^^^^^^^^^^^^^^^^^^^^^^^^^^^^^^^^^
  File "/usr/local/lib/python3.11/site-packages/django/middleware/common.py", line 87, in get_full_path_with_slash
    raise RuntimeError(
RuntimeError: You called this URL via POST, but the URL doesn't end in a slash and you have APPEND_SLASH set. Django can't redirect to the slash URL while maintaining POST data. Change your form to point to 0c60-2a02-8084-c80-ea80-c1fc-2938-23f4-4da1.ngrok-free.app/api/v1/payment/stripe-webhook/ (note the trailing slash), or set APPEND_SLASH=False in your Django settings.
ERROR 2026-02-15 21:26:03,721 runserver 7 140165156959936 HTTP POST /api/v1/payment/stripe-webhook 500 [0.07, 172.18.0.6:36372]
ERROR 2026-02-15 21:26:03,773 log 7 140165016180416 Internal Server Error: /api/v1/payment/stripe-webhook
Traceback (most recent call last):
  File "/usr/local/lib/python3.11/site-packages/asgiref/sync.py", line 557, in thread_handler
    raise exc_info[1]
  File "/usr/local/lib/python3.11/site-packages/django/core/handlers/exception.py", line 42, in inner
    response = await get_response(request)
               ^^^^^^^^^^^^^^^^^^^^^^^^^^^
  File "/usr/local/lib/python3.11/site-packages/django/utils/deprecation.py", line 138, in __acall__
    response = await sync_to_async(
               ^^^^^^^^^^^^^^^^^^^^
  File "/usr/local/lib/python3.11/site-packages/asgiref/sync.py", line 506, in __call__
    ret = await asyncio.shield(exec_coro)
          ^^^^^^^^^^^^^^^^^^^^^^^^^^^^^^^
  File "/usr/local/lib/python3.11/concurrent/futures/thread.py", line 58, in run
    result = self.fn(*self.args, **self.kwargs)
             ^^^^^^^^^^^^^^^^^^^^^^^^^^^^^^^^^^
  File "/usr/local/lib/python3.11/site-packages/asgiref/sync.py", line 561, in thread_handler
    return func(*args, **kwargs)
           ^^^^^^^^^^^^^^^^^^^^^
  File "/usr/local/lib/python3.11/site-packages/django/middleware/common.py", line 108, in process_response
    return self.response_redirect_class(self.get_full_path_with_slash(request))
                                        ^^^^^^^^^^^^^^^^^^^^^^^^^^^^^^^^^^^^^^
  File "/usr/local/lib/python3.11/site-packages/django/middleware/common.py", line 87, in get_full_path_with_slash
    raise RuntimeError(
RuntimeError: You called this URL via POST, but the URL doesn't end in a slash and you have APPEND_SLASH set. Django can't redirect to the slash URL while maintaining POST data. Change your form to point to 0c60-2a02-8084-c80-ea80-c1fc-2938-23f4-4da1.ngrok-free.app/api/v1/payment/stripe-webhook/ (note the trailing slash), or set APPEND_SLASH=False in your Django settings.
ERROR 2026-02-15 21:26:03,787 runserver 7 140165156959936 HTTP POST /api/v1/payment/stripe-webhook 500 [0.07, 172.18.0.6:36388]
ERROR 2026-02-15 21:26:03,833 log 7 140164647089856 Internal Server Error: /api/v1/payment/stripe-webhook
Traceback (most recent call last):
  File "/usr/local/lib/python3.11/site-packages/asgiref/sync.py", line 557, in thread_handler
    raise exc_info[1]
  File "/usr/local/lib/python3.11/site-packages/django/core/handlers/exception.py", line 42, in inner
    response = await get_response(request)
               ^^^^^^^^^^^^^^^^^^^^^^^^^^^
  File "/usr/local/lib/python3.11/site-packages/django/utils/deprecation.py", line 138, in __acall__
    response = await sync_to_async(
               ^^^^^^^^^^^^^^^^^^^^
  File "/usr/local/lib/python3.11/site-packages/asgiref/sync.py", line 506, in __call__
    ret = await asyncio.shield(exec_coro)
          ^^^^^^^^^^^^^^^^^^^^^^^^^^^^^^^
  File "/usr/local/lib/python3.11/concurrent/futures/thread.py", line 58, in run
    result = self.fn(*self.args, **self.kwargs)
             ^^^^^^^^^^^^^^^^^^^^^^^^^^^^^^^^^^
  File "/usr/local/lib/python3.11/site-packages/asgiref/sync.py", line 561, in thread_handler
    return func(*args, **kwargs)
           ^^^^^^^^^^^^^^^^^^^^^
  File "/usr/local/lib/python3.11/site-packages/django/middleware/common.py", line 108, in process_response
    return self.response_redirect_class(self.get_full_path_with_slash(request))
                                        ^^^^^^^^^^^^^^^^^^^^^^^^^^^^^^^^^^^^^^
  File "/usr/local/lib/python3.11/site-packages/django/middleware/common.py", line 87, in get_full_path_with_slash
    raise RuntimeError(
RuntimeError: You called this URL via POST, but the URL doesn't end in a slash and you have APPEND_SLASH set. Django can't redirect to the slash URL while maintaining POST data. Change your form to point to 0c60-2a02-8084-c80-ea80-c1fc-2938-23f4-4da1.ngrok-free.app/api/v1/payment/stripe-webhook/ (note the trailing slash), or set APPEND_SLASH=False in your Django settings.
ERROR 2026-02-15 21:26:03,837 runserver 7 140165156959936 HTTP POST /api/v1/payment/stripe-webhook 500 [0.03, 172.18.0.6:36410]
ERROR 2026-02-15 21:26:06,271 log 7 140164621911744 Internal Server Error: /api/v1/payment/stripe-webhook
Traceback (most recent call last):
  File "/usr/local/lib/python3.11/site-packages/asgiref/sync.py", line 557, in thread_handler
    raise exc_info[1]
  File "/usr/local/lib/python3.11/site-packages/django/core/handlers/exception.py", line 42, in inner
    response = await get_response(request)
               ^^^^^^^^^^^^^^^^^^^^^^^^^^^
  File "/usr/local/lib/python3.11/site-packages/django/utils/deprecation.py", line 138, in __acall__
    response = await sync_to_async(
               ^^^^^^^^^^^^^^^^^^^^
  File "/usr/local/lib/python3.11/site-packages/asgiref/sync.py", line 506, in __call__
    ret = await asyncio.shield(exec_coro)
          ^^^^^^^^^^^^^^^^^^^^^^^^^^^^^^^
  File "/usr/local/lib/python3.11/concurrent/futures/thread.py", line 58, in run
    result = self.fn(*self.args, **self.kwargs)
             ^^^^^^^^^^^^^^^^^^^^^^^^^^^^^^^^^^
  File "/usr/local/lib/python3.11/site-packages/asgiref/sync.py", line 561, in thread_handler
    return func(*args, **kwargs)
           ^^^^^^^^^^^^^^^^^^^^^
  File "/usr/local/lib/python3.11/site-packages/django/middleware/common.py", line 108, in process_response
    return self.response_redirect_class(self.get_full_path_with_slash(request))
                                        ^^^^^^^^^^^^^^^^^^^^^^^^^^^^^^^^^^^^^^
  File "/usr/local/lib/python3.11/site-packages/django/middleware/common.py", line 87, in get_full_path_with_slash
    raise RuntimeError(
RuntimeError: You called this URL via POST, but the URL doesn't end in a slash and you have APPEND_SLASH set. Django can't redirect to the slash URL while maintaining POST data. Change your form to point to 0c60-2a02-8084-c80-ea80-c1fc-2938-23f4-4da1.ngrok-free.app/api/v1/payment/stripe-webhook/ (note the trailing slash), or set APPEND_SLASH=False in your Django settings.
ERROR 2026-02-15 21:26:06,275 runserver 7 140165156959936 HTTP POST /api/v1/payment/stripe-webhook 500 [0.04, 172.18.0.6:36416]
ERROR 2026-02-15 23:18:28,548 log 601 136958891255488 Internal Server Error: /api/v1/payment/create_payment_sheet/
ERROR 2026-02-15 23:18:28,551 runserver 601 136959027697344 HTTP POST /api/v1/payment/create_payment_sheet/ 500 [0.10, 172.18.0.6:49448]
ERROR 2026-02-15 23:18:33,173 log 601 136958891255488 Internal Server Error: /api/v1/payment/create_payment_sheet/
ERROR 2026-02-15 23:18:33,174 runserver 601 136959027697344 HTTP POST /api/v1/payment/create_payment_sheet/ 500 [0.11, 172.18.0.6:49468]
ERROR 2026-02-15 23:18:41,967 log 601 136958891255488 Internal Server Error: /api/v1/payment/create_payment_sheet/
ERROR 2026-02-15 23:18:41,969 runserver 601 136959027697344 HTTP POST /api/v1/payment/create_payment_sheet/ 500 [0.08, 172.18.0.6:33934]
ERROR 2026-02-15 23:19:06,230 log 601 136958891255488 Internal Server Error: /api/v1/payment/create_payment_sheet/
ERROR 2026-02-15 23:19:06,231 runserver 601 136959027697344 HTTP POST /api/v1/payment/create_payment_sheet/ 500 [0.10, 172.18.0.6:36894]
ERROR 2026-02-15 23:20:24,311 log 601 136958891255488 Internal Server Error: /api/v1/payment/create_payment_sheet/
ERROR 2026-02-15 23:20:24,313 runserver 601 136959027697344 HTTP POST /api/v1/payment/create_payment_sheet/ 500 [0.12, 172.18.0.6:33050]
ERROR 2026-02-16 00:13:26,170 events 7 139469185349312 No successful payment found for booking APT1771200087447
ERROR 2026-02-16 02:17:28,332 log 1495 136303379211968 Internal Server Error: /api/v1/payment/create_payment_sheet/
ERROR 2026-02-16 02:17:28,334 runserver 1495 136303511799488 HTTP POST /api/v1/payment/create_payment_sheet/ 500 [0.09, 172.18.0.6:58444]
ERROR 2026-02-22 19:44:02,888 log 7 126215629301440 Invalid HTTP_HOST header: '157b-2a02-8084-c80-ea80-2438-8f1b-b2df-319f.ngrok-free.app'. You may need to add '157b-2a02-8084-c80-ea80-2438-8f1b-b2df-319f.ngrok-free.app' to ALLOWED_HOSTS.
Traceback (most recent call last):
  File "/usr/local/lib/python3.11/site-packages/asgiref/sync.py", line 557, in thread_handler
    raise exc_info[1]
  File "/usr/local/lib/python3.11/site-packages/django/core/handlers/exception.py", line 42, in inner
    response = await get_response(request)
               ^^^^^^^^^^^^^^^^^^^^^^^^^^^
  File "/usr/local/lib/python3.11/site-packages/django/utils/deprecation.py", line 132, in __acall__
    response = await sync_to_async(
               ^^^^^^^^^^^^^^^^^^^^
  File "/usr/local/lib/python3.11/site-packages/asgiref/sync.py", line 506, in __call__
    ret = await asyncio.shield(exec_coro)
          ^^^^^^^^^^^^^^^^^^^^^^^^^^^^^^^
  File "/usr/local/lib/python3.11/concurrent/futures/thread.py", line 58, in run
    result = self.fn(*self.args, **self.kwargs)
             ^^^^^^^^^^^^^^^^^^^^^^^^^^^^^^^^^^
  File "/usr/local/lib/python3.11/site-packages/asgiref/sync.py", line 561, in thread_handler
    return func(*args, **kwargs)
           ^^^^^^^^^^^^^^^^^^^^^
  File "/usr/local/lib/python3.11/site-packages/django/middleware/common.py", line 48, in process_request
    host = request.get_host()
           ^^^^^^^^^^^^^^^^^^
  File "/usr/local/lib/python3.11/site-packages/django/http/request.py", line 202, in get_host
    raise DisallowedHost(msg)
django.core.exceptions.DisallowedHost: Invalid HTTP_HOST header: '157b-2a02-8084-c80-ea80-2438-8f1b-b2df-319f.ngrok-free.app'. You may need to add '157b-2a02-8084-c80-ea80-2438-8f1b-b2df-319f.ngrok-free.app' to ALLOWED_HOSTS.
ERROR 2026-02-22 21:43:36,950 log 7 137260829759168 Internal Server Error: /api/v1/payment/create_payment_sheet/
ERROR 2026-02-22 21:43:36,951 runserver 7 137260969080512 HTTP POST /api/v1/payment/create_payment_sheet/ 500 [0.43, 172.18.0.10:57136]
ERROR 2026-02-22 21:43:56,250 log 7 137260829759168 Internal Server Error: /api/v1/payment/create_payment_sheet/
ERROR 2026-02-22 21:43:56,251 runserver 7 137260969080512 HTTP POST /api/v1/payment/create_payment_sheet/ 500 [0.39, 172.18.0.10:46654]
ERROR 2026-02-23 00:41:27,317 log 1764 126733260936896 Internal Server Error: /api/v1/payment/create_payment_sheet/
ERROR 2026-02-23 00:41:27,321 runserver 1764 126733782611648 HTTP POST /api/v1/payment/create_payment_sheet/ 500 [0.09, 172.18.0.10:51140]
ERROR 2026-02-23 00:41:32,094 log 1764 126733277722304 Internal Server Error: /api/v1/payment/create_payment_sheet/
ERROR 2026-02-23 00:41:32,096 runserver 1764 126733782611648 HTTP POST /api/v1/payment/create_payment_sheet/ 500 [0.05, 172.18.0.10:51146]
ERROR 2026-02-23 13:06:23,461 log 3171 133239599519424 Internal Server Error: /api/v1/dashboard/get_recent_services/
ERROR 2026-02-23 13:06:23,465 runserver 3171 133240128665280 HTTP GET /api/v1/dashboard/get_recent_services/ 500 [0.06, 172.18.0.10:58400]
ERROR 2026-02-23 13:06:36,475 log 3171 133239591126720 Internal Server Error: /api/v1/dashboard/get_upcoming_appointments/
ERROR 2026-02-23 13:06:36,478 runserver 3171 133240128665280 HTTP GET /api/v1/dashboard/get_upcoming_appointments/ 500 [0.08, 172.18.0.10:50666]
ERROR 2026-02-23 13:06:36,516 log 3171 133239582734016 Internal Server Error: /api/v1/dashboard/get_recent_services/
ERROR 2026-02-23 13:06:36,519 runserver 3171 133240128665280 HTTP GET /api/v1/dashboard/get_recent_services/ 500 [0.09, 172.18.0.10:50682]
ERROR 2026-02-23 13:11:47,621 log 3171 133239591126720 Internal Server Error: /api/v1/dashboard/get_upcoming_appointments/
ERROR 2026-02-23 13:11:47,626 runserver 3171 133240128665280 HTTP GET /api/v1/dashboard/get_upcoming_appointments/ 500 [0.08, 172.18.0.10:36222]
ERROR 2026-02-23 13:11:47,677 log 3171 133239582734016 Internal Server Error: /api/v1/dashboard/get_recent_services/
ERROR 2026-02-23 13:11:47,684 runserver 3171 133240128665280 HTTP GET /api/v1/dashboard/get_recent_services/ 500 [0.14, 172.18.0.10:36218]
ERROR 2026-02-23 13:12:47,927 log 3171 133239582734016 Internal Server Error: /api/v1/dashboard/get_upcoming_appointments/
ERROR 2026-02-23 13:12:47,930 runserver 3171 133240128665280 HTTP GET /api/v1/dashboard/get_upcoming_appointments/ 500 [0.09, 172.18.0.10:49090]
ERROR 2026-02-23 13:12:47,964 log 3171 133239599519424 Internal Server Error: /api/v1/dashboard/get_recent_services/
ERROR 2026-02-23 13:12:47,967 runserver 3171 133240128665280 HTTP GET /api/v1/dashboard/get_recent_services/ 500 [0.11, 172.18.0.10:49096]
ERROR 2026-02-23 13:13:00,051 log 3171 133239591126720 Internal Server Error: /api/v1/dashboard/get_upcoming_appointments/
ERROR 2026-02-23 13:13:00,054 runserver 3171 133240128665280 HTTP GET /api/v1/dashboard/get_upcoming_appointments/ 500 [0.10, 172.18.0.10:48750]
ERROR 2026-02-23 13:13:00,174 log 3171 133239582734016 Internal Server Error: /api/v1/dashboard/get_recent_services/
ERROR 2026-02-23 13:13:00,177 runserver 3171 133240128665280 HTTP GET /api/v1/dashboard/get_recent_services/ 500 [0.19, 172.18.0.10:48752]
ERROR 2026-02-23 13:58:09,961 log 3171 133239616304832 Internal Server Error: /api/v1/payment/create_payment_sheet/
ERROR 2026-02-23 13:58:09,964 runserver 3171 133240128665280 HTTP POST /api/v1/payment/create_payment_sheet/ 500 [0.90, 172.18.0.10:42364]
ERROR 2026-02-23 13:58:18,255 log 3171 133239582734016 Internal Server Error: /api/v1/payment/create_payment_sheet/
ERROR 2026-02-23 13:58:18,259 runserver 3171 133240128665280 HTTP POST /api/v1/payment/create_payment_sheet/ 500 [0.64, 172.18.0.10:40830]
ERROR 2026-02-23 13:58:29,025 log 3171 133239607912128 Internal Server Error: /api/v1/payment/create_payment_sheet/
ERROR 2026-02-23 13:58:29,027 runserver 3171 133240128665280 HTTP POST /api/v1/payment/create_payment_sheet/ 500 [0.46, 172.18.0.10:56890]
ERROR 2026-02-25 00:54:32,183 log 14279 128901556725440 Internal Server Error: /api/v1/dashboard/get_upcoming_appointments/
ERROR 2026-02-25 00:54:32,186 runserver 14279 128901693433536 HTTP GET /api/v1/dashboard/get_upcoming_appointments/ 500 [0.10, 172.18.0.10:43498]
ERROR 2026-02-25 00:54:33,719 log 14279 128901556725440 Internal Server Error: /api/v1/dashboard/get_upcoming_appointments/
ERROR 2026-02-25 00:54:33,721 runserver 14279 128901693433536 HTTP GET /api/v1/dashboard/get_upcoming_appointments/ 500 [0.11, 172.18.0.10:43504]
ERROR 2026-02-28 02:15:22,247 log 8 136692526720704 Internal Server Error: /api/v1/terms/get_terms/
Traceback (most recent call last):
  File "/usr/local/lib/python3.11/site-packages/asgiref/sync.py", line 557, in thread_handler
    raise exc_info[1]
  File "/usr/local/lib/python3.11/site-packages/django/core/handlers/exception.py", line 42, in inner
    response = await get_response(request)
               ^^^^^^^^^^^^^^^^^^^^^^^^^^^
  File "/usr/local/lib/python3.11/site-packages/asgiref/sync.py", line 557, in thread_handler
    raise exc_info[1]
  File "/usr/local/lib/python3.11/site-packages/django/core/handlers/base.py", line 253, in _get_response_async
    response = await wrapped_callback(
               ^^^^^^^^^^^^^^^^^^^^^^^
  File "/usr/local/lib/python3.11/site-packages/asgiref/sync.py", line 506, in __call__
    ret = await asyncio.shield(exec_coro)
          ^^^^^^^^^^^^^^^^^^^^^^^^^^^^^^^
  File "/usr/local/lib/python3.11/concurrent/futures/thread.py", line 58, in run
    result = self.fn(*self.args, **self.kwargs)
             ^^^^^^^^^^^^^^^^^^^^^^^^^^^^^^^^^^
  File "/usr/local/lib/python3.11/site-packages/asgiref/sync.py", line 561, in thread_handler
    return func(*args, **kwargs)
           ^^^^^^^^^^^^^^^^^^^^^
  File "/usr/local/lib/python3.11/site-packages/django/views/decorators/csrf.py", line 65, in _view_wrapper
    return view_func(request, *args, **kwargs)
           ^^^^^^^^^^^^^^^^^^^^^^^^^^^^^^^^^^^
  File "/usr/local/lib/python3.11/site-packages/django/views/generic/base.py", line 105, in view
    return self.dispatch(request, *args, **kwargs)
           ^^^^^^^^^^^^^^^^^^^^^^^^^^^^^^^^^^^^^^^
  File "/usr/local/lib/python3.11/site-packages/rest_framework/views.py", line 515, in dispatch
    response = self.handle_exception(exc)
               ^^^^^^^^^^^^^^^^^^^^^^^^^^
  File "/usr/local/lib/python3.11/site-packages/rest_framework/views.py", line 475, in handle_exception
    self.raise_uncaught_exception(exc)
  File "/usr/local/lib/python3.11/site-packages/rest_framework/views.py", line 486, in raise_uncaught_exception
    raise exc
  File "/usr/local/lib/python3.11/site-packages/rest_framework/views.py", line 512, in dispatch
    response = handler(request, *args, **kwargs)
               ^^^^^^^^^^^^^^^^^^^^^^^^^^^^^^^^^
  File "/app/main/views/terms.py", line 20, in get
    return handler(request)
           ^^^^^^^^^^^^^^^^
  File "/app/main/views/terms.py", line 32, in get_terms
    terms = TermsAndConditions.objects.latest('last_updated')
            ^^^^^^^^^^^^^^^^^^^^^^^^^^^^^^^^^^^^^^^^^^^^^^^^^
  File "/usr/local/lib/python3.11/site-packages/django/db/models/manager.py", line 87, in manager_method
    return getattr(self.get_queryset(), name)(*args, **kwargs)
           ^^^^^^^^^^^^^^^^^^^^^^^^^^^^^^^^^^^^^^^^^^^^^^^^^^^
  File "/usr/local/lib/python3.11/site-packages/django/db/models/query.py", line 1094, in latest
    return self.reverse()._earliest(*fields)
           ^^^^^^^^^^^^^^^^^^^^^^^^^^^^^^^^^
  File "/usr/local/lib/python3.11/site-packages/django/db/models/query.py", line 1077, in _earliest
    return obj.get()
           ^^^^^^^^^
  File "/usr/local/lib/python3.11/site-packages/django/db/models/query.py", line 631, in get
    num = len(clone)
          ^^^^^^^^^^
  File "/usr/local/lib/python3.11/site-packages/django/db/models/query.py", line 368, in __len__
    self._fetch_all()
  File "/usr/local/lib/python3.11/site-packages/django/db/models/query.py", line 1954, in _fetch_all
    self._result_cache = list(self._iterable_class(self))
                         ^^^^^^^^^^^^^^^^^^^^^^^^^^^^^^^^
  File "/usr/local/lib/python3.11/site-packages/django/db/models/query.py", line 125, in __iter__
    for row in compiler.results_iter(results):
  File "/usr/local/lib/python3.11/site-packages/django/db/models/sql/compiler.py", line 1541, in apply_converters
    value = converter(value, expression, connection)
            ^^^^^^^^^^^^^^^^^^^^^^^^^^^^^^^^^^^^^^^^
  File "/usr/local/lib/python3.11/site-packages/django/db/backends/sqlite3/operations.py", line 360, in convert_uuidfield_value
    value = uuid.UUID(value)
            ^^^^^^^^^^^^^^^^
  File "/usr/local/lib/python3.11/uuid.py", line 178, in __init__
    raise ValueError('badly formed hexadecimal UUID string')
ValueError: badly formed hexadecimal UUID string
ERROR 2026-02-28 02:15:22,264 runserver 8 136692843452096 HTTP GET /api/v1/terms/get_terms/ 500 [0.12, 172.18.0.6:46952]
ERROR 2026-02-28 02:17:06,381 log 8 136692518328000 Internal Server Error: /admin/login/
Traceback (most recent call last):
  File "/usr/local/lib/python3.11/site-packages/asgiref/sync.py", line 557, in thread_handler
    raise exc_info[1]
  File "/usr/local/lib/python3.11/site-packages/django/core/handlers/exception.py", line 42, in inner
    response = await get_response(request)
               ^^^^^^^^^^^^^^^^^^^^^^^^^^^
  File "/usr/local/lib/python3.11/site-packages/asgiref/sync.py", line 557, in thread_handler
    raise exc_info[1]
  File "/usr/local/lib/python3.11/site-packages/django/core/handlers/base.py", line 253, in _get_response_async
    response = await wrapped_callback(
               ^^^^^^^^^^^^^^^^^^^^^^^
  File "/usr/local/lib/python3.11/site-packages/asgiref/sync.py", line 506, in __call__
    ret = await asyncio.shield(exec_coro)
          ^^^^^^^^^^^^^^^^^^^^^^^^^^^^^^^
  File "/usr/local/lib/python3.11/concurrent/futures/thread.py", line 58, in run
    result = self.fn(*self.args, **self.kwargs)
             ^^^^^^^^^^^^^^^^^^^^^^^^^^^^^^^^^^
  File "/usr/local/lib/python3.11/site-packages/asgiref/sync.py", line 561, in thread_handler
    return func(*args, **kwargs)
           ^^^^^^^^^^^^^^^^^^^^^
  File "/usr/local/lib/python3.11/site-packages/django/utils/decorators.py", line 48, in _wrapper
    return bound_method(*args, **kwargs)
           ^^^^^^^^^^^^^^^^^^^^^^^^^^^^^
  File "/usr/local/lib/python3.11/site-packages/django/views/decorators/cache.py", line 80, in _view_wrapper
    response = view_func(request, *args, **kwargs)
               ^^^^^^^^^^^^^^^^^^^^^^^^^^^^^^^^^^^
  File "/usr/local/lib/python3.11/site-packages/django/contrib/admin/sites.py", line 449, in login
    return LoginView.as_view(**defaults)(request)
           ^^^^^^^^^^^^^^^^^^^^^^^^^^^^^^^^^^^^^^
  File "/usr/local/lib/python3.11/site-packages/django/views/generic/base.py", line 105, in view
    return self.dispatch(request, *args, **kwargs)
           ^^^^^^^^^^^^^^^^^^^^^^^^^^^^^^^^^^^^^^^
  File "/usr/local/lib/python3.11/site-packages/django/utils/decorators.py", line 48, in _wrapper
    return bound_method(*args, **kwargs)
           ^^^^^^^^^^^^^^^^^^^^^^^^^^^^^
  File "/usr/local/lib/python3.11/site-packages/django/utils/decorators.py", line 48, in _wrapper
    return bound_method(*args, **kwargs)
           ^^^^^^^^^^^^^^^^^^^^^^^^^^^^^
  File "/usr/local/lib/python3.11/site-packages/django/views/decorators/debug.py", line 143, in sensitive_post_parameters_wrapper
    return view(request, *args, **kwargs)
           ^^^^^^^^^^^^^^^^^^^^^^^^^^^^^^
  File "/usr/local/lib/python3.11/site-packages/django/utils/decorators.py", line 48, in _wrapper
    return bound_method(*args, **kwargs)
           ^^^^^^^^^^^^^^^^^^^^^^^^^^^^^
  File "/usr/local/lib/python3.11/site-packages/django/utils/decorators.py", line 192, in _view_wrapper
    result = _process_exception(request, e)
             ^^^^^^^^^^^^^^^^^^^^^^^^^^^^^^
  File "/usr/local/lib/python3.11/site-packages/django/utils/decorators.py", line 190, in _view_wrapper
    response = view_func(request, *args, **kwargs)
               ^^^^^^^^^^^^^^^^^^^^^^^^^^^^^^^^^^^
  File "/usr/local/lib/python3.11/site-packages/django/utils/decorators.py", line 48, in _wrapper
    return bound_method(*args, **kwargs)
           ^^^^^^^^^^^^^^^^^^^^^^^^^^^^^
  File "/usr/local/lib/python3.11/site-packages/django/views/decorators/cache.py", line 80, in _view_wrapper
    response = view_func(request, *args, **kwargs)
               ^^^^^^^^^^^^^^^^^^^^^^^^^^^^^^^^^^^
  File "/usr/local/lib/python3.11/site-packages/django/contrib/auth/views.py", line 89, in dispatch
    return super().dispatch(request, *args, **kwargs)
           ^^^^^^^^^^^^^^^^^^^^^^^^^^^^^^^^^^^^^^^^^^
  File "/usr/local/lib/python3.11/site-packages/django/views/generic/base.py", line 144, in dispatch
    return handler(request, *args, **kwargs)
           ^^^^^^^^^^^^^^^^^^^^^^^^^^^^^^^^^
  File "/usr/local/lib/python3.11/site-packages/django/views/generic/edit.py", line 150, in post
    if form.is_valid():
       ^^^^^^^^^^^^^^^
  File "/usr/local/lib/python3.11/site-packages/django/forms/forms.py", line 206, in is_valid
    return self.is_bound and not self.errors
                                 ^^^^^^^^^^^
  File "/usr/local/lib/python3.11/site-packages/django/forms/forms.py", line 201, in errors
    self.full_clean()
  File "/usr/local/lib/python3.11/site-packages/django/forms/forms.py", line 338, in full_clean
    self._clean_form()
  File "/usr/local/lib/python3.11/site-packages/django/forms/forms.py", line 354, in _clean_form
    cleaned_data = self.clean()
                   ^^^^^^^^^^^^
  File "/usr/local/lib/python3.11/site-packages/django/views/decorators/debug.py", line 75, in sensitive_variables_wrapper
    return func(*func_args, **func_kwargs)
           ^^^^^^^^^^^^^^^^^^^^^^^^^^^^^^^
  File "/usr/local/lib/python3.11/site-packages/django/contrib/auth/forms.py", line 366, in clean
    self.user_cache = authenticate(
                      ^^^^^^^^^^^^^
  File "/usr/local/lib/python3.11/site-packages/django/views/decorators/debug.py", line 75, in sensitive_variables_wrapper
    return func(*func_args, **func_kwargs)
           ^^^^^^^^^^^^^^^^^^^^^^^^^^^^^^^
  File "/usr/local/lib/python3.11/site-packages/django/contrib/auth/__init__.py", line 114, in authenticate
    user = backend.authenticate(request, **credentials)
           ^^^^^^^^^^^^^^^^^^^^^^^^^^^^^^^^^^^^^^^^^^^^
  File "/usr/local/lib/python3.11/site-packages/django/contrib/auth/backends.py", line 65, in authenticate
    user = UserModel._default_manager.get_by_natural_key(username)
           ^^^^^^^^^^^^^^^^^^^^^^^^^^^^^^^^^^^^^^^^^^^^^^^^^^^^^^^
  File "/usr/local/lib/python3.11/site-packages/django/contrib/auth/base_user.py", line 37, in get_by_natural_key
    return self.get(**{self.model.USERNAME_FIELD: username})
           ^^^^^^^^^^^^^^^^^^^^^^^^^^^^^^^^^^^^^^^^^^^^^^^^^
  File "/usr/local/lib/python3.11/site-packages/django/db/models/manager.py", line 87, in manager_method
    return getattr(self.get_queryset(), name)(*args, **kwargs)
           ^^^^^^^^^^^^^^^^^^^^^^^^^^^^^^^^^^^^^^^^^^^^^^^^^^^
  File "/usr/local/lib/python3.11/site-packages/django/db/models/query.py", line 631, in get
    num = len(clone)
          ^^^^^^^^^^
  File "/usr/local/lib/python3.11/site-packages/django/db/models/query.py", line 368, in __len__
    self._fetch_all()
  File "/usr/local/lib/python3.11/site-packages/django/db/models/query.py", line 1954, in _fetch_all
    self._result_cache = list(self._iterable_class(self))
                         ^^^^^^^^^^^^^^^^^^^^^^^^^^^^^^^^
  File "/usr/local/lib/python3.11/site-packages/django/db/models/query.py", line 125, in __iter__
    for row in compiler.results_iter(results):
  File "/usr/local/lib/python3.11/site-packages/django/db/models/sql/compiler.py", line 1541, in apply_converters
    value = converter(value, expression, connection)
            ^^^^^^^^^^^^^^^^^^^^^^^^^^^^^^^^^^^^^^^^
  File "/usr/local/lib/python3.11/site-packages/django/db/backends/sqlite3/operations.py", line 360, in convert_uuidfield_value
    value = uuid.UUID(value)
            ^^^^^^^^^^^^^^^^
  File "/usr/local/lib/python3.11/uuid.py", line 178, in __init__
    raise ValueError('badly formed hexadecimal UUID string')
ValueError: badly formed hexadecimal UUID string
ERROR 2026-02-28 02:17:06,387 runserver 8 136692843452096 HTTP POST /admin/login/?next=/admin/main/termsandconditions/ 500 [0.09, 172.18.0.6:49378]
ERROR 2026-02-28 02:20:16,543 log 8 136692031813312 Internal Server Error: /admin/login/
Traceback (most recent call last):
  File "/usr/local/lib/python3.11/site-packages/asgiref/sync.py", line 557, in thread_handler
    raise exc_info[1]
  File "/usr/local/lib/python3.11/site-packages/django/core/handlers/exception.py", line 42, in inner
    response = await get_response(request)
               ^^^^^^^^^^^^^^^^^^^^^^^^^^^
  File "/usr/local/lib/python3.11/site-packages/asgiref/sync.py", line 557, in thread_handler
    raise exc_info[1]
  File "/usr/local/lib/python3.11/site-packages/django/core/handlers/base.py", line 253, in _get_response_async
    response = await wrapped_callback(
               ^^^^^^^^^^^^^^^^^^^^^^^
  File "/usr/local/lib/python3.11/site-packages/asgiref/sync.py", line 506, in __call__
    ret = await asyncio.shield(exec_coro)
          ^^^^^^^^^^^^^^^^^^^^^^^^^^^^^^^
  File "/usr/local/lib/python3.11/concurrent/futures/thread.py", line 58, in run
    result = self.fn(*self.args, **self.kwargs)
             ^^^^^^^^^^^^^^^^^^^^^^^^^^^^^^^^^^
  File "/usr/local/lib/python3.11/site-packages/asgiref/sync.py", line 561, in thread_handler
    return func(*args, **kwargs)
           ^^^^^^^^^^^^^^^^^^^^^
  File "/usr/local/lib/python3.11/site-packages/django/utils/decorators.py", line 48, in _wrapper
    return bound_method(*args, **kwargs)
           ^^^^^^^^^^^^^^^^^^^^^^^^^^^^^
  File "/usr/local/lib/python3.11/site-packages/django/views/decorators/cache.py", line 80, in _view_wrapper
    response = view_func(request, *args, **kwargs)
               ^^^^^^^^^^^^^^^^^^^^^^^^^^^^^^^^^^^
  File "/usr/local/lib/python3.11/site-packages/django/contrib/admin/sites.py", line 449, in login
    return LoginView.as_view(**defaults)(request)
           ^^^^^^^^^^^^^^^^^^^^^^^^^^^^^^^^^^^^^^
  File "/usr/local/lib/python3.11/site-packages/django/views/generic/base.py", line 105, in view
    return self.dispatch(request, *args, **kwargs)
           ^^^^^^^^^^^^^^^^^^^^^^^^^^^^^^^^^^^^^^^
  File "/usr/local/lib/python3.11/site-packages/django/utils/decorators.py", line 48, in _wrapper
    return bound_method(*args, **kwargs)
           ^^^^^^^^^^^^^^^^^^^^^^^^^^^^^
  File "/usr/local/lib/python3.11/site-packages/django/utils/decorators.py", line 48, in _wrapper
    return bound_method(*args, **kwargs)
           ^^^^^^^^^^^^^^^^^^^^^^^^^^^^^
  File "/usr/local/lib/python3.11/site-packages/django/views/decorators/debug.py", line 143, in sensitive_post_parameters_wrapper
    return view(request, *args, **kwargs)
           ^^^^^^^^^^^^^^^^^^^^^^^^^^^^^^
  File "/usr/local/lib/python3.11/site-packages/django/utils/decorators.py", line 48, in _wrapper
    return bound_method(*args, **kwargs)
           ^^^^^^^^^^^^^^^^^^^^^^^^^^^^^
  File "/usr/local/lib/python3.11/site-packages/django/utils/decorators.py", line 192, in _view_wrapper
    result = _process_exception(request, e)
             ^^^^^^^^^^^^^^^^^^^^^^^^^^^^^^
  File "/usr/local/lib/python3.11/site-packages/django/utils/decorators.py", line 190, in _view_wrapper
    response = view_func(request, *args, **kwargs)
               ^^^^^^^^^^^^^^^^^^^^^^^^^^^^^^^^^^^
  File "/usr/local/lib/python3.11/site-packages/django/utils/decorators.py", line 48, in _wrapper
    return bound_method(*args, **kwargs)
           ^^^^^^^^^^^^^^^^^^^^^^^^^^^^^
  File "/usr/local/lib/python3.11/site-packages/django/views/decorators/cache.py", line 80, in _view_wrapper
    response = view_func(request, *args, **kwargs)
               ^^^^^^^^^^^^^^^^^^^^^^^^^^^^^^^^^^^
  File "/usr/local/lib/python3.11/site-packages/django/contrib/auth/views.py", line 89, in dispatch
    return super().dispatch(request, *args, **kwargs)
           ^^^^^^^^^^^^^^^^^^^^^^^^^^^^^^^^^^^^^^^^^^
  File "/usr/local/lib/python3.11/site-packages/django/views/generic/base.py", line 144, in dispatch
    return handler(request, *args, **kwargs)
           ^^^^^^^^^^^^^^^^^^^^^^^^^^^^^^^^^
  File "/usr/local/lib/python3.11/site-packages/django/views/generic/edit.py", line 150, in post
    if form.is_valid():
       ^^^^^^^^^^^^^^^
  File "/usr/local/lib/python3.11/site-packages/django/forms/forms.py", line 206, in is_valid
    return self.is_bound and not self.errors
                                 ^^^^^^^^^^^
  File "/usr/local/lib/python3.11/site-packages/django/forms/forms.py", line 201, in errors
    self.full_clean()
  File "/usr/local/lib/python3.11/site-packages/django/forms/forms.py", line 338, in full_clean
    self._clean_form()
  File "/usr/local/lib/python3.11/site-packages/django/forms/forms.py", line 354, in _clean_form
    cleaned_data = self.clean()
                   ^^^^^^^^^^^^
  File "/usr/local/lib/python3.11/site-packages/django/views/decorators/debug.py", line 75, in sensitive_variables_wrapper
    return func(*func_args, **func_kwargs)
           ^^^^^^^^^^^^^^^^^^^^^^^^^^^^^^^
  File "/usr/local/lib/python3.11/site-packages/django/contrib/auth/forms.py", line 366, in clean
    self.user_cache = authenticate(
                      ^^^^^^^^^^^^^
  File "/usr/local/lib/python3.11/site-packages/django/views/decorators/debug.py", line 75, in sensitive_variables_wrapper
    return func(*func_args, **func_kwargs)
           ^^^^^^^^^^^^^^^^^^^^^^^^^^^^^^^
  File "/usr/local/lib/python3.11/site-packages/django/contrib/auth/__init__.py", line 114, in authenticate
    user = backend.authenticate(request, **credentials)
           ^^^^^^^^^^^^^^^^^^^^^^^^^^^^^^^^^^^^^^^^^^^^
  File "/usr/local/lib/python3.11/site-packages/django/contrib/auth/backends.py", line 65, in authenticate
    user = UserModel._default_manager.get_by_natural_key(username)
           ^^^^^^^^^^^^^^^^^^^^^^^^^^^^^^^^^^^^^^^^^^^^^^^^^^^^^^^
  File "/usr/local/lib/python3.11/site-packages/django/contrib/auth/base_user.py", line 37, in get_by_natural_key
    return self.get(**{self.model.USERNAME_FIELD: username})
           ^^^^^^^^^^^^^^^^^^^^^^^^^^^^^^^^^^^^^^^^^^^^^^^^^
  File "/usr/local/lib/python3.11/site-packages/django/db/models/manager.py", line 87, in manager_method
    return getattr(self.get_queryset(), name)(*args, **kwargs)
           ^^^^^^^^^^^^^^^^^^^^^^^^^^^^^^^^^^^^^^^^^^^^^^^^^^^
  File "/usr/local/lib/python3.11/site-packages/django/db/models/query.py", line 631, in get
    num = len(clone)
          ^^^^^^^^^^
  File "/usr/local/lib/python3.11/site-packages/django/db/models/query.py", line 368, in __len__
    self._fetch_all()
  File "/usr/local/lib/python3.11/site-packages/django/db/models/query.py", line 1954, in _fetch_all
    self._result_cache = list(self._iterable_class(self))
                         ^^^^^^^^^^^^^^^^^^^^^^^^^^^^^^^^
  File "/usr/local/lib/python3.11/site-packages/django/db/models/query.py", line 125, in __iter__
    for row in compiler.results_iter(results):
  File "/usr/local/lib/python3.11/site-packages/django/db/models/sql/compiler.py", line 1541, in apply_converters
    value = converter(value, expression, connection)
            ^^^^^^^^^^^^^^^^^^^^^^^^^^^^^^^^^^^^^^^^
  File "/usr/local/lib/python3.11/site-packages/django/db/backends/sqlite3/operations.py", line 360, in convert_uuidfield_value
    value = uuid.UUID(value)
            ^^^^^^^^^^^^^^^^
  File "/usr/local/lib/python3.11/uuid.py", line 178, in __init__
    raise ValueError('badly formed hexadecimal UUID string')
ValueError: badly formed hexadecimal UUID string
ERROR 2026-02-28 02:20:16,548 runserver 8 136692843452096 HTTP POST /admin/login/?next=/admin/main/termsandconditions/ 500 [0.09, 172.18.0.6:47922]
ERROR 2026-03-02 00:41:34,763 log 1131 128088734164672 Internal Server Error: /api/v1/fleet/cancel_bulk_order/
Traceback (most recent call last):
  File "/usr/local/lib/python3.11/site-packages/django/db/backends/utils.py", line 105, in _execute
    return self.cursor.execute(sql, params)
           ^^^^^^^^^^^^^^^^^^^^^^^^^^^^^^^^
  File "/usr/local/lib/python3.11/site-packages/django/db/backends/sqlite3/base.py", line 360, in execute
    return super().execute(query, params)
           ^^^^^^^^^^^^^^^^^^^^^^^^^^^^^^
sqlite3.IntegrityError: UNIQUE constraint failed: main_paymenttransaction.stripe_payment_intent_id

The above exception was the direct cause of the following exception:

Traceback (most recent call last):
  File "/usr/local/lib/python3.11/site-packages/asgiref/sync.py", line 557, in thread_handler
    raise exc_info[1]
  File "/usr/local/lib/python3.11/site-packages/django/core/handlers/exception.py", line 42, in inner
    response = await get_response(request)
               ^^^^^^^^^^^^^^^^^^^^^^^^^^^
  File "/usr/local/lib/python3.11/site-packages/asgiref/sync.py", line 557, in thread_handler
    raise exc_info[1]
  File "/usr/local/lib/python3.11/site-packages/django/core/handlers/base.py", line 253, in _get_response_async
    response = await wrapped_callback(
               ^^^^^^^^^^^^^^^^^^^^^^^
  File "/usr/local/lib/python3.11/site-packages/asgiref/sync.py", line 506, in __call__
    ret = await asyncio.shield(exec_coro)
          ^^^^^^^^^^^^^^^^^^^^^^^^^^^^^^^
  File "/usr/local/lib/python3.11/concurrent/futures/thread.py", line 58, in run
    result = self.fn(*self.args, **self.kwargs)
             ^^^^^^^^^^^^^^^^^^^^^^^^^^^^^^^^^^
  File "/usr/local/lib/python3.11/site-packages/asgiref/sync.py", line 561, in thread_handler
    return func(*args, **kwargs)
           ^^^^^^^^^^^^^^^^^^^^^
  File "/usr/local/lib/python3.11/site-packages/django/views/decorators/csrf.py", line 65, in _view_wrapper
    return view_func(request, *args, **kwargs)
           ^^^^^^^^^^^^^^^^^^^^^^^^^^^^^^^^^^^
  File "/usr/local/lib/python3.11/site-packages/django/views/generic/base.py", line 105, in view
    return self.dispatch(request, *args, **kwargs)
           ^^^^^^^^^^^^^^^^^^^^^^^^^^^^^^^^^^^^^^^
  File "/usr/local/lib/python3.11/site-packages/rest_framework/views.py", line 515, in dispatch
    response = self.handle_exception(exc)
               ^^^^^^^^^^^^^^^^^^^^^^^^^^
  File "/usr/local/lib/python3.11/site-packages/rest_framework/views.py", line 475, in handle_exception
    self.raise_uncaught_exception(exc)
  File "/usr/local/lib/python3.11/site-packages/rest_framework/views.py", line 486, in raise_uncaught_exception
    raise exc
  File "/usr/local/lib/python3.11/site-packages/rest_framework/views.py", line 512, in dispatch
    response = handler(request, *args, **kwargs)
               ^^^^^^^^^^^^^^^^^^^^^^^^^^^^^^^^^
  File "/app/main/views/fleet.py", line 65, in post
    return handler(request)
           ^^^^^^^^^^^^^^^^
  File "/app/main/views/fleet.py", line 640, in cancel_bulk_order
    PaymentTransaction.objects.create(
  File "/usr/local/lib/python3.11/site-packages/django/db/models/manager.py", line 87, in manager_method
    return getattr(self.get_queryset(), name)(*args, **kwargs)
           ^^^^^^^^^^^^^^^^^^^^^^^^^^^^^^^^^^^^^^^^^^^^^^^^^^^
  File "/usr/local/lib/python3.11/site-packages/django/db/models/query.py", line 665, in create
    obj.save(force_insert=True, using=self.db)
  File "/usr/local/lib/python3.11/site-packages/django/db/models/base.py", line 902, in save
    self.save_base(
  File "/usr/local/lib/python3.11/site-packages/django/db/models/base.py", line 1008, in save_base
    updated = self._save_table(
              ^^^^^^^^^^^^^^^^^
  File "/usr/local/lib/python3.11/site-packages/django/db/models/base.py", line 1169, in _save_table
    results = self._do_insert(
              ^^^^^^^^^^^^^^^^
  File "/usr/local/lib/python3.11/site-packages/django/db/models/base.py", line 1210, in _do_insert
    return manager._insert(
           ^^^^^^^^^^^^^^^^
  File "/usr/local/lib/python3.11/site-packages/django/db/models/manager.py", line 87, in manager_method
    return getattr(self.get_queryset(), name)(*args, **kwargs)
           ^^^^^^^^^^^^^^^^^^^^^^^^^^^^^^^^^^^^^^^^^^^^^^^^^^^
  File "/usr/local/lib/python3.11/site-packages/django/db/models/query.py", line 1873, in _insert
    return query.get_compiler(using=using).execute_sql(returning_fields)
           ^^^^^^^^^^^^^^^^^^^^^^^^^^^^^^^^^^^^^^^^^^^^^^^^^^^^^^^^^^^^^
  File "/usr/local/lib/python3.11/site-packages/django/db/models/sql/compiler.py", line 1882, in execute_sql
    cursor.execute(sql, params)
  File "/usr/local/lib/python3.11/site-packages/django/db/backends/utils.py", line 122, in execute
    return super().execute(sql, params)
           ^^^^^^^^^^^^^^^^^^^^^^^^^^^^
  File "/usr/local/lib/python3.11/site-packages/django/db/backends/utils.py", line 79, in execute
    return self._execute_with_wrappers(
           ^^^^^^^^^^^^^^^^^^^^^^^^^^^^
  File "/usr/local/lib/python3.11/site-packages/django/db/backends/utils.py", line 92, in _execute_with_wrappers
    return executor(sql, params, many, context)
           ^^^^^^^^^^^^^^^^^^^^^^^^^^^^^^^^^^^^
  File "/usr/local/lib/python3.11/site-packages/django/db/backends/utils.py", line 100, in _execute
    with self.db.wrap_database_errors:
  File "/usr/local/lib/python3.11/site-packages/django/db/utils.py", line 91, in __exit__
    raise dj_exc_value.with_traceback(traceback) from exc_value
  File "/usr/local/lib/python3.11/site-packages/django/db/backends/utils.py", line 105, in _execute
    return self.cursor.execute(sql, params)
           ^^^^^^^^^^^^^^^^^^^^^^^^^^^^^^^^
  File "/usr/local/lib/python3.11/site-packages/django/db/backends/sqlite3/base.py", line 360, in execute
    return super().execute(query, params)
           ^^^^^^^^^^^^^^^^^^^^^^^^^^^^^^
django.db.utils.IntegrityError: UNIQUE constraint failed: main_paymenttransaction.stripe_payment_intent_id
ERROR 2026-03-02 00:41:34,801 runserver 1131 128089253177024 HTTP POST /api/v1/fleet/cancel_bulk_order/ 500 [3.13, 172.18.0.10:45658]
ERROR 2026-03-04 02:47:36,193 fleet 17771 123598748513984 Fleet dashboard analytics failed: 'requested_amount'
Traceback (most recent call last):
  File "/app/main/views/fleet.py", line 390, in get_fleet_dashboard
    spend_trends = get_spend_trends(fleet, start_date, end_date, granularity='daily')
                   ^^^^^^^^^^^^^^^^^^^^^^^^^^^^^^^^^^^^^^^^^^^^^^^^^^^^^^^^^^^^^^^^^^
  File "/app/main/utils/fleet_analytics.py", line 163, in get_spend_trends
    spend_by_date[date_key]['refunds'] += item['requested_amount'] or Decimal('0')
                                          ~~~~^^^^^^^^^^^^^^^^^^^^
KeyError: 'requested_amount'
ERROR 2026-03-04 02:47:47,789 fleet 17771 123598748513984 Fleet dashboard analytics failed: 'requested_amount'
Traceback (most recent call last):
  File "/app/main/views/fleet.py", line 390, in get_fleet_dashboard
    spend_trends = get_spend_trends(fleet, start_date, end_date, granularity='daily')
                   ^^^^^^^^^^^^^^^^^^^^^^^^^^^^^^^^^^^^^^^^^^^^^^^^^^^^^^^^^^^^^^^^^^
  File "/app/main/utils/fleet_analytics.py", line 163, in get_spend_trends
    spend_by_date[date_key]['refunds'] += item['requested_amount'] or Decimal('0')
                                          ~~~~^^^^^^^^^^^^^^^^^^^^
KeyError: 'requested_amount'
ERROR 2026-03-04 02:47:49,458 fleet 17771 123598748513984 Fleet dashboard analytics failed: 'requested_amount'
Traceback (most recent call last):
  File "/app/main/views/fleet.py", line 390, in get_fleet_dashboard
    spend_trends = get_spend_trends(fleet, start_date, end_date, granularity='daily')
                   ^^^^^^^^^^^^^^^^^^^^^^^^^^^^^^^^^^^^^^^^^^^^^^^^^^^^^^^^^^^^^^^^^^
  File "/app/main/utils/fleet_analytics.py", line 163, in get_spend_trends
    spend_by_date[date_key]['refunds'] += item['requested_amount'] or Decimal('0')
                                          ~~~~^^^^^^^^^^^^^^^^^^^^
KeyError: 'requested_amount'
ERROR 2026-03-04 02:48:01,201 fleet 17771 123598748513984 Fleet dashboard analytics failed: 'requested_amount'
Traceback (most recent call last):
  File "/app/main/views/fleet.py", line 390, in get_fleet_dashboard
    spend_trends = get_spend_trends(fleet, start_date, end_date, granularity='daily')
                   ^^^^^^^^^^^^^^^^^^^^^^^^^^^^^^^^^^^^^^^^^^^^^^^^^^^^^^^^^^^^^^^^^^
  File "/app/main/utils/fleet_analytics.py", line 163, in get_spend_trends
    spend_by_date[date_key]['refunds'] += item['requested_amount'] or Decimal('0')
                                          ~~~~^^^^^^^^^^^^^^^^^^^^
KeyError: 'requested_amount'
ERROR 2026-03-04 02:48:26,311 fleet 17771 123598748513984 Fleet dashboard analytics failed: 'requested_amount'
Traceback (most recent call last):
  File "/app/main/views/fleet.py", line 390, in get_fleet_dashboard
    spend_trends = get_spend_trends(fleet, start_date, end_date, granularity='daily')
                   ^^^^^^^^^^^^^^^^^^^^^^^^^^^^^^^^^^^^^^^^^^^^^^^^^^^^^^^^^^^^^^^^^^
  File "/app/main/utils/fleet_analytics.py", line 163, in get_spend_trends
    spend_by_date[date_key]['refunds'] += item['requested_amount'] or Decimal('0')
                                          ~~~~^^^^^^^^^^^^^^^^^^^^
KeyError: 'requested_amount'
ERROR 2026-03-06 00:01:10,561 log 2981 129217281910464 Internal Server Error: /api/v1/notifications/mark_notification_as_read/
ERROR 2026-03-06 00:01:10,564 runserver 2981 129217413072576 HTTP PATCH /api/v1/notifications/mark_notification_as_read/ 500 [0.05, 172.18.0.6:42364]
ERROR 2026-03-06 15:20:52,355 log 7227 133045755549376 Internal Server Error: /api/v1/tickets/list/
ERROR 2026-03-06 15:20:52,357 runserver 7227 133046020540096 HTTP GET /api/v1/tickets/list/ 500 [0.02, 172.18.0.6:40506]
ERROR 2026-03-06 15:21:10,088 log 7227 133045201925824 Internal Server Error: /api/v1/tickets/list/
ERROR 2026-03-06 15:21:10,090 runserver 7227 133046020540096 HTTP GET /api/v1/tickets/list/ 500 [0.02, 172.18.0.6:33518]
ERROR 2026-03-06 15:21:18,422 log 7227 133045780727488 Internal Server Error: /api/v1/tickets/list/
ERROR 2026-03-06 15:21:18,424 runserver 7227 133046020540096 HTTP GET /api/v1/tickets/list/ 500 [0.02, 172.18.0.6:45548]
ERROR 2026-03-06 15:21:37,959 log 7227 133045755549376 Internal Server Error: /api/v1/tickets/list/
ERROR 2026-03-06 15:21:37,960 runserver 7227 133046020540096 HTTP GET /api/v1/tickets/list/ 500 [0.02, 172.18.0.6:35256]
ERROR 2026-03-06 15:21:53,076 log 7227 133045201925824 Internal Server Error: /api/v1/tickets/list/
ERROR 2026-03-06 15:21:53,077 runserver 7227 133046020540096 HTTP GET /api/v1/tickets/list/ 500 [0.02, 172.18.0.6:35350]
ERROR 2026-03-06 15:22:06,839 log 7227 133045780727488 Internal Server Error: /api/v1/tickets/create/
ERROR 2026-03-06 15:22:06,840 runserver 7227 133046020540096 HTTP POST /api/v1/tickets/create/ 500 [0.02, 172.18.0.6:55096]
ERROR 2026-03-06 15:22:06,963 log 7227 133045755549376 Internal Server Error: /api/v1/tickets/list/
ERROR 2026-03-06 15:22:06,964 runserver 7227 133046020540096 HTTP GET /api/v1/tickets/list/ 500 [0.03, 172.18.0.6:55104]
ERROR 2026-03-06 15:22:09,654 log 7227 133045201925824 Internal Server Error: /api/v1/tickets/create/
ERROR 2026-03-06 15:22:09,655 runserver 7227 133046020540096 HTTP POST /api/v1/tickets/create/ 500 [0.02, 172.18.0.6:55116]
ERROR 2026-03-06 15:22:09,764 log 7227 133045780727488 Internal Server Error: /api/v1/tickets/list/
ERROR 2026-03-06 15:22:09,765 runserver 7227 133046020540096 HTTP GET /api/v1/tickets/list/ 500 [0.02, 172.18.0.6:55118]
ERROR 2026-03-09 03:36:18,124 log 19362 132791144519360 Internal Server Error: /api/v1/authentication/refresh/
Traceback (most recent call last):
  File "/usr/local/lib/python3.11/site-packages/asgiref/sync.py", line 557, in thread_handler
    raise exc_info[1]
  File "/usr/local/lib/python3.11/site-packages/django/core/handlers/exception.py", line 42, in inner
    response = await get_response(request)
               ^^^^^^^^^^^^^^^^^^^^^^^^^^^
  File "/usr/local/lib/python3.11/site-packages/asgiref/sync.py", line 557, in thread_handler
    raise exc_info[1]
  File "/usr/local/lib/python3.11/site-packages/django/core/handlers/base.py", line 253, in _get_response_async
    response = await wrapped_callback(
               ^^^^^^^^^^^^^^^^^^^^^^^
  File "/usr/local/lib/python3.11/site-packages/asgiref/sync.py", line 506, in __call__
    ret = await asyncio.shield(exec_coro)
          ^^^^^^^^^^^^^^^^^^^^^^^^^^^^^^^
  File "/usr/local/lib/python3.11/concurrent/futures/thread.py", line 58, in run
    result = self.fn(*self.args, **self.kwargs)
             ^^^^^^^^^^^^^^^^^^^^^^^^^^^^^^^^^^
  File "/usr/local/lib/python3.11/site-packages/asgiref/sync.py", line 561, in thread_handler
    return func(*args, **kwargs)
           ^^^^^^^^^^^^^^^^^^^^^
  File "/usr/local/lib/python3.11/site-packages/django/views/decorators/csrf.py", line 65, in _view_wrapper
    return view_func(request, *args, **kwargs)
           ^^^^^^^^^^^^^^^^^^^^^^^^^^^^^^^^^^^
  File "/usr/local/lib/python3.11/site-packages/django/views/generic/base.py", line 105, in view
    return self.dispatch(request, *args, **kwargs)
           ^^^^^^^^^^^^^^^^^^^^^^^^^^^^^^^^^^^^^^^
  File "/usr/local/lib/python3.11/site-packages/rest_framework/views.py", line 515, in dispatch
    response = self.handle_exception(exc)
               ^^^^^^^^^^^^^^^^^^^^^^^^^^
  File "/usr/local/lib/python3.11/site-packages/rest_framework/views.py", line 475, in handle_exception
    self.raise_uncaught_exception(exc)
  File "/usr/local/lib/python3.11/site-packages/rest_framework/views.py", line 486, in raise_uncaught_exception
    raise exc
  File "/usr/local/lib/python3.11/site-packages/rest_framework/views.py", line 512, in dispatch
    response = handler(request, *args, **kwargs)
               ^^^^^^^^^^^^^^^^^^^^^^^^^^^^^^^^^
  File "/usr/local/lib/python3.11/site-packages/rest_framework_simplejwt/views.py", line 46, in post
    serializer.is_valid(raise_exception=True)
  File "/usr/local/lib/python3.11/site-packages/rest_framework/serializers.py", line 225, in is_valid
    self._validated_data = self.run_validation(self.initial_data)
                           ^^^^^^^^^^^^^^^^^^^^^^^^^^^^^^^^^^^^^^
  File "/usr/local/lib/python3.11/site-packages/rest_framework/serializers.py", line 447, in run_validation
    value = self.validate(value)
            ^^^^^^^^^^^^^^^^^^^^
  File "/usr/local/lib/python3.11/site-packages/rest_framework_simplejwt/serializers.py", line 116, in validate
    user := get_user_model().objects.get(
            ^^^^^^^^^^^^^^^^^^^^^^^^^^^^^
  File "/usr/local/lib/python3.11/site-packages/django/db/models/manager.py", line 87, in manager_method
    return getattr(self.get_queryset(), name)(*args, **kwargs)
           ^^^^^^^^^^^^^^^^^^^^^^^^^^^^^^^^^^^^^^^^^^^^^^^^^^^
  File "/usr/local/lib/python3.11/site-packages/django/db/models/query.py", line 635, in get
    raise self.model.DoesNotExist(
main.models.user.User.DoesNotExist: User matching query does not exist.
ERROR 2026-03-09 03:36:18,168 log 19362 132790658004672 Internal Server Error: /api/v1/authentication/refresh/
Traceback (most recent call last):
  File "/usr/local/lib/python3.11/site-packages/asgiref/sync.py", line 557, in thread_handler
    raise exc_info[1]
  File "/usr/local/lib/python3.11/site-packages/django/core/handlers/exception.py", line 42, in inner
    response = await get_response(request)
               ^^^^^^^^^^^^^^^^^^^^^^^^^^^
  File "/usr/local/lib/python3.11/site-packages/asgiref/sync.py", line 557, in thread_handler
    raise exc_info[1]
  File "/usr/local/lib/python3.11/site-packages/django/core/handlers/base.py", line 253, in _get_response_async
    response = await wrapped_callback(
               ^^^^^^^^^^^^^^^^^^^^^^^
  File "/usr/local/lib/python3.11/site-packages/asgiref/sync.py", line 506, in __call__
    ret = await asyncio.shield(exec_coro)
          ^^^^^^^^^^^^^^^^^^^^^^^^^^^^^^^
  File "/usr/local/lib/python3.11/concurrent/futures/thread.py", line 58, in run
    result = self.fn(*self.args, **self.kwargs)
             ^^^^^^^^^^^^^^^^^^^^^^^^^^^^^^^^^^
  File "/usr/local/lib/python3.11/site-packages/asgiref/sync.py", line 561, in thread_handler
    return func(*args, **kwargs)
           ^^^^^^^^^^^^^^^^^^^^^
  File "/usr/local/lib/python3.11/site-packages/django/views/decorators/csrf.py", line 65, in _view_wrapper
    return view_func(request, *args, **kwargs)
           ^^^^^^^^^^^^^^^^^^^^^^^^^^^^^^^^^^^
  File "/usr/local/lib/python3.11/site-packages/django/views/generic/base.py", line 105, in view
    return self.dispatch(request, *args, **kwargs)
           ^^^^^^^^^^^^^^^^^^^^^^^^^^^^^^^^^^^^^^^
  File "/usr/local/lib/python3.11/site-packages/rest_framework/views.py", line 515, in dispatch
    response = self.handle_exception(exc)
               ^^^^^^^^^^^^^^^^^^^^^^^^^^
  File "/usr/local/lib/python3.11/site-packages/rest_framework/views.py", line 475, in handle_exception
    self.raise_uncaught_exception(exc)
  File "/usr/local/lib/python3.11/site-packages/rest_framework/views.py", line 486, in raise_uncaught_exception
    raise exc
  File "/usr/local/lib/python3.11/site-packages/rest_framework/views.py", line 512, in dispatch
    response = handler(request, *args, **kwargs)
               ^^^^^^^^^^^^^^^^^^^^^^^^^^^^^^^^^
  File "/usr/local/lib/python3.11/site-packages/rest_framework_simplejwt/views.py", line 46, in post
    serializer.is_valid(raise_exception=True)
  File "/usr/local/lib/python3.11/site-packages/rest_framework/serializers.py", line 225, in is_valid
    self._validated_data = self.run_validation(self.initial_data)
                           ^^^^^^^^^^^^^^^^^^^^^^^^^^^^^^^^^^^^^^
  File "/usr/local/lib/python3.11/site-packages/rest_framework/serializers.py", line 447, in run_validation
    value = self.validate(value)
            ^^^^^^^^^^^^^^^^^^^^
  File "/usr/local/lib/python3.11/site-packages/rest_framework_simplejwt/serializers.py", line 116, in validate
    user := get_user_model().objects.get(
            ^^^^^^^^^^^^^^^^^^^^^^^^^^^^^
  File "/usr/local/lib/python3.11/site-packages/django/db/models/manager.py", line 87, in manager_method
    return getattr(self.get_queryset(), name)(*args, **kwargs)
           ^^^^^^^^^^^^^^^^^^^^^^^^^^^^^^^^^^^^^^^^^^^^^^^^^^^
  File "/usr/local/lib/python3.11/site-packages/django/db/models/query.py", line 635, in get
    raise self.model.DoesNotExist(
main.models.user.User.DoesNotExist: User matching query does not exist.
ERROR 2026-03-09 03:36:18,184 log 19362 132791152912064 Internal Server Error: /api/v1/authentication/refresh/
Traceback (most recent call last):
  File "/usr/local/lib/python3.11/site-packages/asgiref/sync.py", line 557, in thread_handler
    raise exc_info[1]
  File "/usr/local/lib/python3.11/site-packages/django/core/handlers/exception.py", line 42, in inner
    response = await get_response(request)
               ^^^^^^^^^^^^^^^^^^^^^^^^^^^
  File "/usr/local/lib/python3.11/site-packages/asgiref/sync.py", line 557, in thread_handler
    raise exc_info[1]
  File "/usr/local/lib/python3.11/site-packages/django/core/handlers/base.py", line 253, in _get_response_async
    response = await wrapped_callback(
               ^^^^^^^^^^^^^^^^^^^^^^^
  File "/usr/local/lib/python3.11/site-packages/asgiref/sync.py", line 506, in __call__
    ret = await asyncio.shield(exec_coro)
          ^^^^^^^^^^^^^^^^^^^^^^^^^^^^^^^
  File "/usr/local/lib/python3.11/concurrent/futures/thread.py", line 58, in run
    result = self.fn(*self.args, **self.kwargs)
             ^^^^^^^^^^^^^^^^^^^^^^^^^^^^^^^^^^
  File "/usr/local/lib/python3.11/site-packages/asgiref/sync.py", line 561, in thread_handler
    return func(*args, **kwargs)
           ^^^^^^^^^^^^^^^^^^^^^
  File "/usr/local/lib/python3.11/site-packages/django/views/decorators/csrf.py", line 65, in _view_wrapper
    return view_func(request, *args, **kwargs)
           ^^^^^^^^^^^^^^^^^^^^^^^^^^^^^^^^^^^
  File "/usr/local/lib/python3.11/site-packages/django/views/generic/base.py", line 105, in view
    return self.dispatch(request, *args, **kwargs)
           ^^^^^^^^^^^^^^^^^^^^^^^^^^^^^^^^^^^^^^^
  File "/usr/local/lib/python3.11/site-packages/rest_framework/views.py", line 515, in dispatch
    response = self.handle_exception(exc)
               ^^^^^^^^^^^^^^^^^^^^^^^^^^
  File "/usr/local/lib/python3.11/site-packages/rest_framework/views.py", line 475, in handle_exception
    self.raise_uncaught_exception(exc)
  File "/usr/local/lib/python3.11/site-packages/rest_framework/views.py", line 486, in raise_uncaught_exception
    raise exc
  File "/usr/local/lib/python3.11/site-packages/rest_framework/views.py", line 512, in dispatch
    response = handler(request, *args, **kwargs)
               ^^^^^^^^^^^^^^^^^^^^^^^^^^^^^^^^^
  File "/usr/local/lib/python3.11/site-packages/rest_framework_simplejwt/views.py", line 46, in post
    serializer.is_valid(raise_exception=True)
  File "/usr/local/lib/python3.11/site-packages/rest_framework/serializers.py", line 225, in is_valid
    self._validated_data = self.run_validation(self.initial_data)
                           ^^^^^^^^^^^^^^^^^^^^^^^^^^^^^^^^^^^^^^
  File "/usr/local/lib/python3.11/site-packages/rest_framework/serializers.py", line 447, in run_validation
    value = self.validate(value)
            ^^^^^^^^^^^^^^^^^^^^
  File "/usr/local/lib/python3.11/site-packages/rest_framework_simplejwt/serializers.py", line 116, in validate
    user := get_user_model().objects.get(
            ^^^^^^^^^^^^^^^^^^^^^^^^^^^^^
  File "/usr/local/lib/python3.11/site-packages/django/db/models/manager.py", line 87, in manager_method
    return getattr(self.get_queryset(), name)(*args, **kwargs)
           ^^^^^^^^^^^^^^^^^^^^^^^^^^^^^^^^^^^^^^^^^^^^^^^^^^^
  File "/usr/local/lib/python3.11/site-packages/django/db/models/query.py", line 635, in get
    raise self.model.DoesNotExist(
main.models.user.User.DoesNotExist: User matching query does not exist.
ERROR 2026-03-09 03:36:18,189 runserver 19362 132791320848064 HTTP POST /api/v1/authentication/refresh/ 500 [0.28, 172.18.0.6:40070]
ERROR 2026-03-09 03:36:18,205 log 19362 132790649611968 Internal Server Error: /api/v1/authentication/refresh/
Traceback (most recent call last):
  File "/usr/local/lib/python3.11/site-packages/asgiref/sync.py", line 557, in thread_handler
    raise exc_info[1]
  File "/usr/local/lib/python3.11/site-packages/django/core/handlers/exception.py", line 42, in inner
    response = await get_response(request)
               ^^^^^^^^^^^^^^^^^^^^^^^^^^^
  File "/usr/local/lib/python3.11/site-packages/asgiref/sync.py", line 557, in thread_handler
    raise exc_info[1]
  File "/usr/local/lib/python3.11/site-packages/django/core/handlers/base.py", line 253, in _get_response_async
    response = await wrapped_callback(
               ^^^^^^^^^^^^^^^^^^^^^^^
  File "/usr/local/lib/python3.11/site-packages/asgiref/sync.py", line 506, in __call__
    ret = await asyncio.shield(exec_coro)
          ^^^^^^^^^^^^^^^^^^^^^^^^^^^^^^^
  File "/usr/local/lib/python3.11/concurrent/futures/thread.py", line 58, in run
    result = self.fn(*self.args, **self.kwargs)
             ^^^^^^^^^^^^^^^^^^^^^^^^^^^^^^^^^^
  File "/usr/local/lib/python3.11/site-packages/asgiref/sync.py", line 561, in thread_handler
    return func(*args, **kwargs)
           ^^^^^^^^^^^^^^^^^^^^^
  File "/usr/local/lib/python3.11/site-packages/django/views/decorators/csrf.py", line 65, in _view_wrapper
    return view_func(request, *args, **kwargs)
           ^^^^^^^^^^^^^^^^^^^^^^^^^^^^^^^^^^^
  File "/usr/local/lib/python3.11/site-packages/django/views/generic/base.py", line 105, in view
    return self.dispatch(request, *args, **kwargs)
           ^^^^^^^^^^^^^^^^^^^^^^^^^^^^^^^^^^^^^^^
  File "/usr/local/lib/python3.11/site-packages/rest_framework/views.py", line 515, in dispatch
    response = self.handle_exception(exc)
               ^^^^^^^^^^^^^^^^^^^^^^^^^^
  File "/usr/local/lib/python3.11/site-packages/rest_framework/views.py", line 475, in handle_exception
    self.raise_uncaught_exception(exc)
  File "/usr/local/lib/python3.11/site-packages/rest_framework/views.py", line 486, in raise_uncaught_exception
    raise exc
  File "/usr/local/lib/python3.11/site-packages/rest_framework/views.py", line 512, in dispatch
    response = handler(request, *args, **kwargs)
               ^^^^^^^^^^^^^^^^^^^^^^^^^^^^^^^^^
  File "/usr/local/lib/python3.11/site-packages/rest_framework_simplejwt/views.py", line 46, in post
    serializer.is_valid(raise_exception=True)
  File "/usr/local/lib/python3.11/site-packages/rest_framework/serializers.py", line 225, in is_valid
    self._validated_data = self.run_validation(self.initial_data)
                           ^^^^^^^^^^^^^^^^^^^^^^^^^^^^^^^^^^^^^^
  File "/usr/local/lib/python3.11/site-packages/rest_framework/serializers.py", line 447, in run_validation
    value = self.validate(value)
            ^^^^^^^^^^^^^^^^^^^^
  File "/usr/local/lib/python3.11/site-packages/rest_framework_simplejwt/serializers.py", line 116, in validate
    user := get_user_model().objects.get(
            ^^^^^^^^^^^^^^^^^^^^^^^^^^^^^
  File "/usr/local/lib/python3.11/site-packages/django/db/models/manager.py", line 87, in manager_method
    return getattr(self.get_queryset(), name)(*args, **kwargs)
           ^^^^^^^^^^^^^^^^^^^^^^^^^^^^^^^^^^^^^^^^^^^^^^^^^^^
  File "/usr/local/lib/python3.11/site-packages/django/db/models/query.py", line 635, in get
    raise self.model.DoesNotExist(
main.models.user.User.DoesNotExist: User matching query does not exist.
ERROR 2026-03-09 03:36:18,228 runserver 19362 132791320848064 HTTP POST /api/v1/authentication/refresh/ 500 [0.27, 172.18.0.6:40092]
ERROR 2026-03-09 03:36:18,244 log 19362 132791144519360 Internal Server Error: /api/v1/authentication/refresh/
Traceback (most recent call last):
  File "/usr/local/lib/python3.11/site-packages/asgiref/sync.py", line 557, in thread_handler
    raise exc_info[1]
  File "/usr/local/lib/python3.11/site-packages/django/core/handlers/exception.py", line 42, in inner
    response = await get_response(request)
               ^^^^^^^^^^^^^^^^^^^^^^^^^^^
  File "/usr/local/lib/python3.11/site-packages/asgiref/sync.py", line 557, in thread_handler
    raise exc_info[1]
  File "/usr/local/lib/python3.11/site-packages/django/core/handlers/base.py", line 253, in _get_response_async
    response = await wrapped_callback(
               ^^^^^^^^^^^^^^^^^^^^^^^
  File "/usr/local/lib/python3.11/site-packages/asgiref/sync.py", line 506, in __call__
    ret = await asyncio.shield(exec_coro)
          ^^^^^^^^^^^^^^^^^^^^^^^^^^^^^^^
  File "/usr/local/lib/python3.11/concurrent/futures/thread.py", line 58, in run
    result = self.fn(*self.args, **self.kwargs)
             ^^^^^^^^^^^^^^^^^^^^^^^^^^^^^^^^^^
  File "/usr/local/lib/python3.11/site-packages/asgiref/sync.py", line 561, in thread_handler
    return func(*args, **kwargs)
           ^^^^^^^^^^^^^^^^^^^^^
  File "/usr/local/lib/python3.11/site-packages/django/views/decorators/csrf.py", line 65, in _view_wrapper
    return view_func(request, *args, **kwargs)
           ^^^^^^^^^^^^^^^^^^^^^^^^^^^^^^^^^^^
  File "/usr/local/lib/python3.11/site-packages/django/views/generic/base.py", line 105, in view
    return self.dispatch(request, *args, **kwargs)
           ^^^^^^^^^^^^^^^^^^^^^^^^^^^^^^^^^^^^^^^
  File "/usr/local/lib/python3.11/site-packages/rest_framework/views.py", line 515, in dispatch
    response = self.handle_exception(exc)
               ^^^^^^^^^^^^^^^^^^^^^^^^^^
  File "/usr/local/lib/python3.11/site-packages/rest_framework/views.py", line 475, in handle_exception
    self.raise_uncaught_exception(exc)
  File "/usr/local/lib/python3.11/site-packages/rest_framework/views.py", line 486, in raise_uncaught_exception
    raise exc
  File "/usr/local/lib/python3.11/site-packages/rest_framework/views.py", line 512, in dispatch
    response = handler(request, *args, **kwargs)
               ^^^^^^^^^^^^^^^^^^^^^^^^^^^^^^^^^
  File "/usr/local/lib/python3.11/site-packages/rest_framework_simplejwt/views.py", line 46, in post
    serializer.is_valid(raise_exception=True)
  File "/usr/local/lib/python3.11/site-packages/rest_framework/serializers.py", line 225, in is_valid
    self._validated_data = self.run_validation(self.initial_data)
                           ^^^^^^^^^^^^^^^^^^^^^^^^^^^^^^^^^^^^^^
  File "/usr/local/lib/python3.11/site-packages/rest_framework/serializers.py", line 447, in run_validation
    value = self.validate(value)
            ^^^^^^^^^^^^^^^^^^^^
  File "/usr/local/lib/python3.11/site-packages/rest_framework_simplejwt/serializers.py", line 116, in validate
    user := get_user_model().objects.get(
            ^^^^^^^^^^^^^^^^^^^^^^^^^^^^^
  File "/usr/local/lib/python3.11/site-packages/django/db/models/manager.py", line 87, in manager_method
    return getattr(self.get_queryset(), name)(*args, **kwargs)
           ^^^^^^^^^^^^^^^^^^^^^^^^^^^^^^^^^^^^^^^^^^^^^^^^^^^
  File "/usr/local/lib/python3.11/site-packages/django/db/models/query.py", line 635, in get
    raise self.model.DoesNotExist(
main.models.user.User.DoesNotExist: User matching query does not exist.
ERROR 2026-03-09 03:36:18,245 runserver 19362 132791320848064 HTTP POST /api/v1/authentication/refresh/ 500 [0.29, 172.18.0.6:40074]
ERROR 2026-03-09 03:36:18,249 runserver 19362 132791320848064 HTTP POST /api/v1/authentication/refresh/ 500 [0.30, 172.18.0.6:40082]
ERROR 2026-03-09 03:36:18,262 runserver 19362 132791320848064 HTTP POST /api/v1/authentication/refresh/ 500 [0.18, 172.18.0.6:40106]
ERROR 2026-03-09 03:36:18,448 log 19362 132790641219264 Internal Server Error: /api/v1/authentication/refresh/
Traceback (most recent call last):
  File "/usr/local/lib/python3.11/site-packages/asgiref/sync.py", line 557, in thread_handler
    raise exc_info[1]
  File "/usr/local/lib/python3.11/site-packages/django/core/handlers/exception.py", line 42, in inner
    response = await get_response(request)
               ^^^^^^^^^^^^^^^^^^^^^^^^^^^
  File "/usr/local/lib/python3.11/site-packages/asgiref/sync.py", line 557, in thread_handler
    raise exc_info[1]
  File "/usr/local/lib/python3.11/site-packages/django/core/handlers/base.py", line 253, in _get_response_async
    response = await wrapped_callback(
               ^^^^^^^^^^^^^^^^^^^^^^^
  File "/usr/local/lib/python3.11/site-packages/asgiref/sync.py", line 506, in __call__
    ret = await asyncio.shield(exec_coro)
          ^^^^^^^^^^^^^^^^^^^^^^^^^^^^^^^
  File "/usr/local/lib/python3.11/concurrent/futures/thread.py", line 58, in run
    result = self.fn(*self.args, **self.kwargs)
             ^^^^^^^^^^^^^^^^^^^^^^^^^^^^^^^^^^
  File "/usr/local/lib/python3.11/site-packages/asgiref/sync.py", line 561, in thread_handler
    return func(*args, **kwargs)
           ^^^^^^^^^^^^^^^^^^^^^
  File "/usr/local/lib/python3.11/site-packages/django/views/decorators/csrf.py", line 65, in _view_wrapper
    return view_func(request, *args, **kwargs)
           ^^^^^^^^^^^^^^^^^^^^^^^^^^^^^^^^^^^
  File "/usr/local/lib/python3.11/site-packages/django/views/generic/base.py", line 105, in view
    return self.dispatch(request, *args, **kwargs)
           ^^^^^^^^^^^^^^^^^^^^^^^^^^^^^^^^^^^^^^^
  File "/usr/local/lib/python3.11/site-packages/rest_framework/views.py", line 515, in dispatch
    response = self.handle_exception(exc)
               ^^^^^^^^^^^^^^^^^^^^^^^^^^
  File "/usr/local/lib/python3.11/site-packages/rest_framework/views.py", line 475, in handle_exception
    self.raise_uncaught_exception(exc)
  File "/usr/local/lib/python3.11/site-packages/rest_framework/views.py", line 486, in raise_uncaught_exception
    raise exc
  File "/usr/local/lib/python3.11/site-packages/rest_framework/views.py", line 512, in dispatch
    response = handler(request, *args, **kwargs)
               ^^^^^^^^^^^^^^^^^^^^^^^^^^^^^^^^^
  File "/usr/local/lib/python3.11/site-packages/rest_framework_simplejwt/views.py", line 46, in post
    serializer.is_valid(raise_exception=True)
  File "/usr/local/lib/python3.11/site-packages/rest_framework/serializers.py", line 225, in is_valid
    self._validated_data = self.run_validation(self.initial_data)
                           ^^^^^^^^^^^^^^^^^^^^^^^^^^^^^^^^^^^^^^
  File "/usr/local/lib/python3.11/site-packages/rest_framework/serializers.py", line 447, in run_validation
    value = self.validate(value)
            ^^^^^^^^^^^^^^^^^^^^
  File "/usr/local/lib/python3.11/site-packages/rest_framework_simplejwt/serializers.py", line 116, in validate
    user := get_user_model().objects.get(
            ^^^^^^^^^^^^^^^^^^^^^^^^^^^^^
  File "/usr/local/lib/python3.11/site-packages/django/db/models/manager.py", line 87, in manager_method
    return getattr(self.get_queryset(), name)(*args, **kwargs)
           ^^^^^^^^^^^^^^^^^^^^^^^^^^^^^^^^^^^^^^^^^^^^^^^^^^^
  File "/usr/local/lib/python3.11/site-packages/django/db/models/query.py", line 635, in get
    raise self.model.DoesNotExist(
main.models.user.User.DoesNotExist: User matching query does not exist.
ERROR 2026-03-09 03:36:18,452 runserver 19362 132791320848064 HTTP POST /api/v1/authentication/refresh/ 500 [0.06, 172.18.0.6:40114]
ERROR 2026-03-09 03:36:18,716 log 19362 132790641219264 Internal Server Error: /api/v1/authentication/refresh/
Traceback (most recent call last):
  File "/usr/local/lib/python3.11/site-packages/asgiref/sync.py", line 557, in thread_handler
    raise exc_info[1]
  File "/usr/local/lib/python3.11/site-packages/django/core/handlers/exception.py", line 42, in inner
    response = await get_response(request)
               ^^^^^^^^^^^^^^^^^^^^^^^^^^^
  File "/usr/local/lib/python3.11/site-packages/asgiref/sync.py", line 557, in thread_handler
    raise exc_info[1]
  File "/usr/local/lib/python3.11/site-packages/django/core/handlers/base.py", line 253, in _get_response_async
    response = await wrapped_callback(
               ^^^^^^^^^^^^^^^^^^^^^^^
  File "/usr/local/lib/python3.11/site-packages/asgiref/sync.py", line 506, in __call__
    ret = await asyncio.shield(exec_coro)
          ^^^^^^^^^^^^^^^^^^^^^^^^^^^^^^^
  File "/usr/local/lib/python3.11/concurrent/futures/thread.py", line 58, in run
    result = self.fn(*self.args, **self.kwargs)
             ^^^^^^^^^^^^^^^^^^^^^^^^^^^^^^^^^^
  File "/usr/local/lib/python3.11/site-packages/asgiref/sync.py", line 561, in thread_handler
    return func(*args, **kwargs)
           ^^^^^^^^^^^^^^^^^^^^^
  File "/usr/local/lib/python3.11/site-packages/django/views/decorators/csrf.py", line 65, in _view_wrapper
    return view_func(request, *args, **kwargs)
           ^^^^^^^^^^^^^^^^^^^^^^^^^^^^^^^^^^^
  File "/usr/local/lib/python3.11/site-packages/django/views/generic/base.py", line 105, in view
    return self.dispatch(request, *args, **kwargs)
           ^^^^^^^^^^^^^^^^^^^^^^^^^^^^^^^^^^^^^^^
  File "/usr/local/lib/python3.11/site-packages/rest_framework/views.py", line 515, in dispatch
    response = self.handle_exception(exc)
               ^^^^^^^^^^^^^^^^^^^^^^^^^^
  File "/usr/local/lib/python3.11/site-packages/rest_framework/views.py", line 475, in handle_exception
    self.raise_uncaught_exception(exc)
  File "/usr/local/lib/python3.11/site-packages/rest_framework/views.py", line 486, in raise_uncaught_exception
    raise exc
  File "/usr/local/lib/python3.11/site-packages/rest_framework/views.py", line 512, in dispatch
    response = handler(request, *args, **kwargs)
               ^^^^^^^^^^^^^^^^^^^^^^^^^^^^^^^^^
  File "/usr/local/lib/python3.11/site-packages/rest_framework_simplejwt/views.py", line 46, in post
    serializer.is_valid(raise_exception=True)
  File "/usr/local/lib/python3.11/site-packages/rest_framework/serializers.py", line 225, in is_valid
    self._validated_data = self.run_validation(self.initial_data)
                           ^^^^^^^^^^^^^^^^^^^^^^^^^^^^^^^^^^^^^^
  File "/usr/local/lib/python3.11/site-packages/rest_framework/serializers.py", line 447, in run_validation
    value = self.validate(value)
            ^^^^^^^^^^^^^^^^^^^^
  File "/usr/local/lib/python3.11/site-packages/rest_framework_simplejwt/serializers.py", line 116, in validate
    user := get_user_model().objects.get(
            ^^^^^^^^^^^^^^^^^^^^^^^^^^^^^
  File "/usr/local/lib/python3.11/site-packages/django/db/models/manager.py", line 87, in manager_method
    return getattr(self.get_queryset(), name)(*args, **kwargs)
           ^^^^^^^^^^^^^^^^^^^^^^^^^^^^^^^^^^^^^^^^^^^^^^^^^^^
  File "/usr/local/lib/python3.11/site-packages/django/db/models/query.py", line 635, in get
    raise self.model.DoesNotExist(
main.models.user.User.DoesNotExist: User matching query does not exist.
ERROR 2026-03-09 03:36:18,721 runserver 19362 132791320848064 HTTP POST /api/v1/authentication/refresh/ 500 [0.06, 172.18.0.6:40130]
ERROR 2026-03-09 03:36:20,371 log 19362 132790641219264 Internal Server Error: /api/v1/authentication/refresh/
Traceback (most recent call last):
  File "/usr/local/lib/python3.11/site-packages/asgiref/sync.py", line 557, in thread_handler
    raise exc_info[1]
  File "/usr/local/lib/python3.11/site-packages/django/core/handlers/exception.py", line 42, in inner
    response = await get_response(request)
               ^^^^^^^^^^^^^^^^^^^^^^^^^^^
  File "/usr/local/lib/python3.11/site-packages/asgiref/sync.py", line 557, in thread_handler
    raise exc_info[1]
  File "/usr/local/lib/python3.11/site-packages/django/core/handlers/base.py", line 253, in _get_response_async
    response = await wrapped_callback(
               ^^^^^^^^^^^^^^^^^^^^^^^
  File "/usr/local/lib/python3.11/site-packages/asgiref/sync.py", line 506, in __call__
    ret = await asyncio.shield(exec_coro)
          ^^^^^^^^^^^^^^^^^^^^^^^^^^^^^^^
  File "/usr/local/lib/python3.11/concurrent/futures/thread.py", line 58, in run
    result = self.fn(*self.args, **self.kwargs)
             ^^^^^^^^^^^^^^^^^^^^^^^^^^^^^^^^^^
  File "/usr/local/lib/python3.11/site-packages/asgiref/sync.py", line 561, in thread_handler
    return func(*args, **kwargs)
           ^^^^^^^^^^^^^^^^^^^^^
  File "/usr/local/lib/python3.11/site-packages/django/views/decorators/csrf.py", line 65, in _view_wrapper
    return view_func(request, *args, **kwargs)
           ^^^^^^^^^^^^^^^^^^^^^^^^^^^^^^^^^^^
  File "/usr/local/lib/python3.11/site-packages/django/views/generic/base.py", line 105, in view
    return self.dispatch(request, *args, **kwargs)
           ^^^^^^^^^^^^^^^^^^^^^^^^^^^^^^^^^^^^^^^
  File "/usr/local/lib/python3.11/site-packages/rest_framework/views.py", line 515, in dispatch
    response = self.handle_exception(exc)
               ^^^^^^^^^^^^^^^^^^^^^^^^^^
  File "/usr/local/lib/python3.11/site-packages/rest_framework/views.py", line 475, in handle_exception
    self.raise_uncaught_exception(exc)
  File "/usr/local/lib/python3.11/site-packages/rest_framework/views.py", line 486, in raise_uncaught_exception
    raise exc
  File "/usr/local/lib/python3.11/site-packages/rest_framework/views.py", line 512, in dispatch
    response = handler(request, *args, **kwargs)
               ^^^^^^^^^^^^^^^^^^^^^^^^^^^^^^^^^
  File "/usr/local/lib/python3.11/site-packages/rest_framework_simplejwt/views.py", line 46, in post
    serializer.is_valid(raise_exception=True)
  File "/usr/local/lib/python3.11/site-packages/rest_framework/serializers.py", line 225, in is_valid
    self._validated_data = self.run_validation(self.initial_data)
                           ^^^^^^^^^^^^^^^^^^^^^^^^^^^^^^^^^^^^^^
  File "/usr/local/lib/python3.11/site-packages/rest_framework/serializers.py", line 447, in run_validation
    value = self.validate(value)
            ^^^^^^^^^^^^^^^^^^^^
  File "/usr/local/lib/python3.11/site-packages/rest_framework_simplejwt/serializers.py", line 116, in validate
    user := get_user_model().objects.get(
            ^^^^^^^^^^^^^^^^^^^^^^^^^^^^^
  File "/usr/local/lib/python3.11/site-packages/django/db/models/manager.py", line 87, in manager_method
    return getattr(self.get_queryset(), name)(*args, **kwargs)
           ^^^^^^^^^^^^^^^^^^^^^^^^^^^^^^^^^^^^^^^^^^^^^^^^^^^
  File "/usr/local/lib/python3.11/site-packages/django/db/models/query.py", line 635, in get
    raise self.model.DoesNotExist(
main.models.user.User.DoesNotExist: User matching query does not exist.
ERROR 2026-03-09 03:36:20,375 runserver 19362 132791320848064 HTTP POST /api/v1/authentication/refresh/ 500 [0.05, 172.18.0.6:40154]
ERROR 2026-03-09 03:36:21,130 log 19362 132790641219264 Internal Server Error: /api/v1/authentication/refresh/
Traceback (most recent call last):
  File "/usr/local/lib/python3.11/site-packages/asgiref/sync.py", line 557, in thread_handler
    raise exc_info[1]
  File "/usr/local/lib/python3.11/site-packages/django/core/handlers/exception.py", line 42, in inner
    response = await get_response(request)
               ^^^^^^^^^^^^^^^^^^^^^^^^^^^
  File "/usr/local/lib/python3.11/site-packages/asgiref/sync.py", line 557, in thread_handler
    raise exc_info[1]
  File "/usr/local/lib/python3.11/site-packages/django/core/handlers/base.py", line 253, in _get_response_async
    response = await wrapped_callback(
               ^^^^^^^^^^^^^^^^^^^^^^^
  File "/usr/local/lib/python3.11/site-packages/asgiref/sync.py", line 506, in __call__
    ret = await asyncio.shield(exec_coro)
          ^^^^^^^^^^^^^^^^^^^^^^^^^^^^^^^
  File "/usr/local/lib/python3.11/concurrent/futures/thread.py", line 58, in run
    result = self.fn(*self.args, **self.kwargs)
             ^^^^^^^^^^^^^^^^^^^^^^^^^^^^^^^^^^
  File "/usr/local/lib/python3.11/site-packages/asgiref/sync.py", line 561, in thread_handler
    return func(*args, **kwargs)
           ^^^^^^^^^^^^^^^^^^^^^
  File "/usr/local/lib/python3.11/site-packages/django/views/decorators/csrf.py", line 65, in _view_wrapper
    return view_func(request, *args, **kwargs)
           ^^^^^^^^^^^^^^^^^^^^^^^^^^^^^^^^^^^
  File "/usr/local/lib/python3.11/site-packages/django/views/generic/base.py", line 105, in view
    return self.dispatch(request, *args, **kwargs)
           ^^^^^^^^^^^^^^^^^^^^^^^^^^^^^^^^^^^^^^^
  File "/usr/local/lib/python3.11/site-packages/rest_framework/views.py", line 515, in dispatch
    response = self.handle_exception(exc)
               ^^^^^^^^^^^^^^^^^^^^^^^^^^
  File "/usr/local/lib/python3.11/site-packages/rest_framework/views.py", line 475, in handle_exception
    self.raise_uncaught_exception(exc)
  File "/usr/local/lib/python3.11/site-packages/rest_framework/views.py", line 486, in raise_uncaught_exception
    raise exc
  File "/usr/local/lib/python3.11/site-packages/rest_framework/views.py", line 512, in dispatch
    response = handler(request, *args, **kwargs)
               ^^^^^^^^^^^^^^^^^^^^^^^^^^^^^^^^^
  File "/usr/local/lib/python3.11/site-packages/rest_framework_simplejwt/views.py", line 46, in post
    serializer.is_valid(raise_exception=True)
  File "/usr/local/lib/python3.11/site-packages/rest_framework/serializers.py", line 225, in is_valid
    self._validated_data = self.run_validation(self.initial_data)
                           ^^^^^^^^^^^^^^^^^^^^^^^^^^^^^^^^^^^^^^
  File "/usr/local/lib/python3.11/site-packages/rest_framework/serializers.py", line 447, in run_validation
    value = self.validate(value)
            ^^^^^^^^^^^^^^^^^^^^
  File "/usr/local/lib/python3.11/site-packages/rest_framework_simplejwt/serializers.py", line 116, in validate
    user := get_user_model().objects.get(
            ^^^^^^^^^^^^^^^^^^^^^^^^^^^^^
  File "/usr/local/lib/python3.11/site-packages/django/db/models/manager.py", line 87, in manager_method
    return getattr(self.get_queryset(), name)(*args, **kwargs)
           ^^^^^^^^^^^^^^^^^^^^^^^^^^^^^^^^^^^^^^^^^^^^^^^^^^^
  File "/usr/local/lib/python3.11/site-packages/django/db/models/query.py", line 635, in get
    raise self.model.DoesNotExist(
main.models.user.User.DoesNotExist: User matching query does not exist.
ERROR 2026-03-09 03:36:21,139 runserver 19362 132791320848064 HTTP POST /api/v1/authentication/refresh/ 500 [0.11, 172.18.0.6:40178]
ERROR 2026-03-09 03:36:21,898 log 19362 132791144519360 Internal Server Error: /api/v1/authentication/refresh/
Traceback (most recent call last):
  File "/usr/local/lib/python3.11/site-packages/asgiref/sync.py", line 557, in thread_handler
    raise exc_info[1]
  File "/usr/local/lib/python3.11/site-packages/django/core/handlers/exception.py", line 42, in inner
    response = await get_response(request)
               ^^^^^^^^^^^^^^^^^^^^^^^^^^^
  File "/usr/local/lib/python3.11/site-packages/asgiref/sync.py", line 557, in thread_handler
    raise exc_info[1]
  File "/usr/local/lib/python3.11/site-packages/django/core/handlers/base.py", line 253, in _get_response_async
    response = await wrapped_callback(
               ^^^^^^^^^^^^^^^^^^^^^^^
  File "/usr/local/lib/python3.11/site-packages/asgiref/sync.py", line 506, in __call__
    ret = await asyncio.shield(exec_coro)
          ^^^^^^^^^^^^^^^^^^^^^^^^^^^^^^^
  File "/usr/local/lib/python3.11/concurrent/futures/thread.py", line 58, in run
    result = self.fn(*self.args, **self.kwargs)
             ^^^^^^^^^^^^^^^^^^^^^^^^^^^^^^^^^^
  File "/usr/local/lib/python3.11/site-packages/asgiref/sync.py", line 561, in thread_handler
    return func(*args, **kwargs)
           ^^^^^^^^^^^^^^^^^^^^^
  File "/usr/local/lib/python3.11/site-packages/django/views/decorators/csrf.py", line 65, in _view_wrapper
    return view_func(request, *args, **kwargs)
           ^^^^^^^^^^^^^^^^^^^^^^^^^^^^^^^^^^^
  File "/usr/local/lib/python3.11/site-packages/django/views/generic/base.py", line 105, in view
    return self.dispatch(request, *args, **kwargs)
           ^^^^^^^^^^^^^^^^^^^^^^^^^^^^^^^^^^^^^^^
  File "/usr/local/lib/python3.11/site-packages/rest_framework/views.py", line 515, in dispatch
    response = self.handle_exception(exc)
               ^^^^^^^^^^^^^^^^^^^^^^^^^^
  File "/usr/local/lib/python3.11/site-packages/rest_framework/views.py", line 475, in handle_exception
    self.raise_uncaught_exception(exc)
  File "/usr/local/lib/python3.11/site-packages/rest_framework/views.py", line 486, in raise_uncaught_exception
    raise exc
  File "/usr/local/lib/python3.11/site-packages/rest_framework/views.py", line 512, in dispatch
    response = handler(request, *args, **kwargs)
               ^^^^^^^^^^^^^^^^^^^^^^^^^^^^^^^^^
  File "/usr/local/lib/python3.11/site-packages/rest_framework_simplejwt/views.py", line 46, in post
    serializer.is_valid(raise_exception=True)
  File "/usr/local/lib/python3.11/site-packages/rest_framework/serializers.py", line 225, in is_valid
    self._validated_data = self.run_validation(self.initial_data)
                           ^^^^^^^^^^^^^^^^^^^^^^^^^^^^^^^^^^^^^^
  File "/usr/local/lib/python3.11/site-packages/rest_framework/serializers.py", line 447, in run_validation
    value = self.validate(value)
            ^^^^^^^^^^^^^^^^^^^^
  File "/usr/local/lib/python3.11/site-packages/rest_framework_simplejwt/serializers.py", line 116, in validate
    user := get_user_model().objects.get(
            ^^^^^^^^^^^^^^^^^^^^^^^^^^^^^
  File "/usr/local/lib/python3.11/site-packages/django/db/models/manager.py", line 87, in manager_method
    return getattr(self.get_queryset(), name)(*args, **kwargs)
           ^^^^^^^^^^^^^^^^^^^^^^^^^^^^^^^^^^^^^^^^^^^^^^^^^^^
  File "/usr/local/lib/python3.11/site-packages/django/db/models/query.py", line 635, in get
    raise self.model.DoesNotExist(
main.models.user.User.DoesNotExist: User matching query does not exist.
ERROR 2026-03-09 03:36:21,903 runserver 19362 132791320848064 HTTP POST /api/v1/authentication/refresh/ 500 [0.06, 172.18.0.6:40208]
ERROR 2026-03-09 03:36:21,991 log 19362 132790641219264 Internal Server Error: /api/v1/authentication/refresh/
Traceback (most recent call last):
  File "/usr/local/lib/python3.11/site-packages/asgiref/sync.py", line 557, in thread_handler
    raise exc_info[1]
  File "/usr/local/lib/python3.11/site-packages/django/core/handlers/exception.py", line 42, in inner
    response = await get_response(request)
               ^^^^^^^^^^^^^^^^^^^^^^^^^^^
  File "/usr/local/lib/python3.11/site-packages/asgiref/sync.py", line 557, in thread_handler
    raise exc_info[1]
  File "/usr/local/lib/python3.11/site-packages/django/core/handlers/base.py", line 253, in _get_response_async
    response = await wrapped_callback(
               ^^^^^^^^^^^^^^^^^^^^^^^
  File "/usr/local/lib/python3.11/site-packages/asgiref/sync.py", line 506, in __call__
    ret = await asyncio.shield(exec_coro)
          ^^^^^^^^^^^^^^^^^^^^^^^^^^^^^^^
  File "/usr/local/lib/python3.11/concurrent/futures/thread.py", line 58, in run
    result = self.fn(*self.args, **self.kwargs)
             ^^^^^^^^^^^^^^^^^^^^^^^^^^^^^^^^^^
  File "/usr/local/lib/python3.11/site-packages/asgiref/sync.py", line 561, in thread_handler
    return func(*args, **kwargs)
           ^^^^^^^^^^^^^^^^^^^^^
  File "/usr/local/lib/python3.11/site-packages/django/views/decorators/csrf.py", line 65, in _view_wrapper
    return view_func(request, *args, **kwargs)
           ^^^^^^^^^^^^^^^^^^^^^^^^^^^^^^^^^^^
  File "/usr/local/lib/python3.11/site-packages/django/views/generic/base.py", line 105, in view
    return self.dispatch(request, *args, **kwargs)
           ^^^^^^^^^^^^^^^^^^^^^^^^^^^^^^^^^^^^^^^
  File "/usr/local/lib/python3.11/site-packages/rest_framework/views.py", line 515, in dispatch
    response = self.handle_exception(exc)
               ^^^^^^^^^^^^^^^^^^^^^^^^^^
  File "/usr/local/lib/python3.11/site-packages/rest_framework/views.py", line 475, in handle_exception
    self.raise_uncaught_exception(exc)
  File "/usr/local/lib/python3.11/site-packages/rest_framework/views.py", line 486, in raise_uncaught_exception
    raise exc
  File "/usr/local/lib/python3.11/site-packages/rest_framework/views.py", line 512, in dispatch
    response = handler(request, *args, **kwargs)
               ^^^^^^^^^^^^^^^^^^^^^^^^^^^^^^^^^
  File "/usr/local/lib/python3.11/site-packages/rest_framework_simplejwt/views.py", line 46, in post
    serializer.is_valid(raise_exception=True)
  File "/usr/local/lib/python3.11/site-packages/rest_framework/serializers.py", line 225, in is_valid
    self._validated_data = self.run_validation(self.initial_data)
                           ^^^^^^^^^^^^^^^^^^^^^^^^^^^^^^^^^^^^^^
  File "/usr/local/lib/python3.11/site-packages/rest_framework/serializers.py", line 447, in run_validation
    value = self.validate(value)
            ^^^^^^^^^^^^^^^^^^^^
  File "/usr/local/lib/python3.11/site-packages/rest_framework_simplejwt/serializers.py", line 116, in validate
    user := get_user_model().objects.get(
            ^^^^^^^^^^^^^^^^^^^^^^^^^^^^^
  File "/usr/local/lib/python3.11/site-packages/django/db/models/manager.py", line 87, in manager_method
    return getattr(self.get_queryset(), name)(*args, **kwargs)
           ^^^^^^^^^^^^^^^^^^^^^^^^^^^^^^^^^^^^^^^^^^^^^^^^^^^
  File "/usr/local/lib/python3.11/site-packages/django/db/models/query.py", line 635, in get
    raise self.model.DoesNotExist(
main.models.user.User.DoesNotExist: User matching query does not exist.
ERROR 2026-03-09 03:36:21,998 runserver 19362 132791320848064 HTTP POST /api/v1/authentication/refresh/ 500 [0.07, 172.18.0.6:40222]
ERROR 2026-03-15 19:48:46,230 log 511 134452088903360 Internal Server Error: /api/v1/authentication/refresh/
Traceback (most recent call last):
  File "/usr/local/lib/python3.11/site-packages/asgiref/sync.py", line 557, in thread_handler
    raise exc_info[1]
  File "/usr/local/lib/python3.11/site-packages/django/core/handlers/exception.py", line 42, in inner
    response = await get_response(request)
               ^^^^^^^^^^^^^^^^^^^^^^^^^^^
  File "/usr/local/lib/python3.11/site-packages/asgiref/sync.py", line 557, in thread_handler
    raise exc_info[1]
  File "/usr/local/lib/python3.11/site-packages/django/core/handlers/base.py", line 253, in _get_response_async
    response = await wrapped_callback(
               ^^^^^^^^^^^^^^^^^^^^^^^
  File "/usr/local/lib/python3.11/site-packages/asgiref/sync.py", line 506, in __call__
    ret = await asyncio.shield(exec_coro)
          ^^^^^^^^^^^^^^^^^^^^^^^^^^^^^^^
  File "/usr/local/lib/python3.11/concurrent/futures/thread.py", line 58, in run
    result = self.fn(*self.args, **self.kwargs)
             ^^^^^^^^^^^^^^^^^^^^^^^^^^^^^^^^^^
  File "/usr/local/lib/python3.11/site-packages/asgiref/sync.py", line 561, in thread_handler
    return func(*args, **kwargs)
           ^^^^^^^^^^^^^^^^^^^^^
  File "/usr/local/lib/python3.11/site-packages/django/views/decorators/csrf.py", line 65, in _view_wrapper
    return view_func(request, *args, **kwargs)
           ^^^^^^^^^^^^^^^^^^^^^^^^^^^^^^^^^^^
  File "/usr/local/lib/python3.11/site-packages/django/views/generic/base.py", line 105, in view
    return self.dispatch(request, *args, **kwargs)
           ^^^^^^^^^^^^^^^^^^^^^^^^^^^^^^^^^^^^^^^
  File "/usr/local/lib/python3.11/site-packages/rest_framework/views.py", line 515, in dispatch
    response = self.handle_exception(exc)
               ^^^^^^^^^^^^^^^^^^^^^^^^^^
  File "/usr/local/lib/python3.11/site-packages/rest_framework/views.py", line 475, in handle_exception
    self.raise_uncaught_exception(exc)
  File "/usr/local/lib/python3.11/site-packages/rest_framework/views.py", line 486, in raise_uncaught_exception
    raise exc
  File "/usr/local/lib/python3.11/site-packages/rest_framework/views.py", line 512, in dispatch
    response = handler(request, *args, **kwargs)
               ^^^^^^^^^^^^^^^^^^^^^^^^^^^^^^^^^
  File "/usr/local/lib/python3.11/site-packages/rest_framework_simplejwt/views.py", line 46, in post
    serializer.is_valid(raise_exception=True)
  File "/usr/local/lib/python3.11/site-packages/rest_framework/serializers.py", line 225, in is_valid
    self._validated_data = self.run_validation(self.initial_data)
                           ^^^^^^^^^^^^^^^^^^^^^^^^^^^^^^^^^^^^^^
  File "/usr/local/lib/python3.11/site-packages/rest_framework/serializers.py", line 447, in run_validation
    value = self.validate(value)
            ^^^^^^^^^^^^^^^^^^^^
  File "/usr/local/lib/python3.11/site-packages/rest_framework_simplejwt/serializers.py", line 116, in validate
    user := get_user_model().objects.get(
            ^^^^^^^^^^^^^^^^^^^^^^^^^^^^^
  File "/usr/local/lib/python3.11/site-packages/django/db/models/manager.py", line 87, in manager_method
    return getattr(self.get_queryset(), name)(*args, **kwargs)
           ^^^^^^^^^^^^^^^^^^^^^^^^^^^^^^^^^^^^^^^^^^^^^^^^^^^
  File "/usr/local/lib/python3.11/site-packages/django/db/models/query.py", line 635, in get
    raise self.model.DoesNotExist(
main.models.user.User.DoesNotExist: User matching query does not exist.
ERROR 2026-03-15 19:48:46,246 runserver 511 134452497831616 HTTP POST /api/v1/authentication/refresh/ 500 [0.08, 172.18.0.7:56494]
ERROR 2026-03-15 19:49:37,790 log 511 134452097296064 Internal Server Error: /api/v1/authentication/refresh/
Traceback (most recent call last):
  File "/usr/local/lib/python3.11/site-packages/asgiref/sync.py", line 557, in thread_handler
    raise exc_info[1]
  File "/usr/local/lib/python3.11/site-packages/django/core/handlers/exception.py", line 42, in inner
    response = await get_response(request)
               ^^^^^^^^^^^^^^^^^^^^^^^^^^^
  File "/usr/local/lib/python3.11/site-packages/asgiref/sync.py", line 557, in thread_handler
    raise exc_info[1]
  File "/usr/local/lib/python3.11/site-packages/django/core/handlers/base.py", line 253, in _get_response_async
    response = await wrapped_callback(
               ^^^^^^^^^^^^^^^^^^^^^^^
  File "/usr/local/lib/python3.11/site-packages/asgiref/sync.py", line 506, in __call__
    ret = await asyncio.shield(exec_coro)
          ^^^^^^^^^^^^^^^^^^^^^^^^^^^^^^^
  File "/usr/local/lib/python3.11/concurrent/futures/thread.py", line 58, in run
    result = self.fn(*self.args, **self.kwargs)
             ^^^^^^^^^^^^^^^^^^^^^^^^^^^^^^^^^^
  File "/usr/local/lib/python3.11/site-packages/asgiref/sync.py", line 561, in thread_handler
    return func(*args, **kwargs)
           ^^^^^^^^^^^^^^^^^^^^^
  File "/usr/local/lib/python3.11/site-packages/django/views/decorators/csrf.py", line 65, in _view_wrapper
    return view_func(request, *args, **kwargs)
           ^^^^^^^^^^^^^^^^^^^^^^^^^^^^^^^^^^^
  File "/usr/local/lib/python3.11/site-packages/django/views/generic/base.py", line 105, in view
    return self.dispatch(request, *args, **kwargs)
           ^^^^^^^^^^^^^^^^^^^^^^^^^^^^^^^^^^^^^^^
  File "/usr/local/lib/python3.11/site-packages/rest_framework/views.py", line 515, in dispatch
    response = self.handle_exception(exc)
               ^^^^^^^^^^^^^^^^^^^^^^^^^^
  File "/usr/local/lib/python3.11/site-packages/rest_framework/views.py", line 475, in handle_exception
    self.raise_uncaught_exception(exc)
  File "/usr/local/lib/python3.11/site-packages/rest_framework/views.py", line 486, in raise_uncaught_exception
    raise exc
  File "/usr/local/lib/python3.11/site-packages/rest_framework/views.py", line 512, in dispatch
    response = handler(request, *args, **kwargs)
               ^^^^^^^^^^^^^^^^^^^^^^^^^^^^^^^^^
  File "/usr/local/lib/python3.11/site-packages/rest_framework_simplejwt/views.py", line 46, in post
    serializer.is_valid(raise_exception=True)
  File "/usr/local/lib/python3.11/site-packages/rest_framework/serializers.py", line 225, in is_valid
    self._validated_data = self.run_validation(self.initial_data)
                           ^^^^^^^^^^^^^^^^^^^^^^^^^^^^^^^^^^^^^^
  File "/usr/local/lib/python3.11/site-packages/rest_framework/serializers.py", line 447, in run_validation
    value = self.validate(value)
            ^^^^^^^^^^^^^^^^^^^^
  File "/usr/local/lib/python3.11/site-packages/rest_framework_simplejwt/serializers.py", line 116, in validate
    user := get_user_model().objects.get(
            ^^^^^^^^^^^^^^^^^^^^^^^^^^^^^
  File "/usr/local/lib/python3.11/site-packages/django/db/models/manager.py", line 87, in manager_method
    return getattr(self.get_queryset(), name)(*args, **kwargs)
           ^^^^^^^^^^^^^^^^^^^^^^^^^^^^^^^^^^^^^^^^^^^^^^^^^^^
  File "/usr/local/lib/python3.11/site-packages/django/db/models/query.py", line 635, in get
    raise self.model.DoesNotExist(
main.models.user.User.DoesNotExist: User matching query does not exist.
ERROR 2026-03-15 19:49:37,795 runserver 511 134452497831616 HTTP POST /api/v1/authentication/refresh/ 500 [0.05, 172.18.0.7:59522]
ERROR 2026-03-15 19:49:38,041 log 511 134452088903360 Internal Server Error: /api/v1/authentication/refresh/
Traceback (most recent call last):
  File "/usr/local/lib/python3.11/site-packages/asgiref/sync.py", line 557, in thread_handler
    raise exc_info[1]
  File "/usr/local/lib/python3.11/site-packages/django/core/handlers/exception.py", line 42, in inner
    response = await get_response(request)
               ^^^^^^^^^^^^^^^^^^^^^^^^^^^
  File "/usr/local/lib/python3.11/site-packages/asgiref/sync.py", line 557, in thread_handler
    raise exc_info[1]
  File "/usr/local/lib/python3.11/site-packages/django/core/handlers/base.py", line 253, in _get_response_async
    response = await wrapped_callback(
               ^^^^^^^^^^^^^^^^^^^^^^^
  File "/usr/local/lib/python3.11/site-packages/asgiref/sync.py", line 506, in __call__
    ret = await asyncio.shield(exec_coro)
          ^^^^^^^^^^^^^^^^^^^^^^^^^^^^^^^
  File "/usr/local/lib/python3.11/concurrent/futures/thread.py", line 58, in run
    result = self.fn(*self.args, **self.kwargs)
             ^^^^^^^^^^^^^^^^^^^^^^^^^^^^^^^^^^
  File "/usr/local/lib/python3.11/site-packages/asgiref/sync.py", line 561, in thread_handler
    return func(*args, **kwargs)
           ^^^^^^^^^^^^^^^^^^^^^
  File "/usr/local/lib/python3.11/site-packages/django/views/decorators/csrf.py", line 65, in _view_wrapper
    return view_func(request, *args, **kwargs)
           ^^^^^^^^^^^^^^^^^^^^^^^^^^^^^^^^^^^
  File "/usr/local/lib/python3.11/site-packages/django/views/generic/base.py", line 105, in view
    return self.dispatch(request, *args, **kwargs)
           ^^^^^^^^^^^^^^^^^^^^^^^^^^^^^^^^^^^^^^^
  File "/usr/local/lib/python3.11/site-packages/rest_framework/views.py", line 515, in dispatch
    response = self.handle_exception(exc)
               ^^^^^^^^^^^^^^^^^^^^^^^^^^
  File "/usr/local/lib/python3.11/site-packages/rest_framework/views.py", line 475, in handle_exception
    self.raise_uncaught_exception(exc)
  File "/usr/local/lib/python3.11/site-packages/rest_framework/views.py", line 486, in raise_uncaught_exception
    raise exc
  File "/usr/local/lib/python3.11/site-packages/rest_framework/views.py", line 512, in dispatch
    response = handler(request, *args, **kwargs)
               ^^^^^^^^^^^^^^^^^^^^^^^^^^^^^^^^^
  File "/usr/local/lib/python3.11/site-packages/rest_framework_simplejwt/views.py", line 46, in post
    serializer.is_valid(raise_exception=True)
  File "/usr/local/lib/python3.11/site-packages/rest_framework/serializers.py", line 225, in is_valid
    self._validated_data = self.run_validation(self.initial_data)
                           ^^^^^^^^^^^^^^^^^^^^^^^^^^^^^^^^^^^^^^
  File "/usr/local/lib/python3.11/site-packages/rest_framework/serializers.py", line 447, in run_validation
    value = self.validate(value)
            ^^^^^^^^^^^^^^^^^^^^
  File "/usr/local/lib/python3.11/site-packages/rest_framework_simplejwt/serializers.py", line 116, in validate
    user := get_user_model().objects.get(
            ^^^^^^^^^^^^^^^^^^^^^^^^^^^^^
  File "/usr/local/lib/python3.11/site-packages/django/db/models/manager.py", line 87, in manager_method
    return getattr(self.get_queryset(), name)(*args, **kwargs)
           ^^^^^^^^^^^^^^^^^^^^^^^^^^^^^^^^^^^^^^^^^^^^^^^^^^^
  File "/usr/local/lib/python3.11/site-packages/django/db/models/query.py", line 635, in get
    raise self.model.DoesNotExist(
main.models.user.User.DoesNotExist: User matching query does not exist.
ERROR 2026-03-15 19:49:38,050 runserver 511 134452497831616 HTTP POST /api/v1/authentication/refresh/ 500 [0.15, 172.18.0.7:59528]
ERROR 2026-03-17 23:57:11,054 signal 1 124215457354496 Signal handler <bound method DjangoFixup.on_import_modules of <celery.fixups.django.DjangoFixup object at 0x70f9285f3350>> raised: IndentationError("expected an indented block after 'else' statement on line 416", ('/app/main/views/garage.py', 417, 20, '                    except Exception as e:\n', 417, -1))
Traceback (most recent call last):
  File "/usr/local/lib/python3.11/site-packages/celery/utils/dispatch/signal.py", line 280, in send
    response = receiver(signal=self, sender=sender, **named)
               ^^^^^^^^^^^^^^^^^^^^^^^^^^^^^^^^^^^^^^^^^^^^^
  File "/usr/local/lib/python3.11/site-packages/celery/fixups/django.py", line 103, in on_import_modules
    self.worker_fixup.validate_models()
  File "/usr/local/lib/python3.11/site-packages/celery/fixups/django.py", line 154, in validate_models
    run_checks()
  File "/usr/local/lib/python3.11/site-packages/django/core/checks/registry.py", line 89, in run_checks
    new_errors = check(app_configs=app_configs, databases=databases)
                 ^^^^^^^^^^^^^^^^^^^^^^^^^^^^^^^^^^^^^^^^^^^^^^^^^^^
  File "/usr/local/lib/python3.11/site-packages/django/core/checks/urls.py", line 16, in check_url_config
    return check_resolver(resolver)
           ^^^^^^^^^^^^^^^^^^^^^^^^
  File "/usr/local/lib/python3.11/site-packages/django/core/checks/urls.py", line 26, in check_resolver
    return check_method()
           ^^^^^^^^^^^^^^
  File "/usr/local/lib/python3.11/site-packages/django/urls/resolvers.py", line 531, in check
    for pattern in self.url_patterns:
                   ^^^^^^^^^^^^^^^^^
  File "/usr/local/lib/python3.11/site-packages/django/utils/functional.py", line 47, in __get__
    res = instance.__dict__[self.name] = self.func(instance)
                                         ^^^^^^^^^^^^^^^^^^^
  File "/usr/local/lib/python3.11/site-packages/django/urls/resolvers.py", line 718, in url_patterns
    patterns = getattr(self.urlconf_module, "urlpatterns", self.urlconf_module)
                       ^^^^^^^^^^^^^^^^^^^
  File "/usr/local/lib/python3.11/site-packages/django/utils/functional.py", line 47, in __get__
    res = instance.__dict__[self.name] = self.func(instance)
                                         ^^^^^^^^^^^^^^^^^^^
  File "/usr/local/lib/python3.11/site-packages/django/urls/resolvers.py", line 711, in urlconf_module
    return import_module(self.urlconf_name)
           ^^^^^^^^^^^^^^^^^^^^^^^^^^^^^^^^
  File "/usr/local/lib/python3.11/importlib/__init__.py", line 126, in import_module
    return _bootstrap._gcd_import(name[level:], package, level)
           ^^^^^^^^^^^^^^^^^^^^^^^^^^^^^^^^^^^^^^^^^^^^^^^^^^^^
  File "<frozen importlib._bootstrap>", line 1204, in _gcd_import
  File "<frozen importlib._bootstrap>", line 1176, in _find_and_load
  File "<frozen importlib._bootstrap>", line 1147, in _find_and_load_unlocked
  File "<frozen importlib._bootstrap>", line 690, in _load_unlocked
  File "<frozen importlib._bootstrap_external>", line 940, in exec_module
  File "<frozen importlib._bootstrap>", line 241, in _call_with_frames_removed
  File "/app/prisma/urls.py", line 9, in <module>
    path('api/v1/', include('main.urls')),
                    ^^^^^^^^^^^^^^^^^^^^
  File "/usr/local/lib/python3.11/site-packages/django/urls/conf.py", line 39, in include
    urlconf_module = import_module(urlconf_module)
                     ^^^^^^^^^^^^^^^^^^^^^^^^^^^^^
  File "/usr/local/lib/python3.11/importlib/__init__.py", line 126, in import_module
    return _bootstrap._gcd_import(name[level:], package, level)
           ^^^^^^^^^^^^^^^^^^^^^^^^^^^^^^^^^^^^^^^^^^^^^^^^^^^^
  File "<frozen importlib._bootstrap>", line 1204, in _gcd_import
  File "<frozen importlib._bootstrap>", line 1176, in _find_and_load
  File "<frozen importlib._bootstrap>", line 1147, in _find_and_load_unlocked
  File "<frozen importlib._bootstrap>", line 690, in _load_unlocked
  File "<frozen importlib._bootstrap_external>", line 940, in exec_module
  File "<frozen importlib._bootstrap>", line 241, in _call_with_frames_removed
  File "/app/main/urls.py", line 10, in <module>
    from main.views.garage import GarageView
  File "/app/main/views/garage.py", line 417
    except Exception as e:
IndentationError: expected an indented block after 'else' statement on line 416
ERROR 2026-04-05 23:44:46,119 log 1252 137381268154048 Internal Server Error: /api/v1/support/customers/get_customers_list/
Traceback (most recent call last):
  File "/usr/local/lib/python3.11/site-packages/asgiref/sync.py", line 557, in thread_handler
    raise exc_info[1]
  File "/usr/local/lib/python3.11/site-packages/django/core/handlers/exception.py", line 42, in inner
    response = await get_response(request)
               ^^^^^^^^^^^^^^^^^^^^^^^^^^^
  File "/usr/local/lib/python3.11/site-packages/asgiref/sync.py", line 557, in thread_handler
    raise exc_info[1]
  File "/usr/local/lib/python3.11/site-packages/django/core/handlers/base.py", line 253, in _get_response_async
    response = await wrapped_callback(
               ^^^^^^^^^^^^^^^^^^^^^^^
  File "/usr/local/lib/python3.11/site-packages/asgiref/sync.py", line 506, in __call__
    ret = await asyncio.shield(exec_coro)
          ^^^^^^^^^^^^^^^^^^^^^^^^^^^^^^^
  File "/usr/local/lib/python3.11/concurrent/futures/thread.py", line 58, in run
    result = self.fn(*self.args, **self.kwargs)
             ^^^^^^^^^^^^^^^^^^^^^^^^^^^^^^^^^^
  File "/usr/local/lib/python3.11/site-packages/asgiref/sync.py", line 561, in thread_handler
    return func(*args, **kwargs)
           ^^^^^^^^^^^^^^^^^^^^^
  File "/usr/local/lib/python3.11/site-packages/django/views/decorators/csrf.py", line 65, in _view_wrapper
    return view_func(request, *args, **kwargs)
           ^^^^^^^^^^^^^^^^^^^^^^^^^^^^^^^^^^^
  File "/usr/local/lib/python3.11/site-packages/django/views/generic/base.py", line 105, in view
    return self.dispatch(request, *args, **kwargs)
           ^^^^^^^^^^^^^^^^^^^^^^^^^^^^^^^^^^^^^^^
  File "/usr/local/lib/python3.11/site-packages/rest_framework/views.py", line 515, in dispatch
    response = self.handle_exception(exc)
               ^^^^^^^^^^^^^^^^^^^^^^^^^^
  File "/usr/local/lib/python3.11/site-packages/rest_framework/views.py", line 475, in handle_exception
    self.raise_uncaught_exception(exc)
  File "/usr/local/lib/python3.11/site-packages/rest_framework/views.py", line 486, in raise_uncaught_exception
    raise exc
  File "/usr/local/lib/python3.11/site-packages/rest_framework/views.py", line 512, in dispatch
    response = handler(request, *args, **kwargs)
               ^^^^^^^^^^^^^^^^^^^^^^^^^^^^^^^^^
  File "/app/main/views/support/support_customers.py", line 534, in get
    return handler(request, **kwargs)
           ^^^^^^^^^^^^^^^^^^^^^^^^^^
  File "/app/main/views/support/support_customers.py", line 546, in _get_customers_list
    customers = [_serialize_b2c_list_item(u) for u in _b2c_user_query()]
                                                      ^^^^^^^^^^^^^^^^^
  File "/app/main/views/support/support_customers.py", line 147, in _b2c_user_query
    .filter(
     ^^^^^^^
  File "/usr/local/lib/python3.11/site-packages/django/db/models/query.py", line 1495, in filter
    return self._filter_or_exclude(False, args, kwargs)
           ^^^^^^^^^^^^^^^^^^^^^^^^^^^^^^^^^^^^^^^^^^^^
  File "/usr/local/lib/python3.11/site-packages/django/db/models/query.py", line 1513, in _filter_or_exclude
    clone._filter_or_exclude_inplace(negate, args, kwargs)
  File "/usr/local/lib/python3.11/site-packages/django/db/models/query.py", line 1523, in _filter_or_exclude_inplace
    self._query.add_q(Q(*args, **kwargs))
  File "/usr/local/lib/python3.11/site-packages/django/db/models/sql/query.py", line 1648, in add_q
    clause, _ = self._add_q(q_object, can_reuse)
                ^^^^^^^^^^^^^^^^^^^^^^^^^^^^^^^^
  File "/usr/local/lib/python3.11/site-packages/django/db/models/sql/query.py", line 1680, in _add_q
    child_clause, needed_inner = self.build_filter(
                                 ^^^^^^^^^^^^^^^^^^
  File "/usr/local/lib/python3.11/site-packages/django/db/models/sql/query.py", line 1505, in build_filter
    return self._add_q(
           ^^^^^^^^^^^^
  File "/usr/local/lib/python3.11/site-packages/django/db/models/sql/query.py", line 1680, in _add_q
    child_clause, needed_inner = self.build_filter(
                                 ^^^^^^^^^^^^^^^^^^
  File "/usr/local/lib/python3.11/site-packages/django/db/models/sql/query.py", line 1528, in build_filter
    lookups, parts, reffed_expression = self.solve_lookup_type(arg, summarize)
                                        ^^^^^^^^^^^^^^^^^^^^^^^^^^^^^^^^^^^^^^
  File "/usr/local/lib/python3.11/site-packages/django/db/models/sql/query.py", line 1335, in solve_lookup_type
    _, field, _, lookup_parts = self.names_to_path(lookup_splitted, self.get_meta())
                                ^^^^^^^^^^^^^^^^^^^^^^^^^^^^^^^^^^^^^^^^^^^^^^^^^^^^
  File "/usr/local/lib/python3.11/site-packages/django/db/models/sql/query.py", line 1813, in names_to_path
    raise FieldError(
django.core.exceptions.FieldError: Cannot resolve keyword 'bookedappointment_set' into field. Choices are: address, allow_email_notifications, allow_marketing_emails, allow_push_notifications, bookedappointment, bulkorder, commission_admin_actions, commissionearning, created_at, date_joined, email, first_name, fleet_memberships, fleetvehicle, groups, has_booking_promotions, has_signup_promotions, id, incoming_transfers, is_active, is_branch_admin, is_fleet_owner, is_staff, is_superuser, last_login, last_name, logentry, loyaltyprogram, name, notification, notification_token, outgoing_transfers, outstandingtoken, owned_fleets, partner_attribution, partner_profile, password, passwordresettoken, paymenttransaction, pendingbooking, performed_events, phone, promotions, referral_code, referrals, referred, referred_by, referred_by_id, referrer, refundrecord, stripe_customer_id, support_tickets, updated_at, user_permissions, username, vehicle_ownerships, vin_lookup_purchases, winner_vouchers
ERROR 2026-04-05 23:44:46,135 runserver 1252 137381401245376 HTTP GET /api/v1/support/customers/get_customers_list/?segment=b2c 500 [0.11, 172.18.0.13:35982]
ERROR 2026-04-05 23:44:54,431 log 1252 137381268154048 Internal Server Error: /api/v1/support/customers/get_customers_list/
Traceback (most recent call last):
  File "/usr/local/lib/python3.11/site-packages/asgiref/sync.py", line 557, in thread_handler
    raise exc_info[1]
  File "/usr/local/lib/python3.11/site-packages/django/core/handlers/exception.py", line 42, in inner
    response = await get_response(request)
               ^^^^^^^^^^^^^^^^^^^^^^^^^^^
  File "/usr/local/lib/python3.11/site-packages/asgiref/sync.py", line 557, in thread_handler
    raise exc_info[1]
  File "/usr/local/lib/python3.11/site-packages/django/core/handlers/base.py", line 253, in _get_response_async
    response = await wrapped_callback(
               ^^^^^^^^^^^^^^^^^^^^^^^
  File "/usr/local/lib/python3.11/site-packages/asgiref/sync.py", line 506, in __call__
    ret = await asyncio.shield(exec_coro)
          ^^^^^^^^^^^^^^^^^^^^^^^^^^^^^^^
  File "/usr/local/lib/python3.11/concurrent/futures/thread.py", line 58, in run
    result = self.fn(*self.args, **self.kwargs)
             ^^^^^^^^^^^^^^^^^^^^^^^^^^^^^^^^^^
  File "/usr/local/lib/python3.11/site-packages/asgiref/sync.py", line 561, in thread_handler
    return func(*args, **kwargs)
           ^^^^^^^^^^^^^^^^^^^^^
  File "/usr/local/lib/python3.11/site-packages/django/views/decorators/csrf.py", line 65, in _view_wrapper
    return view_func(request, *args, **kwargs)
           ^^^^^^^^^^^^^^^^^^^^^^^^^^^^^^^^^^^
  File "/usr/local/lib/python3.11/site-packages/django/views/generic/base.py", line 105, in view
    return self.dispatch(request, *args, **kwargs)
           ^^^^^^^^^^^^^^^^^^^^^^^^^^^^^^^^^^^^^^^
  File "/usr/local/lib/python3.11/site-packages/rest_framework/views.py", line 515, in dispatch
    response = self.handle_exception(exc)
               ^^^^^^^^^^^^^^^^^^^^^^^^^^
  File "/usr/local/lib/python3.11/site-packages/rest_framework/views.py", line 475, in handle_exception
    self.raise_uncaught_exception(exc)
  File "/usr/local/lib/python3.11/site-packages/rest_framework/views.py", line 486, in raise_uncaught_exception
    raise exc
  File "/usr/local/lib/python3.11/site-packages/rest_framework/views.py", line 512, in dispatch
    response = handler(request, *args, **kwargs)
               ^^^^^^^^^^^^^^^^^^^^^^^^^^^^^^^^^
  File "/app/main/views/support/support_customers.py", line 534, in get
    return handler(request, **kwargs)
           ^^^^^^^^^^^^^^^^^^^^^^^^^^
  File "/app/main/views/support/support_customers.py", line 546, in _get_customers_list
    customers = [_serialize_b2c_list_item(u) for u in _b2c_user_query()]
                                                      ^^^^^^^^^^^^^^^^^
  File "/app/main/views/support/support_customers.py", line 147, in _b2c_user_query
    .filter(
     ^^^^^^^
  File "/usr/local/lib/python3.11/site-packages/django/db/models/query.py", line 1495, in filter
    return self._filter_or_exclude(False, args, kwargs)
           ^^^^^^^^^^^^^^^^^^^^^^^^^^^^^^^^^^^^^^^^^^^^
  File "/usr/local/lib/python3.11/site-packages/django/db/models/query.py", line 1513, in _filter_or_exclude
    clone._filter_or_exclude_inplace(negate, args, kwargs)
  File "/usr/local/lib/python3.11/site-packages/django/db/models/query.py", line 1523, in _filter_or_exclude_inplace
    self._query.add_q(Q(*args, **kwargs))
  File "/usr/local/lib/python3.11/site-packages/django/db/models/sql/query.py", line 1648, in add_q
    clause, _ = self._add_q(q_object, can_reuse)
                ^^^^^^^^^^^^^^^^^^^^^^^^^^^^^^^^
  File "/usr/local/lib/python3.11/site-packages/django/db/models/sql/query.py", line 1680, in _add_q
    child_clause, needed_inner = self.build_filter(
                                 ^^^^^^^^^^^^^^^^^^
  File "/usr/local/lib/python3.11/site-packages/django/db/models/sql/query.py", line 1505, in build_filter
    return self._add_q(
           ^^^^^^^^^^^^
  File "/usr/local/lib/python3.11/site-packages/django/db/models/sql/query.py", line 1680, in _add_q
    child_clause, needed_inner = self.build_filter(
                                 ^^^^^^^^^^^^^^^^^^
  File "/usr/local/lib/python3.11/site-packages/django/db/models/sql/query.py", line 1528, in build_filter
    lookups, parts, reffed_expression = self.solve_lookup_type(arg, summarize)
                                        ^^^^^^^^^^^^^^^^^^^^^^^^^^^^^^^^^^^^^^
  File "/usr/local/lib/python3.11/site-packages/django/db/models/sql/query.py", line 1335, in solve_lookup_type
    _, field, _, lookup_parts = self.names_to_path(lookup_splitted, self.get_meta())
                                ^^^^^^^^^^^^^^^^^^^^^^^^^^^^^^^^^^^^^^^^^^^^^^^^^^^^
  File "/usr/local/lib/python3.11/site-packages/django/db/models/sql/query.py", line 1813, in names_to_path
    raise FieldError(
django.core.exceptions.FieldError: Cannot resolve keyword 'bookedappointment_set' into field. Choices are: address, allow_email_notifications, allow_marketing_emails, allow_push_notifications, bookedappointment, bulkorder, commission_admin_actions, commissionearning, created_at, date_joined, email, first_name, fleet_memberships, fleetvehicle, groups, has_booking_promotions, has_signup_promotions, id, incoming_transfers, is_active, is_branch_admin, is_fleet_owner, is_staff, is_superuser, last_login, last_name, logentry, loyaltyprogram, name, notification, notification_token, outgoing_transfers, outstandingtoken, owned_fleets, partner_attribution, partner_profile, password, passwordresettoken, paymenttransaction, pendingbooking, performed_events, phone, promotions, referral_code, referrals, referred, referred_by, referred_by_id, referrer, refundrecord, stripe_customer_id, support_tickets, updated_at, user_permissions, username, vehicle_ownerships, vin_lookup_purchases, winner_vouchers
ERROR 2026-04-05 23:44:54,442 runserver 1252 137381401245376 HTTP GET /api/v1/support/customers/get_customers_list/?segment=b2c 500 [0.07, 172.18.0.13:42144]
ERROR 2026-04-05 23:45:11,129 log 1252 137381268154048 Internal Server Error: /api/v1/support/customers/get_customers_list/
Traceback (most recent call last):
  File "/usr/local/lib/python3.11/site-packages/asgiref/sync.py", line 557, in thread_handler
    raise exc_info[1]
  File "/usr/local/lib/python3.11/site-packages/django/core/handlers/exception.py", line 42, in inner
    response = await get_response(request)
               ^^^^^^^^^^^^^^^^^^^^^^^^^^^
  File "/usr/local/lib/python3.11/site-packages/asgiref/sync.py", line 557, in thread_handler
    raise exc_info[1]
  File "/usr/local/lib/python3.11/site-packages/django/core/handlers/base.py", line 253, in _get_response_async
    response = await wrapped_callback(
               ^^^^^^^^^^^^^^^^^^^^^^^
  File "/usr/local/lib/python3.11/site-packages/asgiref/sync.py", line 506, in __call__
    ret = await asyncio.shield(exec_coro)
          ^^^^^^^^^^^^^^^^^^^^^^^^^^^^^^^
  File "/usr/local/lib/python3.11/concurrent/futures/thread.py", line 58, in run
    result = self.fn(*self.args, **self.kwargs)
             ^^^^^^^^^^^^^^^^^^^^^^^^^^^^^^^^^^
  File "/usr/local/lib/python3.11/site-packages/asgiref/sync.py", line 561, in thread_handler
    return func(*args, **kwargs)
           ^^^^^^^^^^^^^^^^^^^^^
  File "/usr/local/lib/python3.11/site-packages/django/views/decorators/csrf.py", line 65, in _view_wrapper
    return view_func(request, *args, **kwargs)
           ^^^^^^^^^^^^^^^^^^^^^^^^^^^^^^^^^^^
  File "/usr/local/lib/python3.11/site-packages/django/views/generic/base.py", line 105, in view
    return self.dispatch(request, *args, **kwargs)
           ^^^^^^^^^^^^^^^^^^^^^^^^^^^^^^^^^^^^^^^
  File "/usr/local/lib/python3.11/site-packages/rest_framework/views.py", line 515, in dispatch
    response = self.handle_exception(exc)
               ^^^^^^^^^^^^^^^^^^^^^^^^^^
  File "/usr/local/lib/python3.11/site-packages/rest_framework/views.py", line 475, in handle_exception
    self.raise_uncaught_exception(exc)
  File "/usr/local/lib/python3.11/site-packages/rest_framework/views.py", line 486, in raise_uncaught_exception
    raise exc
  File "/usr/local/lib/python3.11/site-packages/rest_framework/views.py", line 512, in dispatch
    response = handler(request, *args, **kwargs)
               ^^^^^^^^^^^^^^^^^^^^^^^^^^^^^^^^^
  File "/app/main/views/support/support_customers.py", line 534, in get
    return handler(request, **kwargs)
           ^^^^^^^^^^^^^^^^^^^^^^^^^^
  File "/app/main/views/support/support_customers.py", line 546, in _get_customers_list
    customers = [_serialize_b2c_list_item(u) for u in _b2c_user_query()]
                                                      ^^^^^^^^^^^^^^^^^
  File "/app/main/views/support/support_customers.py", line 147, in _b2c_user_query
    .filter(
     ^^^^^^^
  File "/usr/local/lib/python3.11/site-packages/django/db/models/query.py", line 1495, in filter
    return self._filter_or_exclude(False, args, kwargs)
           ^^^^^^^^^^^^^^^^^^^^^^^^^^^^^^^^^^^^^^^^^^^^
  File "/usr/local/lib/python3.11/site-packages/django/db/models/query.py", line 1513, in _filter_or_exclude
    clone._filter_or_exclude_inplace(negate, args, kwargs)
  File "/usr/local/lib/python3.11/site-packages/django/db/models/query.py", line 1523, in _filter_or_exclude_inplace
    self._query.add_q(Q(*args, **kwargs))
  File "/usr/local/lib/python3.11/site-packages/django/db/models/sql/query.py", line 1648, in add_q
    clause, _ = self._add_q(q_object, can_reuse)
                ^^^^^^^^^^^^^^^^^^^^^^^^^^^^^^^^
  File "/usr/local/lib/python3.11/site-packages/django/db/models/sql/query.py", line 1680, in _add_q
    child_clause, needed_inner = self.build_filter(
                                 ^^^^^^^^^^^^^^^^^^
  File "/usr/local/lib/python3.11/site-packages/django/db/models/sql/query.py", line 1505, in build_filter
    return self._add_q(
           ^^^^^^^^^^^^
  File "/usr/local/lib/python3.11/site-packages/django/db/models/sql/query.py", line 1680, in _add_q
    child_clause, needed_inner = self.build_filter(
                                 ^^^^^^^^^^^^^^^^^^
  File "/usr/local/lib/python3.11/site-packages/django/db/models/sql/query.py", line 1528, in build_filter
    lookups, parts, reffed_expression = self.solve_lookup_type(arg, summarize)
                                        ^^^^^^^^^^^^^^^^^^^^^^^^^^^^^^^^^^^^^^
  File "/usr/local/lib/python3.11/site-packages/django/db/models/sql/query.py", line 1335, in solve_lookup_type
    _, field, _, lookup_parts = self.names_to_path(lookup_splitted, self.get_meta())
                                ^^^^^^^^^^^^^^^^^^^^^^^^^^^^^^^^^^^^^^^^^^^^^^^^^^^^
  File "/usr/local/lib/python3.11/site-packages/django/db/models/sql/query.py", line 1813, in names_to_path
    raise FieldError(
django.core.exceptions.FieldError: Cannot resolve keyword 'bookedappointment_set' into field. Choices are: address, allow_email_notifications, allow_marketing_emails, allow_push_notifications, bookedappointment, bulkorder, commission_admin_actions, commissionearning, created_at, date_joined, email, first_name, fleet_memberships, fleetvehicle, groups, has_booking_promotions, has_signup_promotions, id, incoming_transfers, is_active, is_branch_admin, is_fleet_owner, is_staff, is_superuser, last_login, last_name, logentry, loyaltyprogram, name, notification, notification_token, outgoing_transfers, outstandingtoken, owned_fleets, partner_attribution, partner_profile, password, passwordresettoken, paymenttransaction, pendingbooking, performed_events, phone, promotions, referral_code, referrals, referred, referred_by, referred_by_id, referrer, refundrecord, stripe_customer_id, support_tickets, updated_at, user_permissions, username, vehicle_ownerships, vin_lookup_purchases, winner_vouchers
ERROR 2026-04-05 23:45:11,138 runserver 1252 137381401245376 HTTP GET /api/v1/support/customers/get_customers_list/?segment=b2c 500 [0.05, 172.18.0.13:59190]
ERROR 2026-04-05 23:45:12,844 log 1252 137381268154048 Internal Server Error: /api/v1/support/customers/get_customers_list/
Traceback (most recent call last):
  File "/usr/local/lib/python3.11/site-packages/asgiref/sync.py", line 557, in thread_handler
    raise exc_info[1]
  File "/usr/local/lib/python3.11/site-packages/django/core/handlers/exception.py", line 42, in inner
    response = await get_response(request)
               ^^^^^^^^^^^^^^^^^^^^^^^^^^^
  File "/usr/local/lib/python3.11/site-packages/asgiref/sync.py", line 557, in thread_handler
    raise exc_info[1]
  File "/usr/local/lib/python3.11/site-packages/django/core/handlers/base.py", line 253, in _get_response_async
    response = await wrapped_callback(
               ^^^^^^^^^^^^^^^^^^^^^^^
  File "/usr/local/lib/python3.11/site-packages/asgiref/sync.py", line 506, in __call__
    ret = await asyncio.shield(exec_coro)
          ^^^^^^^^^^^^^^^^^^^^^^^^^^^^^^^
  File "/usr/local/lib/python3.11/concurrent/futures/thread.py", line 58, in run
    result = self.fn(*self.args, **self.kwargs)
             ^^^^^^^^^^^^^^^^^^^^^^^^^^^^^^^^^^
  File "/usr/local/lib/python3.11/site-packages/asgiref/sync.py", line 561, in thread_handler
    return func(*args, **kwargs)
           ^^^^^^^^^^^^^^^^^^^^^
  File "/usr/local/lib/python3.11/site-packages/django/views/decorators/csrf.py", line 65, in _view_wrapper
    return view_func(request, *args, **kwargs)
           ^^^^^^^^^^^^^^^^^^^^^^^^^^^^^^^^^^^
  File "/usr/local/lib/python3.11/site-packages/django/views/generic/base.py", line 105, in view
    return self.dispatch(request, *args, **kwargs)
           ^^^^^^^^^^^^^^^^^^^^^^^^^^^^^^^^^^^^^^^
  File "/usr/local/lib/python3.11/site-packages/rest_framework/views.py", line 515, in dispatch
    response = self.handle_exception(exc)
               ^^^^^^^^^^^^^^^^^^^^^^^^^^
  File "/usr/local/lib/python3.11/site-packages/rest_framework/views.py", line 475, in handle_exception
    self.raise_uncaught_exception(exc)
  File "/usr/local/lib/python3.11/site-packages/rest_framework/views.py", line 486, in raise_uncaught_exception
    raise exc
  File "/usr/local/lib/python3.11/site-packages/rest_framework/views.py", line 512, in dispatch
    response = handler(request, *args, **kwargs)
               ^^^^^^^^^^^^^^^^^^^^^^^^^^^^^^^^^
  File "/app/main/views/support/support_customers.py", line 534, in get
    return handler(request, **kwargs)
           ^^^^^^^^^^^^^^^^^^^^^^^^^^
  File "/app/main/views/support/support_customers.py", line 546, in _get_customers_list
    customers = [_serialize_b2c_list_item(u) for u in _b2c_user_query()]
                                                      ^^^^^^^^^^^^^^^^^
  File "/app/main/views/support/support_customers.py", line 147, in _b2c_user_query
    .filter(
     ^^^^^^^
  File "/usr/local/lib/python3.11/site-packages/django/db/models/query.py", line 1495, in filter
    return self._filter_or_exclude(False, args, kwargs)
           ^^^^^^^^^^^^^^^^^^^^^^^^^^^^^^^^^^^^^^^^^^^^
  File "/usr/local/lib/python3.11/site-packages/django/db/models/query.py", line 1513, in _filter_or_exclude
    clone._filter_or_exclude_inplace(negate, args, kwargs)
  File "/usr/local/lib/python3.11/site-packages/django/db/models/query.py", line 1523, in _filter_or_exclude_inplace
    self._query.add_q(Q(*args, **kwargs))
  File "/usr/local/lib/python3.11/site-packages/django/db/models/sql/query.py", line 1648, in add_q
    clause, _ = self._add_q(q_object, can_reuse)
                ^^^^^^^^^^^^^^^^^^^^^^^^^^^^^^^^
  File "/usr/local/lib/python3.11/site-packages/django/db/models/sql/query.py", line 1680, in _add_q
    child_clause, needed_inner = self.build_filter(
                                 ^^^^^^^^^^^^^^^^^^
  File "/usr/local/lib/python3.11/site-packages/django/db/models/sql/query.py", line 1505, in build_filter
    return self._add_q(
           ^^^^^^^^^^^^
  File "/usr/local/lib/python3.11/site-packages/django/db/models/sql/query.py", line 1680, in _add_q
    child_clause, needed_inner = self.build_filter(
                                 ^^^^^^^^^^^^^^^^^^
  File "/usr/local/lib/python3.11/site-packages/django/db/models/sql/query.py", line 1528, in build_filter
    lookups, parts, reffed_expression = self.solve_lookup_type(arg, summarize)
                                        ^^^^^^^^^^^^^^^^^^^^^^^^^^^^^^^^^^^^^^
  File "/usr/local/lib/python3.11/site-packages/django/db/models/sql/query.py", line 1335, in solve_lookup_type
    _, field, _, lookup_parts = self.names_to_path(lookup_splitted, self.get_meta())
                                ^^^^^^^^^^^^^^^^^^^^^^^^^^^^^^^^^^^^^^^^^^^^^^^^^^^^
  File "/usr/local/lib/python3.11/site-packages/django/db/models/sql/query.py", line 1813, in names_to_path
    raise FieldError(
django.core.exceptions.FieldError: Cannot resolve keyword 'bookedappointment_set' into field. Choices are: address, allow_email_notifications, allow_marketing_emails, allow_push_notifications, bookedappointment, bulkorder, commission_admin_actions, commissionearning, created_at, date_joined, email, first_name, fleet_memberships, fleetvehicle, groups, has_booking_promotions, has_signup_promotions, id, incoming_transfers, is_active, is_branch_admin, is_fleet_owner, is_staff, is_superuser, last_login, last_name, logentry, loyaltyprogram, name, notification, notification_token, outgoing_transfers, outstandingtoken, owned_fleets, partner_attribution, partner_profile, password, passwordresettoken, paymenttransaction, pendingbooking, performed_events, phone, promotions, referral_code, referrals, referred, referred_by, referred_by_id, referrer, refundrecord, stripe_customer_id, support_tickets, updated_at, user_permissions, username, vehicle_ownerships, vin_lookup_purchases, winner_vouchers
ERROR 2026-04-05 23:45:12,852 runserver 1252 137381401245376 HTTP GET /api/v1/support/customers/get_customers_list/?segment=b2c 500 [0.05, 172.18.0.13:59202]
ERROR 2026-04-05 23:46:43,087 log 1252 137381268154048 Internal Server Error: /api/v1/support/customers/get_customers_list/
Traceback (most recent call last):
  File "/usr/local/lib/python3.11/site-packages/asgiref/sync.py", line 557, in thread_handler
    raise exc_info[1]
  File "/usr/local/lib/python3.11/site-packages/django/core/handlers/exception.py", line 42, in inner
    response = await get_response(request)
               ^^^^^^^^^^^^^^^^^^^^^^^^^^^
  File "/usr/local/lib/python3.11/site-packages/asgiref/sync.py", line 557, in thread_handler
    raise exc_info[1]
  File "/usr/local/lib/python3.11/site-packages/django/core/handlers/base.py", line 253, in _get_response_async
    response = await wrapped_callback(
               ^^^^^^^^^^^^^^^^^^^^^^^
  File "/usr/local/lib/python3.11/site-packages/asgiref/sync.py", line 506, in __call__
    ret = await asyncio.shield(exec_coro)
          ^^^^^^^^^^^^^^^^^^^^^^^^^^^^^^^
  File "/usr/local/lib/python3.11/concurrent/futures/thread.py", line 58, in run
    result = self.fn(*self.args, **self.kwargs)
             ^^^^^^^^^^^^^^^^^^^^^^^^^^^^^^^^^^
  File "/usr/local/lib/python3.11/site-packages/asgiref/sync.py", line 561, in thread_handler
    return func(*args, **kwargs)
           ^^^^^^^^^^^^^^^^^^^^^
  File "/usr/local/lib/python3.11/site-packages/django/views/decorators/csrf.py", line 65, in _view_wrapper
    return view_func(request, *args, **kwargs)
           ^^^^^^^^^^^^^^^^^^^^^^^^^^^^^^^^^^^
  File "/usr/local/lib/python3.11/site-packages/django/views/generic/base.py", line 105, in view
    return self.dispatch(request, *args, **kwargs)
           ^^^^^^^^^^^^^^^^^^^^^^^^^^^^^^^^^^^^^^^
  File "/usr/local/lib/python3.11/site-packages/rest_framework/views.py", line 515, in dispatch
    response = self.handle_exception(exc)
               ^^^^^^^^^^^^^^^^^^^^^^^^^^
  File "/usr/local/lib/python3.11/site-packages/rest_framework/views.py", line 475, in handle_exception
    self.raise_uncaught_exception(exc)
  File "/usr/local/lib/python3.11/site-packages/rest_framework/views.py", line 486, in raise_uncaught_exception
    raise exc
  File "/usr/local/lib/python3.11/site-packages/rest_framework/views.py", line 512, in dispatch
    response = handler(request, *args, **kwargs)
               ^^^^^^^^^^^^^^^^^^^^^^^^^^^^^^^^^
  File "/app/main/views/support/support_customers.py", line 534, in get
    return handler(request, **kwargs)
           ^^^^^^^^^^^^^^^^^^^^^^^^^^
  File "/app/main/views/support/support_customers.py", line 546, in _get_customers_list
    customers = [_serialize_b2c_list_item(u) for u in _b2c_user_query()]
                                                      ^^^^^^^^^^^^^^^^^
  File "/app/main/views/support/support_customers.py", line 147, in _b2c_user_query
    .filter(
     ^^^^^^^
  File "/usr/local/lib/python3.11/site-packages/django/db/models/query.py", line 1495, in filter
    return self._filter_or_exclude(False, args, kwargs)
           ^^^^^^^^^^^^^^^^^^^^^^^^^^^^^^^^^^^^^^^^^^^^
  File "/usr/local/lib/python3.11/site-packages/django/db/models/query.py", line 1513, in _filter_or_exclude
    clone._filter_or_exclude_inplace(negate, args, kwargs)
  File "/usr/local/lib/python3.11/site-packages/django/db/models/query.py", line 1523, in _filter_or_exclude_inplace
    self._query.add_q(Q(*args, **kwargs))
  File "/usr/local/lib/python3.11/site-packages/django/db/models/sql/query.py", line 1648, in add_q
    clause, _ = self._add_q(q_object, can_reuse)
                ^^^^^^^^^^^^^^^^^^^^^^^^^^^^^^^^
  File "/usr/local/lib/python3.11/site-packages/django/db/models/sql/query.py", line 1680, in _add_q
    child_clause, needed_inner = self.build_filter(
                                 ^^^^^^^^^^^^^^^^^^
  File "/usr/local/lib/python3.11/site-packages/django/db/models/sql/query.py", line 1505, in build_filter
    return self._add_q(
           ^^^^^^^^^^^^
  File "/usr/local/lib/python3.11/site-packages/django/db/models/sql/query.py", line 1680, in _add_q
    child_clause, needed_inner = self.build_filter(
                                 ^^^^^^^^^^^^^^^^^^
  File "/usr/local/lib/python3.11/site-packages/django/db/models/sql/query.py", line 1528, in build_filter
    lookups, parts, reffed_expression = self.solve_lookup_type(arg, summarize)
                                        ^^^^^^^^^^^^^^^^^^^^^^^^^^^^^^^^^^^^^^
  File "/usr/local/lib/python3.11/site-packages/django/db/models/sql/query.py", line 1335, in solve_lookup_type
    _, field, _, lookup_parts = self.names_to_path(lookup_splitted, self.get_meta())
                                ^^^^^^^^^^^^^^^^^^^^^^^^^^^^^^^^^^^^^^^^^^^^^^^^^^^^
  File "/usr/local/lib/python3.11/site-packages/django/db/models/sql/query.py", line 1813, in names_to_path
    raise FieldError(
django.core.exceptions.FieldError: Cannot resolve keyword 'bookedappointment_set' into field. Choices are: address, allow_email_notifications, allow_marketing_emails, allow_push_notifications, bookedappointment, bulkorder, commission_admin_actions, commissionearning, created_at, date_joined, email, first_name, fleet_memberships, fleetvehicle, groups, has_booking_promotions, has_signup_promotions, id, incoming_transfers, is_active, is_branch_admin, is_fleet_owner, is_staff, is_superuser, last_login, last_name, logentry, loyaltyprogram, name, notification, notification_token, outgoing_transfers, outstandingtoken, owned_fleets, partner_attribution, partner_profile, password, passwordresettoken, paymenttransaction, pendingbooking, performed_events, phone, promotions, referral_code, referrals, referred, referred_by, referred_by_id, referrer, refundrecord, stripe_customer_id, support_tickets, updated_at, user_permissions, username, vehicle_ownerships, vin_lookup_purchases, winner_vouchers
ERROR 2026-04-05 23:46:43,101 runserver 1252 137381401245376 HTTP GET /api/v1/support/customers/get_customers_list/?segment=b2c 500 [0.10, 172.18.0.13:39366]
ERROR 2026-04-05 23:46:51,770 log 1252 137381268154048 Internal Server Error: /api/v1/support/customers/get_customers_list/
Traceback (most recent call last):
  File "/usr/local/lib/python3.11/site-packages/asgiref/sync.py", line 557, in thread_handler
    raise exc_info[1]
  File "/usr/local/lib/python3.11/site-packages/django/core/handlers/exception.py", line 42, in inner
    response = await get_response(request)
               ^^^^^^^^^^^^^^^^^^^^^^^^^^^
  File "/usr/local/lib/python3.11/site-packages/asgiref/sync.py", line 557, in thread_handler
    raise exc_info[1]
  File "/usr/local/lib/python3.11/site-packages/django/core/handlers/base.py", line 253, in _get_response_async
    response = await wrapped_callback(
               ^^^^^^^^^^^^^^^^^^^^^^^
  File "/usr/local/lib/python3.11/site-packages/asgiref/sync.py", line 506, in __call__
    ret = await asyncio.shield(exec_coro)
          ^^^^^^^^^^^^^^^^^^^^^^^^^^^^^^^
  File "/usr/local/lib/python3.11/concurrent/futures/thread.py", line 58, in run
    result = self.fn(*self.args, **self.kwargs)
             ^^^^^^^^^^^^^^^^^^^^^^^^^^^^^^^^^^
  File "/usr/local/lib/python3.11/site-packages/asgiref/sync.py", line 561, in thread_handler
    return func(*args, **kwargs)
           ^^^^^^^^^^^^^^^^^^^^^
  File "/usr/local/lib/python3.11/site-packages/django/views/decorators/csrf.py", line 65, in _view_wrapper
    return view_func(request, *args, **kwargs)
           ^^^^^^^^^^^^^^^^^^^^^^^^^^^^^^^^^^^
  File "/usr/local/lib/python3.11/site-packages/django/views/generic/base.py", line 105, in view
    return self.dispatch(request, *args, **kwargs)
           ^^^^^^^^^^^^^^^^^^^^^^^^^^^^^^^^^^^^^^^
  File "/usr/local/lib/python3.11/site-packages/rest_framework/views.py", line 515, in dispatch
    response = self.handle_exception(exc)
               ^^^^^^^^^^^^^^^^^^^^^^^^^^
  File "/usr/local/lib/python3.11/site-packages/rest_framework/views.py", line 475, in handle_exception
    self.raise_uncaught_exception(exc)
  File "/usr/local/lib/python3.11/site-packages/rest_framework/views.py", line 486, in raise_uncaught_exception
    raise exc
  File "/usr/local/lib/python3.11/site-packages/rest_framework/views.py", line 512, in dispatch
    response = handler(request, *args, **kwargs)
               ^^^^^^^^^^^^^^^^^^^^^^^^^^^^^^^^^
  File "/app/main/views/support/support_customers.py", line 534, in get
    return handler(request, **kwargs)
           ^^^^^^^^^^^^^^^^^^^^^^^^^^
  File "/app/main/views/support/support_customers.py", line 546, in _get_customers_list
    customers = [_serialize_b2c_list_item(u) for u in _b2c_user_query()]
                                                      ^^^^^^^^^^^^^^^^^
  File "/app/main/views/support/support_customers.py", line 147, in _b2c_user_query
    .filter(
     ^^^^^^^
  File "/usr/local/lib/python3.11/site-packages/django/db/models/query.py", line 1495, in filter
    return self._filter_or_exclude(False, args, kwargs)
           ^^^^^^^^^^^^^^^^^^^^^^^^^^^^^^^^^^^^^^^^^^^^
  File "/usr/local/lib/python3.11/site-packages/django/db/models/query.py", line 1513, in _filter_or_exclude
    clone._filter_or_exclude_inplace(negate, args, kwargs)
  File "/usr/local/lib/python3.11/site-packages/django/db/models/query.py", line 1523, in _filter_or_exclude_inplace
    self._query.add_q(Q(*args, **kwargs))
  File "/usr/local/lib/python3.11/site-packages/django/db/models/sql/query.py", line 1648, in add_q
    clause, _ = self._add_q(q_object, can_reuse)
                ^^^^^^^^^^^^^^^^^^^^^^^^^^^^^^^^
  File "/usr/local/lib/python3.11/site-packages/django/db/models/sql/query.py", line 1680, in _add_q
    child_clause, needed_inner = self.build_filter(
                                 ^^^^^^^^^^^^^^^^^^
  File "/usr/local/lib/python3.11/site-packages/django/db/models/sql/query.py", line 1505, in build_filter
    return self._add_q(
           ^^^^^^^^^^^^
  File "/usr/local/lib/python3.11/site-packages/django/db/models/sql/query.py", line 1680, in _add_q
    child_clause, needed_inner = self.build_filter(
                                 ^^^^^^^^^^^^^^^^^^
  File "/usr/local/lib/python3.11/site-packages/django/db/models/sql/query.py", line 1528, in build_filter
    lookups, parts, reffed_expression = self.solve_lookup_type(arg, summarize)
                                        ^^^^^^^^^^^^^^^^^^^^^^^^^^^^^^^^^^^^^^
  File "/usr/local/lib/python3.11/site-packages/django/db/models/sql/query.py", line 1335, in solve_lookup_type
    _, field, _, lookup_parts = self.names_to_path(lookup_splitted, self.get_meta())
                                ^^^^^^^^^^^^^^^^^^^^^^^^^^^^^^^^^^^^^^^^^^^^^^^^^^^^
  File "/usr/local/lib/python3.11/site-packages/django/db/models/sql/query.py", line 1813, in names_to_path
    raise FieldError(
django.core.exceptions.FieldError: Cannot resolve keyword 'bookedappointment_set' into field. Choices are: address, allow_email_notifications, allow_marketing_emails, allow_push_notifications, bookedappointment, bulkorder, commission_admin_actions, commissionearning, created_at, date_joined, email, first_name, fleet_memberships, fleetvehicle, groups, has_booking_promotions, has_signup_promotions, id, incoming_transfers, is_active, is_branch_admin, is_fleet_owner, is_staff, is_superuser, last_login, last_name, logentry, loyaltyprogram, name, notification, notification_token, outgoing_transfers, outstandingtoken, owned_fleets, partner_attribution, partner_profile, password, passwordresettoken, paymenttransaction, pendingbooking, performed_events, phone, promotions, referral_code, referrals, referred, referred_by, referred_by_id, referrer, refundrecord, stripe_customer_id, support_tickets, updated_at, user_permissions, username, vehicle_ownerships, vin_lookup_purchases, winner_vouchers
ERROR 2026-04-05 23:46:51,778 runserver 1252 137381401245376 HTTP GET /api/v1/support/customers/get_customers_list/?segment=b2c 500 [0.04, 172.18.0.13:49486]
ERROR 2026-04-05 23:47:09,565 log 1348 131444575823552 Internal Server Error: /api/v1/support/customers/get_customers_list/
Traceback (most recent call last):
  File "/usr/local/lib/python3.11/site-packages/asgiref/sync.py", line 557, in thread_handler
    raise exc_info[1]
  File "/usr/local/lib/python3.11/site-packages/django/core/handlers/exception.py", line 42, in inner
    response = await get_response(request)
               ^^^^^^^^^^^^^^^^^^^^^^^^^^^
  File "/usr/local/lib/python3.11/site-packages/asgiref/sync.py", line 557, in thread_handler
    raise exc_info[1]
  File "/usr/local/lib/python3.11/site-packages/django/core/handlers/base.py", line 253, in _get_response_async
    response = await wrapped_callback(
               ^^^^^^^^^^^^^^^^^^^^^^^
  File "/usr/local/lib/python3.11/site-packages/asgiref/sync.py", line 506, in __call__
    ret = await asyncio.shield(exec_coro)
          ^^^^^^^^^^^^^^^^^^^^^^^^^^^^^^^
  File "/usr/local/lib/python3.11/concurrent/futures/thread.py", line 58, in run
    result = self.fn(*self.args, **self.kwargs)
             ^^^^^^^^^^^^^^^^^^^^^^^^^^^^^^^^^^
  File "/usr/local/lib/python3.11/site-packages/asgiref/sync.py", line 561, in thread_handler
    return func(*args, **kwargs)
           ^^^^^^^^^^^^^^^^^^^^^
  File "/usr/local/lib/python3.11/site-packages/django/views/decorators/csrf.py", line 65, in _view_wrapper
    return view_func(request, *args, **kwargs)
           ^^^^^^^^^^^^^^^^^^^^^^^^^^^^^^^^^^^
  File "/usr/local/lib/python3.11/site-packages/django/views/generic/base.py", line 105, in view
    return self.dispatch(request, *args, **kwargs)
           ^^^^^^^^^^^^^^^^^^^^^^^^^^^^^^^^^^^^^^^
  File "/usr/local/lib/python3.11/site-packages/rest_framework/views.py", line 515, in dispatch
    response = self.handle_exception(exc)
               ^^^^^^^^^^^^^^^^^^^^^^^^^^
  File "/usr/local/lib/python3.11/site-packages/rest_framework/views.py", line 475, in handle_exception
    self.raise_uncaught_exception(exc)
  File "/usr/local/lib/python3.11/site-packages/rest_framework/views.py", line 486, in raise_uncaught_exception
    raise exc
  File "/usr/local/lib/python3.11/site-packages/rest_framework/views.py", line 512, in dispatch
    response = handler(request, *args, **kwargs)
               ^^^^^^^^^^^^^^^^^^^^^^^^^^^^^^^^^
  File "/app/main/views/support/support_customers.py", line 539, in get
    return handler(request, **kwargs)
           ^^^^^^^^^^^^^^^^^^^^^^^^^^
  File "/app/main/views/support/support_customers.py", line 551, in _get_customers_list
    customers = [_serialize_b2c_list_item(u) for u in _b2c_user_query()]
                                                      ^^^^^^^^^^^^^^^^^
  File "/app/main/views/support/support_customers.py", line 148, in _b2c_user_query
    .filter(
     ^^^^^^^
  File "/usr/local/lib/python3.11/site-packages/django/db/models/query.py", line 1495, in filter
    return self._filter_or_exclude(False, args, kwargs)
           ^^^^^^^^^^^^^^^^^^^^^^^^^^^^^^^^^^^^^^^^^^^^
  File "/usr/local/lib/python3.11/site-packages/django/db/models/query.py", line 1513, in _filter_or_exclude
    clone._filter_or_exclude_inplace(negate, args, kwargs)
  File "/usr/local/lib/python3.11/site-packages/django/db/models/query.py", line 1523, in _filter_or_exclude_inplace
    self._query.add_q(Q(*args, **kwargs))
  File "/usr/local/lib/python3.11/site-packages/django/db/models/sql/query.py", line 1648, in add_q
    clause, _ = self._add_q(q_object, can_reuse)
                ^^^^^^^^^^^^^^^^^^^^^^^^^^^^^^^^
  File "/usr/local/lib/python3.11/site-packages/django/db/models/sql/query.py", line 1680, in _add_q
    child_clause, needed_inner = self.build_filter(
                                 ^^^^^^^^^^^^^^^^^^
  File "/usr/local/lib/python3.11/site-packages/django/db/models/sql/query.py", line 1505, in build_filter
    return self._add_q(
           ^^^^^^^^^^^^
  File "/usr/local/lib/python3.11/site-packages/django/db/models/sql/query.py", line 1680, in _add_q
    child_clause, needed_inner = self.build_filter(
                                 ^^^^^^^^^^^^^^^^^^
  File "/usr/local/lib/python3.11/site-packages/django/db/models/sql/query.py", line 1528, in build_filter
    lookups, parts, reffed_expression = self.solve_lookup_type(arg, summarize)
                                        ^^^^^^^^^^^^^^^^^^^^^^^^^^^^^^^^^^^^^^
  File "/usr/local/lib/python3.11/site-packages/django/db/models/sql/query.py", line 1335, in solve_lookup_type
    _, field, _, lookup_parts = self.names_to_path(lookup_splitted, self.get_meta())
                                ^^^^^^^^^^^^^^^^^^^^^^^^^^^^^^^^^^^^^^^^^^^^^^^^^^^^
  File "/usr/local/lib/python3.11/site-packages/django/db/models/sql/query.py", line 1813, in names_to_path
    raise FieldError(
django.core.exceptions.FieldError: Cannot resolve keyword 'bookedappointment_set' into field. Choices are: address, allow_email_notifications, allow_marketing_emails, allow_push_notifications, bookedappointment, bulkorder, commission_admin_actions, commissionearning, created_at, date_joined, email, first_name, fleet_memberships, fleetvehicle, groups, has_booking_promotions, has_signup_promotions, id, incoming_transfers, is_active, is_branch_admin, is_fleet_owner, is_staff, is_superuser, last_login, last_name, logentry, loyaltyprogram, name, notification, notification_token, outgoing_transfers, outstandingtoken, owned_fleets, partner_attribution, partner_profile, password, passwordresettoken, paymenttransaction, pendingbooking, performed_events, phone, promotions, referral_code, referrals, referred, referred_by, referred_by_id, referrer, refundrecord, stripe_customer_id, support_tickets, updated_at, user_permissions, username, vehicle_ownerships, vin_lookup_purchases, winner_vouchers
ERROR 2026-04-05 23:47:09,575 runserver 1348 131444707059392 HTTP GET /api/v1/support/customers/get_customers_list/?segment=b2c 500 [0.06, 172.18.0.13:53690]
ERROR 2026-04-05 23:55:41,266 log 1348 131444575823552 Internal Server Error: /api/v1/support/customers/get_customers_list/
Traceback (most recent call last):
  File "/usr/local/lib/python3.11/site-packages/asgiref/sync.py", line 557, in thread_handler
    raise exc_info[1]
  File "/usr/local/lib/python3.11/site-packages/django/core/handlers/exception.py", line 42, in inner
    response = await get_response(request)
               ^^^^^^^^^^^^^^^^^^^^^^^^^^^
  File "/usr/local/lib/python3.11/site-packages/asgiref/sync.py", line 557, in thread_handler
    raise exc_info[1]
  File "/usr/local/lib/python3.11/site-packages/django/core/handlers/base.py", line 253, in _get_response_async
    response = await wrapped_callback(
               ^^^^^^^^^^^^^^^^^^^^^^^
  File "/usr/local/lib/python3.11/site-packages/asgiref/sync.py", line 506, in __call__
    ret = await asyncio.shield(exec_coro)
          ^^^^^^^^^^^^^^^^^^^^^^^^^^^^^^^
  File "/usr/local/lib/python3.11/concurrent/futures/thread.py", line 58, in run
    result = self.fn(*self.args, **self.kwargs)
             ^^^^^^^^^^^^^^^^^^^^^^^^^^^^^^^^^^
  File "/usr/local/lib/python3.11/site-packages/asgiref/sync.py", line 561, in thread_handler
    return func(*args, **kwargs)
           ^^^^^^^^^^^^^^^^^^^^^
  File "/usr/local/lib/python3.11/site-packages/django/views/decorators/csrf.py", line 65, in _view_wrapper
    return view_func(request, *args, **kwargs)
           ^^^^^^^^^^^^^^^^^^^^^^^^^^^^^^^^^^^
  File "/usr/local/lib/python3.11/site-packages/django/views/generic/base.py", line 105, in view
    return self.dispatch(request, *args, **kwargs)
           ^^^^^^^^^^^^^^^^^^^^^^^^^^^^^^^^^^^^^^^
  File "/usr/local/lib/python3.11/site-packages/rest_framework/views.py", line 515, in dispatch
    response = self.handle_exception(exc)
               ^^^^^^^^^^^^^^^^^^^^^^^^^^
  File "/usr/local/lib/python3.11/site-packages/rest_framework/views.py", line 475, in handle_exception
    self.raise_uncaught_exception(exc)
  File "/usr/local/lib/python3.11/site-packages/rest_framework/views.py", line 486, in raise_uncaught_exception
    raise exc
  File "/usr/local/lib/python3.11/site-packages/rest_framework/views.py", line 512, in dispatch
    response = handler(request, *args, **kwargs)
               ^^^^^^^^^^^^^^^^^^^^^^^^^^^^^^^^^
  File "/app/main/views/support/support_customers.py", line 539, in get
    return handler(request, **kwargs)
           ^^^^^^^^^^^^^^^^^^^^^^^^^^
  File "/app/main/views/support/support_customers.py", line 551, in _get_customers_list
    customers = [_serialize_b2c_list_item(u) for u in _b2c_user_query()]
                                                      ^^^^^^^^^^^^^^^^^
  File "/app/main/views/support/support_customers.py", line 148, in _b2c_user_query
    .filter(
     ^^^^^^^
  File "/usr/local/lib/python3.11/site-packages/django/db/models/query.py", line 1495, in filter
    return self._filter_or_exclude(False, args, kwargs)
           ^^^^^^^^^^^^^^^^^^^^^^^^^^^^^^^^^^^^^^^^^^^^
  File "/usr/local/lib/python3.11/site-packages/django/db/models/query.py", line 1513, in _filter_or_exclude
    clone._filter_or_exclude_inplace(negate, args, kwargs)
  File "/usr/local/lib/python3.11/site-packages/django/db/models/query.py", line 1523, in _filter_or_exclude_inplace
    self._query.add_q(Q(*args, **kwargs))
  File "/usr/local/lib/python3.11/site-packages/django/db/models/sql/query.py", line 1648, in add_q
    clause, _ = self._add_q(q_object, can_reuse)
                ^^^^^^^^^^^^^^^^^^^^^^^^^^^^^^^^
  File "/usr/local/lib/python3.11/site-packages/django/db/models/sql/query.py", line 1680, in _add_q
    child_clause, needed_inner = self.build_filter(
                                 ^^^^^^^^^^^^^^^^^^
  File "/usr/local/lib/python3.11/site-packages/django/db/models/sql/query.py", line 1505, in build_filter
    return self._add_q(
           ^^^^^^^^^^^^
  File "/usr/local/lib/python3.11/site-packages/django/db/models/sql/query.py", line 1680, in _add_q
    child_clause, needed_inner = self.build_filter(
                                 ^^^^^^^^^^^^^^^^^^
  File "/usr/local/lib/python3.11/site-packages/django/db/models/sql/query.py", line 1528, in build_filter
    lookups, parts, reffed_expression = self.solve_lookup_type(arg, summarize)
                                        ^^^^^^^^^^^^^^^^^^^^^^^^^^^^^^^^^^^^^^
  File "/usr/local/lib/python3.11/site-packages/django/db/models/sql/query.py", line 1335, in solve_lookup_type
    _, field, _, lookup_parts = self.names_to_path(lookup_splitted, self.get_meta())
                                ^^^^^^^^^^^^^^^^^^^^^^^^^^^^^^^^^^^^^^^^^^^^^^^^^^^^
  File "/usr/local/lib/python3.11/site-packages/django/db/models/sql/query.py", line 1813, in names_to_path
    raise FieldError(
django.core.exceptions.FieldError: Cannot resolve keyword 'bookedappointment_set' into field. Choices are: address, allow_email_notifications, allow_marketing_emails, allow_push_notifications, bookedappointment, bulkorder, commission_admin_actions, commissionearning, created_at, date_joined, email, first_name, fleet_memberships, fleetvehicle, groups, has_booking_promotions, has_signup_promotions, id, incoming_transfers, is_active, is_branch_admin, is_fleet_owner, is_staff, is_superuser, last_login, last_name, logentry, loyaltyprogram, name, notification, notification_token, outgoing_transfers, outstandingtoken, owned_fleets, partner_attribution, partner_profile, password, passwordresettoken, paymenttransaction, pendingbooking, performed_events, phone, promotions, referral_code, referrals, referred, referred_by, referred_by_id, referrer, refundrecord, stripe_customer_id, support_tickets, updated_at, user_permissions, username, vehicle_ownerships, vin_lookup_purchases, winner_vouchers
ERROR 2026-04-05 23:55:41,272 runserver 1348 131444707059392 HTTP GET /api/v1/support/customers/get_customers_list/?segment=b2c 500 [0.12, 172.18.0.13:51622]
ERROR 2026-04-05 23:58:22,170 log 1348 131444575823552 Internal Server Error: /api/v1/support/customers/get_customers_list/
Traceback (most recent call last):
  File "/usr/local/lib/python3.11/site-packages/asgiref/sync.py", line 557, in thread_handler
    raise exc_info[1]
  File "/usr/local/lib/python3.11/site-packages/django/core/handlers/exception.py", line 42, in inner
    response = await get_response(request)
               ^^^^^^^^^^^^^^^^^^^^^^^^^^^
  File "/usr/local/lib/python3.11/site-packages/asgiref/sync.py", line 557, in thread_handler
    raise exc_info[1]
  File "/usr/local/lib/python3.11/site-packages/django/core/handlers/base.py", line 253, in _get_response_async
    response = await wrapped_callback(
               ^^^^^^^^^^^^^^^^^^^^^^^
  File "/usr/local/lib/python3.11/site-packages/asgiref/sync.py", line 506, in __call__
    ret = await asyncio.shield(exec_coro)
          ^^^^^^^^^^^^^^^^^^^^^^^^^^^^^^^
  File "/usr/local/lib/python3.11/concurrent/futures/thread.py", line 58, in run
    result = self.fn(*self.args, **self.kwargs)
             ^^^^^^^^^^^^^^^^^^^^^^^^^^^^^^^^^^
  File "/usr/local/lib/python3.11/site-packages/asgiref/sync.py", line 561, in thread_handler
    return func(*args, **kwargs)
           ^^^^^^^^^^^^^^^^^^^^^
  File "/usr/local/lib/python3.11/site-packages/django/views/decorators/csrf.py", line 65, in _view_wrapper
    return view_func(request, *args, **kwargs)
           ^^^^^^^^^^^^^^^^^^^^^^^^^^^^^^^^^^^
  File "/usr/local/lib/python3.11/site-packages/django/views/generic/base.py", line 105, in view
    return self.dispatch(request, *args, **kwargs)
           ^^^^^^^^^^^^^^^^^^^^^^^^^^^^^^^^^^^^^^^
  File "/usr/local/lib/python3.11/site-packages/rest_framework/views.py", line 515, in dispatch
    response = self.handle_exception(exc)
               ^^^^^^^^^^^^^^^^^^^^^^^^^^
  File "/usr/local/lib/python3.11/site-packages/rest_framework/views.py", line 475, in handle_exception
    self.raise_uncaught_exception(exc)
  File "/usr/local/lib/python3.11/site-packages/rest_framework/views.py", line 486, in raise_uncaught_exception
    raise exc
  File "/usr/local/lib/python3.11/site-packages/rest_framework/views.py", line 512, in dispatch
    response = handler(request, *args, **kwargs)
               ^^^^^^^^^^^^^^^^^^^^^^^^^^^^^^^^^
  File "/app/main/views/support/support_customers.py", line 539, in get
    return handler(request, **kwargs)
           ^^^^^^^^^^^^^^^^^^^^^^^^^^
  File "/app/main/views/support/support_customers.py", line 551, in _get_customers_list
    customers = [_serialize_b2c_list_item(u) for u in _b2c_user_query()]
                                                      ^^^^^^^^^^^^^^^^^
  File "/app/main/views/support/support_customers.py", line 148, in _b2c_user_query
    .filter(
     ^^^^^^^
  File "/usr/local/lib/python3.11/site-packages/django/db/models/query.py", line 1495, in filter
    return self._filter_or_exclude(False, args, kwargs)
           ^^^^^^^^^^^^^^^^^^^^^^^^^^^^^^^^^^^^^^^^^^^^
  File "/usr/local/lib/python3.11/site-packages/django/db/models/query.py", line 1513, in _filter_or_exclude
    clone._filter_or_exclude_inplace(negate, args, kwargs)
  File "/usr/local/lib/python3.11/site-packages/django/db/models/query.py", line 1523, in _filter_or_exclude_inplace
    self._query.add_q(Q(*args, **kwargs))
  File "/usr/local/lib/python3.11/site-packages/django/db/models/sql/query.py", line 1648, in add_q
    clause, _ = self._add_q(q_object, can_reuse)
                ^^^^^^^^^^^^^^^^^^^^^^^^^^^^^^^^
  File "/usr/local/lib/python3.11/site-packages/django/db/models/sql/query.py", line 1680, in _add_q
    child_clause, needed_inner = self.build_filter(
                                 ^^^^^^^^^^^^^^^^^^
  File "/usr/local/lib/python3.11/site-packages/django/db/models/sql/query.py", line 1505, in build_filter
    return self._add_q(
           ^^^^^^^^^^^^
  File "/usr/local/lib/python3.11/site-packages/django/db/models/sql/query.py", line 1680, in _add_q
    child_clause, needed_inner = self.build_filter(
                                 ^^^^^^^^^^^^^^^^^^
  File "/usr/local/lib/python3.11/site-packages/django/db/models/sql/query.py", line 1528, in build_filter
    lookups, parts, reffed_expression = self.solve_lookup_type(arg, summarize)
                                        ^^^^^^^^^^^^^^^^^^^^^^^^^^^^^^^^^^^^^^
  File "/usr/local/lib/python3.11/site-packages/django/db/models/sql/query.py", line 1335, in solve_lookup_type
    _, field, _, lookup_parts = self.names_to_path(lookup_splitted, self.get_meta())
                                ^^^^^^^^^^^^^^^^^^^^^^^^^^^^^^^^^^^^^^^^^^^^^^^^^^^^
  File "/usr/local/lib/python3.11/site-packages/django/db/models/sql/query.py", line 1813, in names_to_path
    raise FieldError(
django.core.exceptions.FieldError: Cannot resolve keyword 'bookedappointment_set' into field. Choices are: address, allow_email_notifications, allow_marketing_emails, allow_push_notifications, bookedappointment, bulkorder, commission_admin_actions, commissionearning, created_at, date_joined, email, first_name, fleet_memberships, fleetvehicle, groups, has_booking_promotions, has_signup_promotions, id, incoming_transfers, is_active, is_branch_admin, is_fleet_owner, is_staff, is_superuser, last_login, last_name, logentry, loyaltyprogram, name, notification, notification_token, outgoing_transfers, outstandingtoken, owned_fleets, partner_attribution, partner_profile, password, passwordresettoken, paymenttransaction, pendingbooking, performed_events, phone, promotions, referral_code, referrals, referred, referred_by, referred_by_id, referrer, refundrecord, stripe_customer_id, support_tickets, updated_at, user_permissions, username, vehicle_ownerships, vin_lookup_purchases, winner_vouchers
ERROR 2026-04-05 23:58:22,176 runserver 1348 131444707059392 HTTP GET /api/v1/support/customers/get_customers_list/?segment=b2c 500 [0.04, 172.18.0.13:48410]
ERROR 2026-04-06 00:00:13,645 log 1348 131444575823552 Internal Server Error: /api/v1/support/customers/get_customers_list/
Traceback (most recent call last):
  File "/usr/local/lib/python3.11/site-packages/asgiref/sync.py", line 557, in thread_handler
    raise exc_info[1]
  File "/usr/local/lib/python3.11/site-packages/django/core/handlers/exception.py", line 42, in inner
    response = await get_response(request)
               ^^^^^^^^^^^^^^^^^^^^^^^^^^^
  File "/usr/local/lib/python3.11/site-packages/asgiref/sync.py", line 557, in thread_handler
    raise exc_info[1]
  File "/usr/local/lib/python3.11/site-packages/django/core/handlers/base.py", line 253, in _get_response_async
    response = await wrapped_callback(
               ^^^^^^^^^^^^^^^^^^^^^^^
  File "/usr/local/lib/python3.11/site-packages/asgiref/sync.py", line 506, in __call__
    ret = await asyncio.shield(exec_coro)
          ^^^^^^^^^^^^^^^^^^^^^^^^^^^^^^^
  File "/usr/local/lib/python3.11/concurrent/futures/thread.py", line 58, in run
    result = self.fn(*self.args, **self.kwargs)
             ^^^^^^^^^^^^^^^^^^^^^^^^^^^^^^^^^^
  File "/usr/local/lib/python3.11/site-packages/asgiref/sync.py", line 561, in thread_handler
    return func(*args, **kwargs)
           ^^^^^^^^^^^^^^^^^^^^^
  File "/usr/local/lib/python3.11/site-packages/django/views/decorators/csrf.py", line 65, in _view_wrapper
    return view_func(request, *args, **kwargs)
           ^^^^^^^^^^^^^^^^^^^^^^^^^^^^^^^^^^^
  File "/usr/local/lib/python3.11/site-packages/django/views/generic/base.py", line 105, in view
    return self.dispatch(request, *args, **kwargs)
           ^^^^^^^^^^^^^^^^^^^^^^^^^^^^^^^^^^^^^^^
  File "/usr/local/lib/python3.11/site-packages/rest_framework/views.py", line 515, in dispatch
    response = self.handle_exception(exc)
               ^^^^^^^^^^^^^^^^^^^^^^^^^^
  File "/usr/local/lib/python3.11/site-packages/rest_framework/views.py", line 475, in handle_exception
    self.raise_uncaught_exception(exc)
  File "/usr/local/lib/python3.11/site-packages/rest_framework/views.py", line 486, in raise_uncaught_exception
    raise exc
  File "/usr/local/lib/python3.11/site-packages/rest_framework/views.py", line 512, in dispatch
    response = handler(request, *args, **kwargs)
               ^^^^^^^^^^^^^^^^^^^^^^^^^^^^^^^^^
  File "/app/main/views/support/support_customers.py", line 539, in get
    return handler(request, **kwargs)
           ^^^^^^^^^^^^^^^^^^^^^^^^^^
  File "/app/main/views/support/support_customers.py", line 551, in _get_customers_list
    customers = [_serialize_b2c_list_item(u) for u in _b2c_user_query()]
                                                      ^^^^^^^^^^^^^^^^^
  File "/app/main/views/support/support_customers.py", line 148, in _b2c_user_query
    .filter(
     ^^^^^^^
  File "/usr/local/lib/python3.11/site-packages/django/db/models/query.py", line 1495, in filter
    return self._filter_or_exclude(False, args, kwargs)
           ^^^^^^^^^^^^^^^^^^^^^^^^^^^^^^^^^^^^^^^^^^^^
  File "/usr/local/lib/python3.11/site-packages/django/db/models/query.py", line 1513, in _filter_or_exclude
    clone._filter_or_exclude_inplace(negate, args, kwargs)
  File "/usr/local/lib/python3.11/site-packages/django/db/models/query.py", line 1523, in _filter_or_exclude_inplace
    self._query.add_q(Q(*args, **kwargs))
  File "/usr/local/lib/python3.11/site-packages/django/db/models/sql/query.py", line 1648, in add_q
    clause, _ = self._add_q(q_object, can_reuse)
                ^^^^^^^^^^^^^^^^^^^^^^^^^^^^^^^^
  File "/usr/local/lib/python3.11/site-packages/django/db/models/sql/query.py", line 1680, in _add_q
    child_clause, needed_inner = self.build_filter(
                                 ^^^^^^^^^^^^^^^^^^
  File "/usr/local/lib/python3.11/site-packages/django/db/models/sql/query.py", line 1505, in build_filter
    return self._add_q(
           ^^^^^^^^^^^^
  File "/usr/local/lib/python3.11/site-packages/django/db/models/sql/query.py", line 1680, in _add_q
    child_clause, needed_inner = self.build_filter(
                                 ^^^^^^^^^^^^^^^^^^
  File "/usr/local/lib/python3.11/site-packages/django/db/models/sql/query.py", line 1528, in build_filter
    lookups, parts, reffed_expression = self.solve_lookup_type(arg, summarize)
                                        ^^^^^^^^^^^^^^^^^^^^^^^^^^^^^^^^^^^^^^
  File "/usr/local/lib/python3.11/site-packages/django/db/models/sql/query.py", line 1335, in solve_lookup_type
    _, field, _, lookup_parts = self.names_to_path(lookup_splitted, self.get_meta())
                                ^^^^^^^^^^^^^^^^^^^^^^^^^^^^^^^^^^^^^^^^^^^^^^^^^^^^
  File "/usr/local/lib/python3.11/site-packages/django/db/models/sql/query.py", line 1813, in names_to_path
    raise FieldError(
django.core.exceptions.FieldError: Cannot resolve keyword 'bookedappointment_set' into field. Choices are: address, allow_email_notifications, allow_marketing_emails, allow_push_notifications, bookedappointment, bulkorder, commission_admin_actions, commissionearning, created_at, date_joined, email, first_name, fleet_memberships, fleetvehicle, groups, has_booking_promotions, has_signup_promotions, id, incoming_transfers, is_active, is_branch_admin, is_fleet_owner, is_staff, is_superuser, last_login, last_name, logentry, loyaltyprogram, name, notification, notification_token, outgoing_transfers, outstandingtoken, owned_fleets, partner_attribution, partner_profile, password, passwordresettoken, paymenttransaction, pendingbooking, performed_events, phone, promotions, referral_code, referrals, referred, referred_by, referred_by_id, referrer, refundrecord, stripe_customer_id, support_tickets, updated_at, user_permissions, username, vehicle_ownerships, vin_lookup_purchases, winner_vouchers
ERROR 2026-04-06 00:00:13,652 runserver 1348 131444707059392 HTTP GET /api/v1/support/customers/get_customers_list/?segment=b2c 500 [0.04, 172.18.0.13:43390]
ERROR 2026-04-06 00:05:33,050 log 1348 131444575823552 Internal Server Error: /api/v1/support/customers/get_customers_list/
Traceback (most recent call last):
  File "/usr/local/lib/python3.11/site-packages/asgiref/sync.py", line 557, in thread_handler
    raise exc_info[1]
  File "/usr/local/lib/python3.11/site-packages/django/core/handlers/exception.py", line 42, in inner
    response = await get_response(request)
               ^^^^^^^^^^^^^^^^^^^^^^^^^^^
  File "/usr/local/lib/python3.11/site-packages/asgiref/sync.py", line 557, in thread_handler
    raise exc_info[1]
  File "/usr/local/lib/python3.11/site-packages/django/core/handlers/base.py", line 253, in _get_response_async
    response = await wrapped_callback(
               ^^^^^^^^^^^^^^^^^^^^^^^
  File "/usr/local/lib/python3.11/site-packages/asgiref/sync.py", line 506, in __call__
    ret = await asyncio.shield(exec_coro)
          ^^^^^^^^^^^^^^^^^^^^^^^^^^^^^^^
  File "/usr/local/lib/python3.11/concurrent/futures/thread.py", line 58, in run
    result = self.fn(*self.args, **self.kwargs)
             ^^^^^^^^^^^^^^^^^^^^^^^^^^^^^^^^^^
  File "/usr/local/lib/python3.11/site-packages/asgiref/sync.py", line 561, in thread_handler
    return func(*args, **kwargs)
           ^^^^^^^^^^^^^^^^^^^^^
  File "/usr/local/lib/python3.11/site-packages/django/views/decorators/csrf.py", line 65, in _view_wrapper
    return view_func(request, *args, **kwargs)
           ^^^^^^^^^^^^^^^^^^^^^^^^^^^^^^^^^^^
  File "/usr/local/lib/python3.11/site-packages/django/views/generic/base.py", line 105, in view
    return self.dispatch(request, *args, **kwargs)
           ^^^^^^^^^^^^^^^^^^^^^^^^^^^^^^^^^^^^^^^
  File "/usr/local/lib/python3.11/site-packages/rest_framework/views.py", line 515, in dispatch
    response = self.handle_exception(exc)
               ^^^^^^^^^^^^^^^^^^^^^^^^^^
  File "/usr/local/lib/python3.11/site-packages/rest_framework/views.py", line 475, in handle_exception
    self.raise_uncaught_exception(exc)
  File "/usr/local/lib/python3.11/site-packages/rest_framework/views.py", line 486, in raise_uncaught_exception
    raise exc
  File "/usr/local/lib/python3.11/site-packages/rest_framework/views.py", line 512, in dispatch
    response = handler(request, *args, **kwargs)
               ^^^^^^^^^^^^^^^^^^^^^^^^^^^^^^^^^
  File "/app/main/views/support/support_customers.py", line 539, in get
    return handler(request, **kwargs)
           ^^^^^^^^^^^^^^^^^^^^^^^^^^
  File "/app/main/views/support/support_customers.py", line 551, in _get_customers_list
    customers = [_serialize_b2c_list_item(u) for u in _b2c_user_query()]
                                                      ^^^^^^^^^^^^^^^^^
  File "/app/main/views/support/support_customers.py", line 148, in _b2c_user_query
    .filter(
     ^^^^^^^
  File "/usr/local/lib/python3.11/site-packages/django/db/models/query.py", line 1495, in filter
    return self._filter_or_exclude(False, args, kwargs)
           ^^^^^^^^^^^^^^^^^^^^^^^^^^^^^^^^^^^^^^^^^^^^
  File "/usr/local/lib/python3.11/site-packages/django/db/models/query.py", line 1513, in _filter_or_exclude
    clone._filter_or_exclude_inplace(negate, args, kwargs)
  File "/usr/local/lib/python3.11/site-packages/django/db/models/query.py", line 1523, in _filter_or_exclude_inplace
    self._query.add_q(Q(*args, **kwargs))
  File "/usr/local/lib/python3.11/site-packages/django/db/models/sql/query.py", line 1648, in add_q
    clause, _ = self._add_q(q_object, can_reuse)
                ^^^^^^^^^^^^^^^^^^^^^^^^^^^^^^^^
  File "/usr/local/lib/python3.11/site-packages/django/db/models/sql/query.py", line 1680, in _add_q
    child_clause, needed_inner = self.build_filter(
                                 ^^^^^^^^^^^^^^^^^^
  File "/usr/local/lib/python3.11/site-packages/django/db/models/sql/query.py", line 1505, in build_filter
    return self._add_q(
           ^^^^^^^^^^^^
  File "/usr/local/lib/python3.11/site-packages/django/db/models/sql/query.py", line 1680, in _add_q
    child_clause, needed_inner = self.build_filter(
                                 ^^^^^^^^^^^^^^^^^^
  File "/usr/local/lib/python3.11/site-packages/django/db/models/sql/query.py", line 1528, in build_filter
    lookups, parts, reffed_expression = self.solve_lookup_type(arg, summarize)
                                        ^^^^^^^^^^^^^^^^^^^^^^^^^^^^^^^^^^^^^^
  File "/usr/local/lib/python3.11/site-packages/django/db/models/sql/query.py", line 1335, in solve_lookup_type
    _, field, _, lookup_parts = self.names_to_path(lookup_splitted, self.get_meta())
                                ^^^^^^^^^^^^^^^^^^^^^^^^^^^^^^^^^^^^^^^^^^^^^^^^^^^^
  File "/usr/local/lib/python3.11/site-packages/django/db/models/sql/query.py", line 1813, in names_to_path
    raise FieldError(
django.core.exceptions.FieldError: Cannot resolve keyword 'bookedappointment_set' into field. Choices are: address, allow_email_notifications, allow_marketing_emails, allow_push_notifications, bookedappointment, bulkorder, commission_admin_actions, commissionearning, created_at, date_joined, email, first_name, fleet_memberships, fleetvehicle, groups, has_booking_promotions, has_signup_promotions, id, incoming_transfers, is_active, is_branch_admin, is_fleet_owner, is_staff, is_superuser, last_login, last_name, logentry, loyaltyprogram, name, notification, notification_token, outgoing_transfers, outstandingtoken, owned_fleets, partner_attribution, partner_profile, password, passwordresettoken, paymenttransaction, pendingbooking, performed_events, phone, promotions, referral_code, referrals, referred, referred_by, referred_by_id, referrer, refundrecord, stripe_customer_id, support_tickets, updated_at, user_permissions, username, vehicle_ownerships, vin_lookup_purchases, winner_vouchers
ERROR 2026-04-06 00:05:33,056 runserver 1348 131444707059392 HTTP GET /api/v1/support/customers/get_customers_list/?segment=b2c 500 [0.05, 172.18.0.13:57544]
ERROR 2026-04-06 00:08:51,570 log 1348 131444575823552 Internal Server Error: /api/v1/support/customers/get_customers_list/
Traceback (most recent call last):
  File "/usr/local/lib/python3.11/site-packages/asgiref/sync.py", line 557, in thread_handler
    raise exc_info[1]
  File "/usr/local/lib/python3.11/site-packages/django/core/handlers/exception.py", line 42, in inner
    response = await get_response(request)
               ^^^^^^^^^^^^^^^^^^^^^^^^^^^
  File "/usr/local/lib/python3.11/site-packages/asgiref/sync.py", line 557, in thread_handler
    raise exc_info[1]
  File "/usr/local/lib/python3.11/site-packages/django/core/handlers/base.py", line 253, in _get_response_async
    response = await wrapped_callback(
               ^^^^^^^^^^^^^^^^^^^^^^^
  File "/usr/local/lib/python3.11/site-packages/asgiref/sync.py", line 506, in __call__
    ret = await asyncio.shield(exec_coro)
          ^^^^^^^^^^^^^^^^^^^^^^^^^^^^^^^
  File "/usr/local/lib/python3.11/concurrent/futures/thread.py", line 58, in run
    result = self.fn(*self.args, **self.kwargs)
             ^^^^^^^^^^^^^^^^^^^^^^^^^^^^^^^^^^
  File "/usr/local/lib/python3.11/site-packages/asgiref/sync.py", line 561, in thread_handler
    return func(*args, **kwargs)
           ^^^^^^^^^^^^^^^^^^^^^
  File "/usr/local/lib/python3.11/site-packages/django/views/decorators/csrf.py", line 65, in _view_wrapper
    return view_func(request, *args, **kwargs)
           ^^^^^^^^^^^^^^^^^^^^^^^^^^^^^^^^^^^
  File "/usr/local/lib/python3.11/site-packages/django/views/generic/base.py", line 105, in view
    return self.dispatch(request, *args, **kwargs)
           ^^^^^^^^^^^^^^^^^^^^^^^^^^^^^^^^^^^^^^^
  File "/usr/local/lib/python3.11/site-packages/rest_framework/views.py", line 515, in dispatch
    response = self.handle_exception(exc)
               ^^^^^^^^^^^^^^^^^^^^^^^^^^
  File "/usr/local/lib/python3.11/site-packages/rest_framework/views.py", line 475, in handle_exception
    self.raise_uncaught_exception(exc)
  File "/usr/local/lib/python3.11/site-packages/rest_framework/views.py", line 486, in raise_uncaught_exception
    raise exc
  File "/usr/local/lib/python3.11/site-packages/rest_framework/views.py", line 512, in dispatch
    response = handler(request, *args, **kwargs)
               ^^^^^^^^^^^^^^^^^^^^^^^^^^^^^^^^^
  File "/app/main/views/support/support_customers.py", line 539, in get
    return handler(request, **kwargs)
           ^^^^^^^^^^^^^^^^^^^^^^^^^^
  File "/app/main/views/support/support_customers.py", line 551, in _get_customers_list
    customers = [_serialize_b2c_list_item(u) for u in _b2c_user_query()]
                                                      ^^^^^^^^^^^^^^^^^
  File "/app/main/views/support/support_customers.py", line 148, in _b2c_user_query
    .filter(
     ^^^^^^^
  File "/usr/local/lib/python3.11/site-packages/django/db/models/query.py", line 1495, in filter
    return self._filter_or_exclude(False, args, kwargs)
           ^^^^^^^^^^^^^^^^^^^^^^^^^^^^^^^^^^^^^^^^^^^^
  File "/usr/local/lib/python3.11/site-packages/django/db/models/query.py", line 1513, in _filter_or_exclude
    clone._filter_or_exclude_inplace(negate, args, kwargs)
  File "/usr/local/lib/python3.11/site-packages/django/db/models/query.py", line 1523, in _filter_or_exclude_inplace
    self._query.add_q(Q(*args, **kwargs))
  File "/usr/local/lib/python3.11/site-packages/django/db/models/sql/query.py", line 1648, in add_q
    clause, _ = self._add_q(q_object, can_reuse)
                ^^^^^^^^^^^^^^^^^^^^^^^^^^^^^^^^
  File "/usr/local/lib/python3.11/site-packages/django/db/models/sql/query.py", line 1680, in _add_q
    child_clause, needed_inner = self.build_filter(
                                 ^^^^^^^^^^^^^^^^^^
  File "/usr/local/lib/python3.11/site-packages/django/db/models/sql/query.py", line 1505, in build_filter
    return self._add_q(
           ^^^^^^^^^^^^
  File "/usr/local/lib/python3.11/site-packages/django/db/models/sql/query.py", line 1680, in _add_q
    child_clause, needed_inner = self.build_filter(
                                 ^^^^^^^^^^^^^^^^^^
  File "/usr/local/lib/python3.11/site-packages/django/db/models/sql/query.py", line 1528, in build_filter
    lookups, parts, reffed_expression = self.solve_lookup_type(arg, summarize)
                                        ^^^^^^^^^^^^^^^^^^^^^^^^^^^^^^^^^^^^^^
  File "/usr/local/lib/python3.11/site-packages/django/db/models/sql/query.py", line 1335, in solve_lookup_type
    _, field, _, lookup_parts = self.names_to_path(lookup_splitted, self.get_meta())
                                ^^^^^^^^^^^^^^^^^^^^^^^^^^^^^^^^^^^^^^^^^^^^^^^^^^^^
  File "/usr/local/lib/python3.11/site-packages/django/db/models/sql/query.py", line 1813, in names_to_path
    raise FieldError(
django.core.exceptions.FieldError: Cannot resolve keyword 'bookedappointment_set' into field. Choices are: address, allow_email_notifications, allow_marketing_emails, allow_push_notifications, bookedappointment, bulkorder, commission_admin_actions, commissionearning, created_at, date_joined, email, first_name, fleet_memberships, fleetvehicle, groups, has_booking_promotions, has_signup_promotions, id, incoming_transfers, is_active, is_branch_admin, is_fleet_owner, is_staff, is_superuser, last_login, last_name, logentry, loyaltyprogram, name, notification, notification_token, outgoing_transfers, outstandingtoken, owned_fleets, partner_attribution, partner_profile, password, passwordresettoken, paymenttransaction, pendingbooking, performed_events, phone, promotions, referral_code, referrals, referred, referred_by, referred_by_id, referrer, refundrecord, stripe_customer_id, support_tickets, updated_at, user_permissions, username, vehicle_ownerships, vin_lookup_purchases, winner_vouchers
ERROR 2026-04-06 00:08:51,578 runserver 1348 131444707059392 HTTP GET /api/v1/support/customers/get_customers_list/?segment=b2c 500 [0.06, 172.18.0.13:51510]
ERROR 2026-04-06 00:10:32,977 log 1348 131444575823552 Internal Server Error: /api/v1/support/customers/get_customers_list/
Traceback (most recent call last):
  File "/usr/local/lib/python3.11/site-packages/asgiref/sync.py", line 557, in thread_handler
    raise exc_info[1]
  File "/usr/local/lib/python3.11/site-packages/django/core/handlers/exception.py", line 42, in inner
    response = await get_response(request)
               ^^^^^^^^^^^^^^^^^^^^^^^^^^^
  File "/usr/local/lib/python3.11/site-packages/asgiref/sync.py", line 557, in thread_handler
    raise exc_info[1]
  File "/usr/local/lib/python3.11/site-packages/django/core/handlers/base.py", line 253, in _get_response_async
    response = await wrapped_callback(
               ^^^^^^^^^^^^^^^^^^^^^^^
  File "/usr/local/lib/python3.11/site-packages/asgiref/sync.py", line 506, in __call__
    ret = await asyncio.shield(exec_coro)
          ^^^^^^^^^^^^^^^^^^^^^^^^^^^^^^^
  File "/usr/local/lib/python3.11/concurrent/futures/thread.py", line 58, in run
    result = self.fn(*self.args, **self.kwargs)
             ^^^^^^^^^^^^^^^^^^^^^^^^^^^^^^^^^^
  File "/usr/local/lib/python3.11/site-packages/asgiref/sync.py", line 561, in thread_handler
    return func(*args, **kwargs)
           ^^^^^^^^^^^^^^^^^^^^^
  File "/usr/local/lib/python3.11/site-packages/django/views/decorators/csrf.py", line 65, in _view_wrapper
    return view_func(request, *args, **kwargs)
           ^^^^^^^^^^^^^^^^^^^^^^^^^^^^^^^^^^^
  File "/usr/local/lib/python3.11/site-packages/django/views/generic/base.py", line 105, in view
    return self.dispatch(request, *args, **kwargs)
           ^^^^^^^^^^^^^^^^^^^^^^^^^^^^^^^^^^^^^^^
  File "/usr/local/lib/python3.11/site-packages/rest_framework/views.py", line 515, in dispatch
    response = self.handle_exception(exc)
               ^^^^^^^^^^^^^^^^^^^^^^^^^^
  File "/usr/local/lib/python3.11/site-packages/rest_framework/views.py", line 475, in handle_exception
    self.raise_uncaught_exception(exc)
  File "/usr/local/lib/python3.11/site-packages/rest_framework/views.py", line 486, in raise_uncaught_exception
    raise exc
  File "/usr/local/lib/python3.11/site-packages/rest_framework/views.py", line 512, in dispatch
    response = handler(request, *args, **kwargs)
               ^^^^^^^^^^^^^^^^^^^^^^^^^^^^^^^^^
  File "/app/main/views/support/support_customers.py", line 539, in get
    return handler(request, **kwargs)
           ^^^^^^^^^^^^^^^^^^^^^^^^^^
  File "/app/main/views/support/support_customers.py", line 551, in _get_customers_list
    customers = [_serialize_b2c_list_item(u) for u in _b2c_user_query()]
                                                      ^^^^^^^^^^^^^^^^^
  File "/app/main/views/support/support_customers.py", line 148, in _b2c_user_query
    .filter(
     ^^^^^^^
  File "/usr/local/lib/python3.11/site-packages/django/db/models/query.py", line 1495, in filter
    return self._filter_or_exclude(False, args, kwargs)
           ^^^^^^^^^^^^^^^^^^^^^^^^^^^^^^^^^^^^^^^^^^^^
  File "/usr/local/lib/python3.11/site-packages/django/db/models/query.py", line 1513, in _filter_or_exclude
    clone._filter_or_exclude_inplace(negate, args, kwargs)
  File "/usr/local/lib/python3.11/site-packages/django/db/models/query.py", line 1523, in _filter_or_exclude_inplace
    self._query.add_q(Q(*args, **kwargs))
  File "/usr/local/lib/python3.11/site-packages/django/db/models/sql/query.py", line 1648, in add_q
    clause, _ = self._add_q(q_object, can_reuse)
                ^^^^^^^^^^^^^^^^^^^^^^^^^^^^^^^^
  File "/usr/local/lib/python3.11/site-packages/django/db/models/sql/query.py", line 1680, in _add_q
    child_clause, needed_inner = self.build_filter(
                                 ^^^^^^^^^^^^^^^^^^
  File "/usr/local/lib/python3.11/site-packages/django/db/models/sql/query.py", line 1505, in build_filter
    return self._add_q(
           ^^^^^^^^^^^^
  File "/usr/local/lib/python3.11/site-packages/django/db/models/sql/query.py", line 1680, in _add_q
    child_clause, needed_inner = self.build_filter(
                                 ^^^^^^^^^^^^^^^^^^
  File "/usr/local/lib/python3.11/site-packages/django/db/models/sql/query.py", line 1528, in build_filter
    lookups, parts, reffed_expression = self.solve_lookup_type(arg, summarize)
                                        ^^^^^^^^^^^^^^^^^^^^^^^^^^^^^^^^^^^^^^
  File "/usr/local/lib/python3.11/site-packages/django/db/models/sql/query.py", line 1335, in solve_lookup_type
    _, field, _, lookup_parts = self.names_to_path(lookup_splitted, self.get_meta())
                                ^^^^^^^^^^^^^^^^^^^^^^^^^^^^^^^^^^^^^^^^^^^^^^^^^^^^
  File "/usr/local/lib/python3.11/site-packages/django/db/models/sql/query.py", line 1813, in names_to_path
    raise FieldError(
django.core.exceptions.FieldError: Cannot resolve keyword 'bookedappointment_set' into field. Choices are: address, allow_email_notifications, allow_marketing_emails, allow_push_notifications, bookedappointment, bulkorder, commission_admin_actions, commissionearning, created_at, date_joined, email, first_name, fleet_memberships, fleetvehicle, groups, has_booking_promotions, has_signup_promotions, id, incoming_transfers, is_active, is_branch_admin, is_fleet_owner, is_staff, is_superuser, last_login, last_name, logentry, loyaltyprogram, name, notification, notification_token, outgoing_transfers, outstandingtoken, owned_fleets, partner_attribution, partner_profile, password, passwordresettoken, paymenttransaction, pendingbooking, performed_events, phone, promotions, referral_code, referrals, referred, referred_by, referred_by_id, referrer, refundrecord, stripe_customer_id, support_tickets, updated_at, user_permissions, username, vehicle_ownerships, vin_lookup_purchases, winner_vouchers
ERROR 2026-04-06 00:10:32,983 runserver 1348 131444707059392 HTTP GET /api/v1/support/customers/get_customers_list/?segment=b2c 500 [0.05, 172.18.0.13:43120]
ERROR 2026-04-06 00:16:02,152 log 1764 125022242858688 Internal Server Error: /api/v1/support/customers/get_customers_list/
Traceback (most recent call last):
  File "/usr/local/lib/python3.11/site-packages/asgiref/sync.py", line 557, in thread_handler
    raise exc_info[1]
  File "/usr/local/lib/python3.11/site-packages/django/core/handlers/exception.py", line 42, in inner
    response = await get_response(request)
               ^^^^^^^^^^^^^^^^^^^^^^^^^^^
  File "/usr/local/lib/python3.11/site-packages/asgiref/sync.py", line 557, in thread_handler
    raise exc_info[1]
  File "/usr/local/lib/python3.11/site-packages/django/core/handlers/base.py", line 253, in _get_response_async
    response = await wrapped_callback(
               ^^^^^^^^^^^^^^^^^^^^^^^
  File "/usr/local/lib/python3.11/site-packages/asgiref/sync.py", line 506, in __call__
    ret = await asyncio.shield(exec_coro)
          ^^^^^^^^^^^^^^^^^^^^^^^^^^^^^^^
  File "/usr/local/lib/python3.11/concurrent/futures/thread.py", line 58, in run
    result = self.fn(*self.args, **self.kwargs)
             ^^^^^^^^^^^^^^^^^^^^^^^^^^^^^^^^^^
  File "/usr/local/lib/python3.11/site-packages/asgiref/sync.py", line 561, in thread_handler
    return func(*args, **kwargs)
           ^^^^^^^^^^^^^^^^^^^^^
  File "/usr/local/lib/python3.11/site-packages/django/views/decorators/csrf.py", line 65, in _view_wrapper
    return view_func(request, *args, **kwargs)
           ^^^^^^^^^^^^^^^^^^^^^^^^^^^^^^^^^^^
  File "/usr/local/lib/python3.11/site-packages/django/views/generic/base.py", line 105, in view
    return self.dispatch(request, *args, **kwargs)
           ^^^^^^^^^^^^^^^^^^^^^^^^^^^^^^^^^^^^^^^
  File "/usr/local/lib/python3.11/site-packages/rest_framework/views.py", line 515, in dispatch
    response = self.handle_exception(exc)
               ^^^^^^^^^^^^^^^^^^^^^^^^^^
  File "/usr/local/lib/python3.11/site-packages/rest_framework/views.py", line 475, in handle_exception
    self.raise_uncaught_exception(exc)
  File "/usr/local/lib/python3.11/site-packages/rest_framework/views.py", line 486, in raise_uncaught_exception
    raise exc
  File "/usr/local/lib/python3.11/site-packages/rest_framework/views.py", line 512, in dispatch
    response = handler(request, *args, **kwargs)
               ^^^^^^^^^^^^^^^^^^^^^^^^^^^^^^^^^
  File "/app/main/views/support/support_customers.py", line 539, in get
    return handler(request, **kwargs)
           ^^^^^^^^^^^^^^^^^^^^^^^^^^
  File "/app/main/views/support/support_customers.py", line 551, in _get_customers_list
    qs_list = list(_b2c_user_query())
                   ^^^^^^^^^^^^^^^^^
  File "/app/main/views/support/support_customers.py", line 148, in _b2c_user_query
    .filter(
     ^^^^^^^
  File "/usr/local/lib/python3.11/site-packages/django/db/models/query.py", line 1495, in filter
    return self._filter_or_exclude(False, args, kwargs)
           ^^^^^^^^^^^^^^^^^^^^^^^^^^^^^^^^^^^^^^^^^^^^
  File "/usr/local/lib/python3.11/site-packages/django/db/models/query.py", line 1513, in _filter_or_exclude
    clone._filter_or_exclude_inplace(negate, args, kwargs)
  File "/usr/local/lib/python3.11/site-packages/django/db/models/query.py", line 1523, in _filter_or_exclude_inplace
    self._query.add_q(Q(*args, **kwargs))
  File "/usr/local/lib/python3.11/site-packages/django/db/models/sql/query.py", line 1648, in add_q
    clause, _ = self._add_q(q_object, can_reuse)
                ^^^^^^^^^^^^^^^^^^^^^^^^^^^^^^^^
  File "/usr/local/lib/python3.11/site-packages/django/db/models/sql/query.py", line 1680, in _add_q
    child_clause, needed_inner = self.build_filter(
                                 ^^^^^^^^^^^^^^^^^^
  File "/usr/local/lib/python3.11/site-packages/django/db/models/sql/query.py", line 1505, in build_filter
    return self._add_q(
           ^^^^^^^^^^^^
  File "/usr/local/lib/python3.11/site-packages/django/db/models/sql/query.py", line 1680, in _add_q
    child_clause, needed_inner = self.build_filter(
                                 ^^^^^^^^^^^^^^^^^^
  File "/usr/local/lib/python3.11/site-packages/django/db/models/sql/query.py", line 1528, in build_filter
    lookups, parts, reffed_expression = self.solve_lookup_type(arg, summarize)
                                        ^^^^^^^^^^^^^^^^^^^^^^^^^^^^^^^^^^^^^^
  File "/usr/local/lib/python3.11/site-packages/django/db/models/sql/query.py", line 1335, in solve_lookup_type
    _, field, _, lookup_parts = self.names_to_path(lookup_splitted, self.get_meta())
                                ^^^^^^^^^^^^^^^^^^^^^^^^^^^^^^^^^^^^^^^^^^^^^^^^^^^^
  File "/usr/local/lib/python3.11/site-packages/django/db/models/sql/query.py", line 1813, in names_to_path
    raise FieldError(
django.core.exceptions.FieldError: Cannot resolve keyword 'bookedappointment_set' into field. Choices are: address, allow_email_notifications, allow_marketing_emails, allow_push_notifications, bookedappointment, bulkorder, commission_admin_actions, commissionearning, created_at, date_joined, email, first_name, fleet_memberships, fleetvehicle, groups, has_booking_promotions, has_signup_promotions, id, incoming_transfers, is_active, is_branch_admin, is_fleet_owner, is_staff, is_superuser, last_login, last_name, logentry, loyaltyprogram, name, notification, notification_token, outgoing_transfers, outstandingtoken, owned_fleets, partner_attribution, partner_profile, password, passwordresettoken, paymenttransaction, pendingbooking, performed_events, phone, promotions, referral_code, referrals, referred, referred_by, referred_by_id, referrer, refundrecord, stripe_customer_id, support_tickets, updated_at, user_permissions, username, vehicle_ownerships, vin_lookup_purchases, winner_vouchers
ERROR 2026-04-06 00:16:02,166 runserver 1764 125022375954112 HTTP GET /api/v1/support/customers/get_customers_list/?segment=b2c 500 [0.07, 172.18.0.13:40796]
ERROR 2026-04-06 00:16:24,156 log 1764 125022242858688 Internal Server Error: /api/v1/support/customers/get_customers_list/
Traceback (most recent call last):
  File "/usr/local/lib/python3.11/site-packages/asgiref/sync.py", line 557, in thread_handler
    raise exc_info[1]
  File "/usr/local/lib/python3.11/site-packages/django/core/handlers/exception.py", line 42, in inner
    response = await get_response(request)
               ^^^^^^^^^^^^^^^^^^^^^^^^^^^
  File "/usr/local/lib/python3.11/site-packages/asgiref/sync.py", line 557, in thread_handler
    raise exc_info[1]
  File "/usr/local/lib/python3.11/site-packages/django/core/handlers/base.py", line 253, in _get_response_async
    response = await wrapped_callback(
               ^^^^^^^^^^^^^^^^^^^^^^^
  File "/usr/local/lib/python3.11/site-packages/asgiref/sync.py", line 506, in __call__
    ret = await asyncio.shield(exec_coro)
          ^^^^^^^^^^^^^^^^^^^^^^^^^^^^^^^
  File "/usr/local/lib/python3.11/concurrent/futures/thread.py", line 58, in run
    result = self.fn(*self.args, **self.kwargs)
             ^^^^^^^^^^^^^^^^^^^^^^^^^^^^^^^^^^
  File "/usr/local/lib/python3.11/site-packages/asgiref/sync.py", line 561, in thread_handler
    return func(*args, **kwargs)
           ^^^^^^^^^^^^^^^^^^^^^
  File "/usr/local/lib/python3.11/site-packages/django/views/decorators/csrf.py", line 65, in _view_wrapper
    return view_func(request, *args, **kwargs)
           ^^^^^^^^^^^^^^^^^^^^^^^^^^^^^^^^^^^
  File "/usr/local/lib/python3.11/site-packages/django/views/generic/base.py", line 105, in view
    return self.dispatch(request, *args, **kwargs)
           ^^^^^^^^^^^^^^^^^^^^^^^^^^^^^^^^^^^^^^^
  File "/usr/local/lib/python3.11/site-packages/rest_framework/views.py", line 515, in dispatch
    response = self.handle_exception(exc)
               ^^^^^^^^^^^^^^^^^^^^^^^^^^
  File "/usr/local/lib/python3.11/site-packages/rest_framework/views.py", line 475, in handle_exception
    self.raise_uncaught_exception(exc)
  File "/usr/local/lib/python3.11/site-packages/rest_framework/views.py", line 486, in raise_uncaught_exception
    raise exc
  File "/usr/local/lib/python3.11/site-packages/rest_framework/views.py", line 512, in dispatch
    response = handler(request, *args, **kwargs)
               ^^^^^^^^^^^^^^^^^^^^^^^^^^^^^^^^^
  File "/app/main/views/support/support_customers.py", line 539, in get
    return handler(request, **kwargs)
           ^^^^^^^^^^^^^^^^^^^^^^^^^^
  File "/app/main/views/support/support_customers.py", line 551, in _get_customers_list
    qs_list = list(_b2c_user_query())
                   ^^^^^^^^^^^^^^^^^
  File "/app/main/views/support/support_customers.py", line 148, in _b2c_user_query
    .filter(
     ^^^^^^^
  File "/usr/local/lib/python3.11/site-packages/django/db/models/query.py", line 1495, in filter
    return self._filter_or_exclude(False, args, kwargs)
           ^^^^^^^^^^^^^^^^^^^^^^^^^^^^^^^^^^^^^^^^^^^^
  File "/usr/local/lib/python3.11/site-packages/django/db/models/query.py", line 1513, in _filter_or_exclude
    clone._filter_or_exclude_inplace(negate, args, kwargs)
  File "/usr/local/lib/python3.11/site-packages/django/db/models/query.py", line 1523, in _filter_or_exclude_inplace
    self._query.add_q(Q(*args, **kwargs))
  File "/usr/local/lib/python3.11/site-packages/django/db/models/sql/query.py", line 1648, in add_q
    clause, _ = self._add_q(q_object, can_reuse)
                ^^^^^^^^^^^^^^^^^^^^^^^^^^^^^^^^
  File "/usr/local/lib/python3.11/site-packages/django/db/models/sql/query.py", line 1680, in _add_q
    child_clause, needed_inner = self.build_filter(
                                 ^^^^^^^^^^^^^^^^^^
  File "/usr/local/lib/python3.11/site-packages/django/db/models/sql/query.py", line 1505, in build_filter
    return self._add_q(
           ^^^^^^^^^^^^
  File "/usr/local/lib/python3.11/site-packages/django/db/models/sql/query.py", line 1680, in _add_q
    child_clause, needed_inner = self.build_filter(
                                 ^^^^^^^^^^^^^^^^^^
  File "/usr/local/lib/python3.11/site-packages/django/db/models/sql/query.py", line 1528, in build_filter
    lookups, parts, reffed_expression = self.solve_lookup_type(arg, summarize)
                                        ^^^^^^^^^^^^^^^^^^^^^^^^^^^^^^^^^^^^^^
  File "/usr/local/lib/python3.11/site-packages/django/db/models/sql/query.py", line 1335, in solve_lookup_type
    _, field, _, lookup_parts = self.names_to_path(lookup_splitted, self.get_meta())
                                ^^^^^^^^^^^^^^^^^^^^^^^^^^^^^^^^^^^^^^^^^^^^^^^^^^^^
  File "/usr/local/lib/python3.11/site-packages/django/db/models/sql/query.py", line 1813, in names_to_path
    raise FieldError(
django.core.exceptions.FieldError: Cannot resolve keyword 'bookedappointment_set' into field. Choices are: address, allow_email_notifications, allow_marketing_emails, allow_push_notifications, bookedappointment, bulkorder, commission_admin_actions, commissionearning, created_at, date_joined, email, first_name, fleet_memberships, fleetvehicle, groups, has_booking_promotions, has_signup_promotions, id, incoming_transfers, is_active, is_branch_admin, is_fleet_owner, is_staff, is_superuser, last_login, last_name, logentry, loyaltyprogram, name, notification, notification_token, outgoing_transfers, outstandingtoken, owned_fleets, partner_attribution, partner_profile, password, passwordresettoken, paymenttransaction, pendingbooking, performed_events, phone, promotions, referral_code, referrals, referred, referred_by, referred_by_id, referrer, refundrecord, stripe_customer_id, support_tickets, updated_at, user_permissions, username, vehicle_ownerships, vin_lookup_purchases, winner_vouchers
ERROR 2026-04-06 00:16:24,163 runserver 1764 125022375954112 HTTP GET /api/v1/support/customers/get_customers_list/?segment=b2c 500 [0.04, 172.18.0.13:59626]
ERROR 2026-04-06 00:17:10,615 log 1764 125022242858688 Internal Server Error: /api/v1/support/customers/get_customers_list/
Traceback (most recent call last):
  File "/usr/local/lib/python3.11/site-packages/asgiref/sync.py", line 557, in thread_handler
    raise exc_info[1]
  File "/usr/local/lib/python3.11/site-packages/django/core/handlers/exception.py", line 42, in inner
    response = await get_response(request)
               ^^^^^^^^^^^^^^^^^^^^^^^^^^^
  File "/usr/local/lib/python3.11/site-packages/asgiref/sync.py", line 557, in thread_handler
    raise exc_info[1]
  File "/usr/local/lib/python3.11/site-packages/django/core/handlers/base.py", line 253, in _get_response_async
    response = await wrapped_callback(
               ^^^^^^^^^^^^^^^^^^^^^^^
  File "/usr/local/lib/python3.11/site-packages/asgiref/sync.py", line 506, in __call__
    ret = await asyncio.shield(exec_coro)
          ^^^^^^^^^^^^^^^^^^^^^^^^^^^^^^^
  File "/usr/local/lib/python3.11/concurrent/futures/thread.py", line 58, in run
    result = self.fn(*self.args, **self.kwargs)
             ^^^^^^^^^^^^^^^^^^^^^^^^^^^^^^^^^^
  File "/usr/local/lib/python3.11/site-packages/asgiref/sync.py", line 561, in thread_handler
    return func(*args, **kwargs)
           ^^^^^^^^^^^^^^^^^^^^^
  File "/usr/local/lib/python3.11/site-packages/django/views/decorators/csrf.py", line 65, in _view_wrapper
    return view_func(request, *args, **kwargs)
           ^^^^^^^^^^^^^^^^^^^^^^^^^^^^^^^^^^^
  File "/usr/local/lib/python3.11/site-packages/django/views/generic/base.py", line 105, in view
    return self.dispatch(request, *args, **kwargs)
           ^^^^^^^^^^^^^^^^^^^^^^^^^^^^^^^^^^^^^^^
  File "/usr/local/lib/python3.11/site-packages/rest_framework/views.py", line 515, in dispatch
    response = self.handle_exception(exc)
               ^^^^^^^^^^^^^^^^^^^^^^^^^^
  File "/usr/local/lib/python3.11/site-packages/rest_framework/views.py", line 475, in handle_exception
    self.raise_uncaught_exception(exc)
  File "/usr/local/lib/python3.11/site-packages/rest_framework/views.py", line 486, in raise_uncaught_exception
    raise exc
  File "/usr/local/lib/python3.11/site-packages/rest_framework/views.py", line 512, in dispatch
    response = handler(request, *args, **kwargs)
               ^^^^^^^^^^^^^^^^^^^^^^^^^^^^^^^^^
  File "/app/main/views/support/support_customers.py", line 539, in get
    return handler(request, **kwargs)
           ^^^^^^^^^^^^^^^^^^^^^^^^^^
  File "/app/main/views/support/support_customers.py", line 551, in _get_customers_list
    qs_list = list(_b2c_user_query())
                   ^^^^^^^^^^^^^^^^^
  File "/app/main/views/support/support_customers.py", line 148, in _b2c_user_query
    .filter(
     ^^^^^^^
  File "/usr/local/lib/python3.11/site-packages/django/db/models/query.py", line 1495, in filter
    return self._filter_or_exclude(False, args, kwargs)
           ^^^^^^^^^^^^^^^^^^^^^^^^^^^^^^^^^^^^^^^^^^^^
  File "/usr/local/lib/python3.11/site-packages/django/db/models/query.py", line 1513, in _filter_or_exclude
    clone._filter_or_exclude_inplace(negate, args, kwargs)
  File "/usr/local/lib/python3.11/site-packages/django/db/models/query.py", line 1523, in _filter_or_exclude_inplace
    self._query.add_q(Q(*args, **kwargs))
  File "/usr/local/lib/python3.11/site-packages/django/db/models/sql/query.py", line 1648, in add_q
    clause, _ = self._add_q(q_object, can_reuse)
                ^^^^^^^^^^^^^^^^^^^^^^^^^^^^^^^^
  File "/usr/local/lib/python3.11/site-packages/django/db/models/sql/query.py", line 1680, in _add_q
    child_clause, needed_inner = self.build_filter(
                                 ^^^^^^^^^^^^^^^^^^
  File "/usr/local/lib/python3.11/site-packages/django/db/models/sql/query.py", line 1505, in build_filter
    return self._add_q(
           ^^^^^^^^^^^^
  File "/usr/local/lib/python3.11/site-packages/django/db/models/sql/query.py", line 1680, in _add_q
    child_clause, needed_inner = self.build_filter(
                                 ^^^^^^^^^^^^^^^^^^
  File "/usr/local/lib/python3.11/site-packages/django/db/models/sql/query.py", line 1528, in build_filter
    lookups, parts, reffed_expression = self.solve_lookup_type(arg, summarize)
                                        ^^^^^^^^^^^^^^^^^^^^^^^^^^^^^^^^^^^^^^
  File "/usr/local/lib/python3.11/site-packages/django/db/models/sql/query.py", line 1335, in solve_lookup_type
    _, field, _, lookup_parts = self.names_to_path(lookup_splitted, self.get_meta())
                                ^^^^^^^^^^^^^^^^^^^^^^^^^^^^^^^^^^^^^^^^^^^^^^^^^^^^
  File "/usr/local/lib/python3.11/site-packages/django/db/models/sql/query.py", line 1813, in names_to_path
    raise FieldError(
django.core.exceptions.FieldError: Cannot resolve keyword 'bookedappointment_set' into field. Choices are: address, allow_email_notifications, allow_marketing_emails, allow_push_notifications, bookedappointment, bulkorder, commission_admin_actions, commissionearning, created_at, date_joined, email, first_name, fleet_memberships, fleetvehicle, groups, has_booking_promotions, has_signup_promotions, id, incoming_transfers, is_active, is_branch_admin, is_fleet_owner, is_staff, is_superuser, last_login, last_name, logentry, loyaltyprogram, name, notification, notification_token, outgoing_transfers, outstandingtoken, owned_fleets, partner_attribution, partner_profile, password, passwordresettoken, paymenttransaction, pendingbooking, performed_events, phone, promotions, referral_code, referrals, referred, referred_by, referred_by_id, referrer, refundrecord, stripe_customer_id, support_tickets, updated_at, user_permissions, username, vehicle_ownerships, vin_lookup_purchases, winner_vouchers
ERROR 2026-04-06 00:17:10,622 runserver 1764 125022375954112 HTTP GET /api/v1/support/customers/get_customers_list/?segment=b2c 500 [0.04, 172.18.0.13:52924]
ERROR 2026-04-06 21:15:41,257 log 90 140187292137152 Internal Server Error: /api/v1/support/vouchers/get_voucher_detail/
Traceback (most recent call last):
  File "/usr/local/lib/python3.11/site-packages/asgiref/sync.py", line 557, in thread_handler
    raise exc_info[1]
  File "/usr/local/lib/python3.11/site-packages/django/core/handlers/exception.py", line 42, in inner
    response = await get_response(request)
               ^^^^^^^^^^^^^^^^^^^^^^^^^^^
  File "/usr/local/lib/python3.11/site-packages/asgiref/sync.py", line 557, in thread_handler
    raise exc_info[1]
  File "/usr/local/lib/python3.11/site-packages/django/core/handlers/base.py", line 253, in _get_response_async
    response = await wrapped_callback(
               ^^^^^^^^^^^^^^^^^^^^^^^
  File "/usr/local/lib/python3.11/site-packages/asgiref/sync.py", line 506, in __call__
    ret = await asyncio.shield(exec_coro)
          ^^^^^^^^^^^^^^^^^^^^^^^^^^^^^^^
  File "/usr/local/lib/python3.11/concurrent/futures/thread.py", line 58, in run
    result = self.fn(*self.args, **self.kwargs)
             ^^^^^^^^^^^^^^^^^^^^^^^^^^^^^^^^^^
  File "/usr/local/lib/python3.11/site-packages/asgiref/sync.py", line 561, in thread_handler
    return func(*args, **kwargs)
           ^^^^^^^^^^^^^^^^^^^^^
  File "/usr/local/lib/python3.11/site-packages/django/views/decorators/csrf.py", line 65, in _view_wrapper
    return view_func(request, *args, **kwargs)
           ^^^^^^^^^^^^^^^^^^^^^^^^^^^^^^^^^^^
  File "/usr/local/lib/python3.11/site-packages/django/views/generic/base.py", line 105, in view
    return self.dispatch(request, *args, **kwargs)
           ^^^^^^^^^^^^^^^^^^^^^^^^^^^^^^^^^^^^^^^
  File "/usr/local/lib/python3.11/site-packages/rest_framework/views.py", line 515, in dispatch
    response = self.handle_exception(exc)
               ^^^^^^^^^^^^^^^^^^^^^^^^^^
  File "/usr/local/lib/python3.11/site-packages/rest_framework/views.py", line 475, in handle_exception
    self.raise_uncaught_exception(exc)
  File "/usr/local/lib/python3.11/site-packages/rest_framework/views.py", line 486, in raise_uncaught_exception
    raise exc
  File "/usr/local/lib/python3.11/site-packages/rest_framework/views.py", line 512, in dispatch
    response = handler(request, *args, **kwargs)
               ^^^^^^^^^^^^^^^^^^^^^^^^^^^^^^^^^
  File "/app/main/views/support/support_vouchers.py", line 107, in get
    return getattr(self, self.get_action_handler[action])(request, **kwargs)
           ^^^^^^^^^^^^^^^^^^^^^^^^^^^^^^^^^^^^^^^^^^^^^^^^^^^^^^^^^^^^^^^^^
  File "/app/main/views/support/support_vouchers.py", line 147, in _get_voucher_detail
    code_raw = request.data.get("code")
    ^^^^^^^^^^
NameError: name '_agent_dbg' is not defined
ERROR 2026-04-06 21:15:41,270 runserver 90 140187417523904 HTTP GET /api/v1/support/vouchers/get_voucher_detail/?voucher_id=8dde6c15-fc1d-43a2-92b7-e90162c48e48 500 [0.06, 172.18.0.11:41586]
ERROR 2026-04-06 21:16:38,577 log 90 140187292137152 Internal Server Error: /api/v1/support/vouchers/get_voucher_detail/
Traceback (most recent call last):
  File "/usr/local/lib/python3.11/site-packages/asgiref/sync.py", line 557, in thread_handler
    raise exc_info[1]
  File "/usr/local/lib/python3.11/site-packages/django/core/handlers/exception.py", line 42, in inner
    response = await get_response(request)
               ^^^^^^^^^^^^^^^^^^^^^^^^^^^
  File "/usr/local/lib/python3.11/site-packages/asgiref/sync.py", line 557, in thread_handler
    raise exc_info[1]
  File "/usr/local/lib/python3.11/site-packages/django/core/handlers/base.py", line 253, in _get_response_async
    response = await wrapped_callback(
               ^^^^^^^^^^^^^^^^^^^^^^^
  File "/usr/local/lib/python3.11/site-packages/asgiref/sync.py", line 506, in __call__
    ret = await asyncio.shield(exec_coro)
          ^^^^^^^^^^^^^^^^^^^^^^^^^^^^^^^
  File "/usr/local/lib/python3.11/concurrent/futures/thread.py", line 58, in run
    result = self.fn(*self.args, **self.kwargs)
             ^^^^^^^^^^^^^^^^^^^^^^^^^^^^^^^^^^
  File "/usr/local/lib/python3.11/site-packages/asgiref/sync.py", line 561, in thread_handler
    return func(*args, **kwargs)
           ^^^^^^^^^^^^^^^^^^^^^
  File "/usr/local/lib/python3.11/site-packages/django/views/decorators/csrf.py", line 65, in _view_wrapper
    return view_func(request, *args, **kwargs)
           ^^^^^^^^^^^^^^^^^^^^^^^^^^^^^^^^^^^
  File "/usr/local/lib/python3.11/site-packages/django/views/generic/base.py", line 105, in view
    return self.dispatch(request, *args, **kwargs)
           ^^^^^^^^^^^^^^^^^^^^^^^^^^^^^^^^^^^^^^^
  File "/usr/local/lib/python3.11/site-packages/rest_framework/views.py", line 515, in dispatch
    response = self.handle_exception(exc)
               ^^^^^^^^^^^^^^^^^^^^^^^^^^
  File "/usr/local/lib/python3.11/site-packages/rest_framework/views.py", line 475, in handle_exception
    self.raise_uncaught_exception(exc)
  File "/usr/local/lib/python3.11/site-packages/rest_framework/views.py", line 486, in raise_uncaught_exception
    raise exc
  File "/usr/local/lib/python3.11/site-packages/rest_framework/views.py", line 512, in dispatch
    response = handler(request, *args, **kwargs)
               ^^^^^^^^^^^^^^^^^^^^^^^^^^^^^^^^^
  File "/app/main/views/support/support_vouchers.py", line 107, in get
    return getattr(self, self.get_action_handler[action])(request, **kwargs)
           ^^^^^^^^^^^^^^^^^^^^^^^^^^^^^^^^^^^^^^^^^^^^^^^^^^^^^^^^^^^^^^^^^
  File "/app/main/views/support/support_vouchers.py", line 147, in _get_voucher_detail
    code_raw = request.data.get("code")
    ^^^^^^^^^^
NameError: name '_agent_dbg' is not defined
ERROR 2026-04-06 21:16:38,585 runserver 90 140187417523904 HTTP GET /api/v1/support/vouchers/get_voucher_detail/?voucher_id=6036573f-17ca-4079-b074-0cfebf002e3f 500 [0.04, 172.18.0.11:44234]
ERROR 2026-04-06 21:16:40,632 log 90 140187292137152 Internal Server Error: /api/v1/support/vouchers/get_voucher_detail/
Traceback (most recent call last):
  File "/usr/local/lib/python3.11/site-packages/asgiref/sync.py", line 557, in thread_handler
    raise exc_info[1]
  File "/usr/local/lib/python3.11/site-packages/django/core/handlers/exception.py", line 42, in inner
    response = await get_response(request)
               ^^^^^^^^^^^^^^^^^^^^^^^^^^^
  File "/usr/local/lib/python3.11/site-packages/asgiref/sync.py", line 557, in thread_handler
    raise exc_info[1]
  File "/usr/local/lib/python3.11/site-packages/django/core/handlers/base.py", line 253, in _get_response_async
    response = await wrapped_callback(
               ^^^^^^^^^^^^^^^^^^^^^^^
  File "/usr/local/lib/python3.11/site-packages/asgiref/sync.py", line 506, in __call__
    ret = await asyncio.shield(exec_coro)
          ^^^^^^^^^^^^^^^^^^^^^^^^^^^^^^^
  File "/usr/local/lib/python3.11/concurrent/futures/thread.py", line 58, in run
    result = self.fn(*self.args, **self.kwargs)
             ^^^^^^^^^^^^^^^^^^^^^^^^^^^^^^^^^^
  File "/usr/local/lib/python3.11/site-packages/asgiref/sync.py", line 561, in thread_handler
    return func(*args, **kwargs)
           ^^^^^^^^^^^^^^^^^^^^^
  File "/usr/local/lib/python3.11/site-packages/django/views/decorators/csrf.py", line 65, in _view_wrapper
    return view_func(request, *args, **kwargs)
           ^^^^^^^^^^^^^^^^^^^^^^^^^^^^^^^^^^^
  File "/usr/local/lib/python3.11/site-packages/django/views/generic/base.py", line 105, in view
    return self.dispatch(request, *args, **kwargs)
           ^^^^^^^^^^^^^^^^^^^^^^^^^^^^^^^^^^^^^^^
  File "/usr/local/lib/python3.11/site-packages/rest_framework/views.py", line 515, in dispatch
    response = self.handle_exception(exc)
               ^^^^^^^^^^^^^^^^^^^^^^^^^^
  File "/usr/local/lib/python3.11/site-packages/rest_framework/views.py", line 475, in handle_exception
    self.raise_uncaught_exception(exc)
  File "/usr/local/lib/python3.11/site-packages/rest_framework/views.py", line 486, in raise_uncaught_exception
    raise exc
  File "/usr/local/lib/python3.11/site-packages/rest_framework/views.py", line 512, in dispatch
    response = handler(request, *args, **kwargs)
               ^^^^^^^^^^^^^^^^^^^^^^^^^^^^^^^^^
  File "/app/main/views/support/support_vouchers.py", line 107, in get
    return getattr(self, self.get_action_handler[action])(request, **kwargs)
           ^^^^^^^^^^^^^^^^^^^^^^^^^^^^^^^^^^^^^^^^^^^^^^^^^^^^^^^^^^^^^^^^^
  File "/app/main/views/support/support_vouchers.py", line 147, in _get_voucher_detail
    code_raw = request.data.get("code")
    ^^^^^^^^^^
NameError: name '_agent_dbg' is not defined
ERROR 2026-04-06 21:16:40,637 runserver 90 140187417523904 HTTP GET /api/v1/support/vouchers/get_voucher_detail/?voucher_id=6036573f-17ca-4079-b074-0cfebf002e3f 500 [0.04, 172.18.0.11:44246]
ERROR 2026-04-06 21:16:42,730 log 90 140187292137152 Internal Server Error: /api/v1/support/vouchers/get_voucher_detail/
Traceback (most recent call last):
  File "/usr/local/lib/python3.11/site-packages/asgiref/sync.py", line 557, in thread_handler
    raise exc_info[1]
  File "/usr/local/lib/python3.11/site-packages/django/core/handlers/exception.py", line 42, in inner
    response = await get_response(request)
               ^^^^^^^^^^^^^^^^^^^^^^^^^^^
  File "/usr/local/lib/python3.11/site-packages/asgiref/sync.py", line 557, in thread_handler
    raise exc_info[1]
  File "/usr/local/lib/python3.11/site-packages/django/core/handlers/base.py", line 253, in _get_response_async
    response = await wrapped_callback(
               ^^^^^^^^^^^^^^^^^^^^^^^
  File "/usr/local/lib/python3.11/site-packages/asgiref/sync.py", line 506, in __call__
    ret = await asyncio.shield(exec_coro)
          ^^^^^^^^^^^^^^^^^^^^^^^^^^^^^^^
  File "/usr/local/lib/python3.11/concurrent/futures/thread.py", line 58, in run
    result = self.fn(*self.args, **self.kwargs)
             ^^^^^^^^^^^^^^^^^^^^^^^^^^^^^^^^^^
  File "/usr/local/lib/python3.11/site-packages/asgiref/sync.py", line 561, in thread_handler
    return func(*args, **kwargs)
           ^^^^^^^^^^^^^^^^^^^^^
  File "/usr/local/lib/python3.11/site-packages/django/views/decorators/csrf.py", line 65, in _view_wrapper
    return view_func(request, *args, **kwargs)
           ^^^^^^^^^^^^^^^^^^^^^^^^^^^^^^^^^^^
  File "/usr/local/lib/python3.11/site-packages/django/views/generic/base.py", line 105, in view
    return self.dispatch(request, *args, **kwargs)
           ^^^^^^^^^^^^^^^^^^^^^^^^^^^^^^^^^^^^^^^
  File "/usr/local/lib/python3.11/site-packages/rest_framework/views.py", line 515, in dispatch
    response = self.handle_exception(exc)
               ^^^^^^^^^^^^^^^^^^^^^^^^^^
  File "/usr/local/lib/python3.11/site-packages/rest_framework/views.py", line 475, in handle_exception
    self.raise_uncaught_exception(exc)
  File "/usr/local/lib/python3.11/site-packages/rest_framework/views.py", line 486, in raise_uncaught_exception
    raise exc
  File "/usr/local/lib/python3.11/site-packages/rest_framework/views.py", line 512, in dispatch
    response = handler(request, *args, **kwargs)
               ^^^^^^^^^^^^^^^^^^^^^^^^^^^^^^^^^
  File "/app/main/views/support/support_vouchers.py", line 107, in get
    return getattr(self, self.get_action_handler[action])(request, **kwargs)
           ^^^^^^^^^^^^^^^^^^^^^^^^^^^^^^^^^^^^^^^^^^^^^^^^^^^^^^^^^^^^^^^^^
  File "/app/main/views/support/support_vouchers.py", line 147, in _get_voucher_detail
    code_raw = request.data.get("code")
    ^^^^^^^^^^
NameError: name '_agent_dbg' is not defined
ERROR 2026-04-06 21:16:42,736 runserver 90 140187417523904 HTTP GET /api/v1/support/vouchers/get_voucher_detail/?voucher_id=6036573f-17ca-4079-b074-0cfebf002e3f 500 [0.03, 172.18.0.11:38006]
ERROR 2026-04-06 21:16:51,815 log 90 140187292137152 Internal Server Error: /api/v1/support/vouchers/get_voucher_detail/
Traceback (most recent call last):
  File "/usr/local/lib/python3.11/site-packages/asgiref/sync.py", line 557, in thread_handler
    raise exc_info[1]
  File "/usr/local/lib/python3.11/site-packages/django/core/handlers/exception.py", line 42, in inner
    response = await get_response(request)
               ^^^^^^^^^^^^^^^^^^^^^^^^^^^
  File "/usr/local/lib/python3.11/site-packages/asgiref/sync.py", line 557, in thread_handler
    raise exc_info[1]
  File "/usr/local/lib/python3.11/site-packages/django/core/handlers/base.py", line 253, in _get_response_async
    response = await wrapped_callback(
               ^^^^^^^^^^^^^^^^^^^^^^^
  File "/usr/local/lib/python3.11/site-packages/asgiref/sync.py", line 506, in __call__
    ret = await asyncio.shield(exec_coro)
          ^^^^^^^^^^^^^^^^^^^^^^^^^^^^^^^
  File "/usr/local/lib/python3.11/concurrent/futures/thread.py", line 58, in run
    result = self.fn(*self.args, **self.kwargs)
             ^^^^^^^^^^^^^^^^^^^^^^^^^^^^^^^^^^
  File "/usr/local/lib/python3.11/site-packages/asgiref/sync.py", line 561, in thread_handler
    return func(*args, **kwargs)
           ^^^^^^^^^^^^^^^^^^^^^
  File "/usr/local/lib/python3.11/site-packages/django/views/decorators/csrf.py", line 65, in _view_wrapper
    return view_func(request, *args, **kwargs)
           ^^^^^^^^^^^^^^^^^^^^^^^^^^^^^^^^^^^
  File "/usr/local/lib/python3.11/site-packages/django/views/generic/base.py", line 105, in view
    return self.dispatch(request, *args, **kwargs)
           ^^^^^^^^^^^^^^^^^^^^^^^^^^^^^^^^^^^^^^^
  File "/usr/local/lib/python3.11/site-packages/rest_framework/views.py", line 515, in dispatch
    response = self.handle_exception(exc)
               ^^^^^^^^^^^^^^^^^^^^^^^^^^
  File "/usr/local/lib/python3.11/site-packages/rest_framework/views.py", line 475, in handle_exception
    self.raise_uncaught_exception(exc)
  File "/usr/local/lib/python3.11/site-packages/rest_framework/views.py", line 486, in raise_uncaught_exception
    raise exc
  File "/usr/local/lib/python3.11/site-packages/rest_framework/views.py", line 512, in dispatch
    response = handler(request, *args, **kwargs)
               ^^^^^^^^^^^^^^^^^^^^^^^^^^^^^^^^^
  File "/app/main/views/support/support_vouchers.py", line 107, in get
    return getattr(self, self.get_action_handler[action])(request, **kwargs)
           ^^^^^^^^^^^^^^^^^^^^^^^^^^^^^^^^^^^^^^^^^^^^^^^^^^^^^^^^^^^^^^^^^
  File "/app/main/views/support/support_vouchers.py", line 147, in _get_voucher_detail
    code_raw = request.data.get("code")
    ^^^^^^^^^^
NameError: name '_agent_dbg' is not defined
ERROR 2026-04-06 21:16:51,821 runserver 90 140187417523904 HTTP GET /api/v1/support/vouchers/get_voucher_detail/?voucher_id=6036573f-17ca-4079-b074-0cfebf002e3f 500 [0.03, 172.18.0.11:42524]
ERROR 2026-04-06 21:17:04,586 log 90 140187292137152 Internal Server Error: /api/v1/support/vouchers/get_voucher_detail/
Traceback (most recent call last):
  File "/usr/local/lib/python3.11/site-packages/asgiref/sync.py", line 557, in thread_handler
    raise exc_info[1]
  File "/usr/local/lib/python3.11/site-packages/django/core/handlers/exception.py", line 42, in inner
    response = await get_response(request)
               ^^^^^^^^^^^^^^^^^^^^^^^^^^^
  File "/usr/local/lib/python3.11/site-packages/asgiref/sync.py", line 557, in thread_handler
    raise exc_info[1]
  File "/usr/local/lib/python3.11/site-packages/django/core/handlers/base.py", line 253, in _get_response_async
    response = await wrapped_callback(
               ^^^^^^^^^^^^^^^^^^^^^^^
  File "/usr/local/lib/python3.11/site-packages/asgiref/sync.py", line 506, in __call__
    ret = await asyncio.shield(exec_coro)
          ^^^^^^^^^^^^^^^^^^^^^^^^^^^^^^^
  File "/usr/local/lib/python3.11/concurrent/futures/thread.py", line 58, in run
    result = self.fn(*self.args, **self.kwargs)
             ^^^^^^^^^^^^^^^^^^^^^^^^^^^^^^^^^^
  File "/usr/local/lib/python3.11/site-packages/asgiref/sync.py", line 561, in thread_handler
    return func(*args, **kwargs)
           ^^^^^^^^^^^^^^^^^^^^^
  File "/usr/local/lib/python3.11/site-packages/django/views/decorators/csrf.py", line 65, in _view_wrapper
    return view_func(request, *args, **kwargs)
           ^^^^^^^^^^^^^^^^^^^^^^^^^^^^^^^^^^^
  File "/usr/local/lib/python3.11/site-packages/django/views/generic/base.py", line 105, in view
    return self.dispatch(request, *args, **kwargs)
           ^^^^^^^^^^^^^^^^^^^^^^^^^^^^^^^^^^^^^^^
  File "/usr/local/lib/python3.11/site-packages/rest_framework/views.py", line 515, in dispatch
    response = self.handle_exception(exc)
               ^^^^^^^^^^^^^^^^^^^^^^^^^^
  File "/usr/local/lib/python3.11/site-packages/rest_framework/views.py", line 475, in handle_exception
    self.raise_uncaught_exception(exc)
  File "/usr/local/lib/python3.11/site-packages/rest_framework/views.py", line 486, in raise_uncaught_exception
    raise exc
  File "/usr/local/lib/python3.11/site-packages/rest_framework/views.py", line 512, in dispatch
    response = handler(request, *args, **kwargs)
               ^^^^^^^^^^^^^^^^^^^^^^^^^^^^^^^^^
  File "/app/main/views/support/support_vouchers.py", line 107, in get
    return getattr(self, self.get_action_handler[action])(request, **kwargs)
           ^^^^^^^^^^^^^^^^^^^^^^^^^^^^^^^^^^^^^^^^^^^^^^^^^^^^^^^^^^^^^^^^^
  File "/app/main/views/support/support_vouchers.py", line 147, in _get_voucher_detail
    code_raw = request.data.get("code")
    ^^^^^^^^^^
NameError: name '_agent_dbg' is not defined
ERROR 2026-04-06 21:17:04,592 runserver 90 140187417523904 HTTP GET /api/v1/support/vouchers/get_voucher_detail/?voucher_id=6036573f-17ca-4079-b074-0cfebf002e3f 500 [0.03, 172.18.0.11:50350]
ERROR 2026-04-06 21:18:36,147 log 90 140187292137152 Internal Server Error: /api/v1/support/vouchers/get_voucher_detail/
Traceback (most recent call last):
  File "/usr/local/lib/python3.11/site-packages/asgiref/sync.py", line 557, in thread_handler
    raise exc_info[1]
  File "/usr/local/lib/python3.11/site-packages/django/core/handlers/exception.py", line 42, in inner
    response = await get_response(request)
               ^^^^^^^^^^^^^^^^^^^^^^^^^^^
  File "/usr/local/lib/python3.11/site-packages/asgiref/sync.py", line 557, in thread_handler
    raise exc_info[1]
  File "/usr/local/lib/python3.11/site-packages/django/core/handlers/base.py", line 253, in _get_response_async
    response = await wrapped_callback(
               ^^^^^^^^^^^^^^^^^^^^^^^
  File "/usr/local/lib/python3.11/site-packages/asgiref/sync.py", line 506, in __call__
    ret = await asyncio.shield(exec_coro)
          ^^^^^^^^^^^^^^^^^^^^^^^^^^^^^^^
  File "/usr/local/lib/python3.11/concurrent/futures/thread.py", line 58, in run
    result = self.fn(*self.args, **self.kwargs)
             ^^^^^^^^^^^^^^^^^^^^^^^^^^^^^^^^^^
  File "/usr/local/lib/python3.11/site-packages/asgiref/sync.py", line 561, in thread_handler
    return func(*args, **kwargs)
           ^^^^^^^^^^^^^^^^^^^^^
  File "/usr/local/lib/python3.11/site-packages/django/views/decorators/csrf.py", line 65, in _view_wrapper
    return view_func(request, *args, **kwargs)
           ^^^^^^^^^^^^^^^^^^^^^^^^^^^^^^^^^^^
  File "/usr/local/lib/python3.11/site-packages/django/views/generic/base.py", line 105, in view
    return self.dispatch(request, *args, **kwargs)
           ^^^^^^^^^^^^^^^^^^^^^^^^^^^^^^^^^^^^^^^
  File "/usr/local/lib/python3.11/site-packages/rest_framework/views.py", line 515, in dispatch
    response = self.handle_exception(exc)
               ^^^^^^^^^^^^^^^^^^^^^^^^^^
  File "/usr/local/lib/python3.11/site-packages/rest_framework/views.py", line 475, in handle_exception
    self.raise_uncaught_exception(exc)
  File "/usr/local/lib/python3.11/site-packages/rest_framework/views.py", line 486, in raise_uncaught_exception
    raise exc
  File "/usr/local/lib/python3.11/site-packages/rest_framework/views.py", line 512, in dispatch
    response = handler(request, *args, **kwargs)
               ^^^^^^^^^^^^^^^^^^^^^^^^^^^^^^^^^
  File "/app/main/views/support/support_vouchers.py", line 107, in get
    return getattr(self, self.get_action_handler[action])(request, **kwargs)
           ^^^^^^^^^^^^^^^^^^^^^^^^^^^^^^^^^^^^^^^^^^^^^^^^^^^^^^^^^^^^^^^^^
  File "/app/main/views/support/support_vouchers.py", line 147, in _get_voucher_detail
    code_raw = request.data.get("code")
    ^^^^^^^^^^
NameError: name '_agent_dbg' is not defined
ERROR 2026-04-06 21:18:36,153 runserver 90 140187417523904 HTTP GET /api/v1/support/vouchers/get_voucher_detail/?voucher_id=6036573f-17ca-4079-b074-0cfebf002e3f 500 [0.04, 172.18.0.11:49046]
ERROR 2026-04-06 21:18:58,784 log 90 140187292137152 Internal Server Error: /api/v1/support/vouchers/get_voucher_detail/
Traceback (most recent call last):
  File "/usr/local/lib/python3.11/site-packages/asgiref/sync.py", line 557, in thread_handler
    raise exc_info[1]
  File "/usr/local/lib/python3.11/site-packages/django/core/handlers/exception.py", line 42, in inner
    response = await get_response(request)
               ^^^^^^^^^^^^^^^^^^^^^^^^^^^
  File "/usr/local/lib/python3.11/site-packages/asgiref/sync.py", line 557, in thread_handler
    raise exc_info[1]
  File "/usr/local/lib/python3.11/site-packages/django/core/handlers/base.py", line 253, in _get_response_async
    response = await wrapped_callback(
               ^^^^^^^^^^^^^^^^^^^^^^^
  File "/usr/local/lib/python3.11/site-packages/asgiref/sync.py", line 506, in __call__
    ret = await asyncio.shield(exec_coro)
          ^^^^^^^^^^^^^^^^^^^^^^^^^^^^^^^
  File "/usr/local/lib/python3.11/concurrent/futures/thread.py", line 58, in run
    result = self.fn(*self.args, **self.kwargs)
             ^^^^^^^^^^^^^^^^^^^^^^^^^^^^^^^^^^
  File "/usr/local/lib/python3.11/site-packages/asgiref/sync.py", line 561, in thread_handler
    return func(*args, **kwargs)
           ^^^^^^^^^^^^^^^^^^^^^
  File "/usr/local/lib/python3.11/site-packages/django/views/decorators/csrf.py", line 65, in _view_wrapper
    return view_func(request, *args, **kwargs)
           ^^^^^^^^^^^^^^^^^^^^^^^^^^^^^^^^^^^
  File "/usr/local/lib/python3.11/site-packages/django/views/generic/base.py", line 105, in view
    return self.dispatch(request, *args, **kwargs)
           ^^^^^^^^^^^^^^^^^^^^^^^^^^^^^^^^^^^^^^^
  File "/usr/local/lib/python3.11/site-packages/rest_framework/views.py", line 515, in dispatch
    response = self.handle_exception(exc)
               ^^^^^^^^^^^^^^^^^^^^^^^^^^
  File "/usr/local/lib/python3.11/site-packages/rest_framework/views.py", line 475, in handle_exception
    self.raise_uncaught_exception(exc)
  File "/usr/local/lib/python3.11/site-packages/rest_framework/views.py", line 486, in raise_uncaught_exception
    raise exc
  File "/usr/local/lib/python3.11/site-packages/rest_framework/views.py", line 512, in dispatch
    response = handler(request, *args, **kwargs)
               ^^^^^^^^^^^^^^^^^^^^^^^^^^^^^^^^^
  File "/app/main/views/support/support_vouchers.py", line 107, in get
    return getattr(self, self.get_action_handler[action])(request, **kwargs)
           ^^^^^^^^^^^^^^^^^^^^^^^^^^^^^^^^^^^^^^^^^^^^^^^^^^^^^^^^^^^^^^^^^
  File "/app/main/views/support/support_vouchers.py", line 147, in _get_voucher_detail
    code_raw = request.data.get("code")
    ^^^^^^^^^^
NameError: name '_agent_dbg' is not defined
ERROR 2026-04-06 21:18:58,790 runserver 90 140187417523904 HTTP GET /api/v1/support/vouchers/get_voucher_detail/?voucher_id=6036573f-17ca-4079-b074-0cfebf002e3f 500 [0.04, 172.18.0.11:50244]
ERROR 2026-04-06 21:20:35,598 log 90 140187292137152 Internal Server Error: /api/v1/support/vouchers/get_voucher_detail/
Traceback (most recent call last):
  File "/usr/local/lib/python3.11/site-packages/asgiref/sync.py", line 557, in thread_handler
    raise exc_info[1]
  File "/usr/local/lib/python3.11/site-packages/django/core/handlers/exception.py", line 42, in inner
    response = await get_response(request)
               ^^^^^^^^^^^^^^^^^^^^^^^^^^^
  File "/usr/local/lib/python3.11/site-packages/asgiref/sync.py", line 557, in thread_handler
    raise exc_info[1]
  File "/usr/local/lib/python3.11/site-packages/django/core/handlers/base.py", line 253, in _get_response_async
    response = await wrapped_callback(
               ^^^^^^^^^^^^^^^^^^^^^^^
  File "/usr/local/lib/python3.11/site-packages/asgiref/sync.py", line 506, in __call__
    ret = await asyncio.shield(exec_coro)
          ^^^^^^^^^^^^^^^^^^^^^^^^^^^^^^^
  File "/usr/local/lib/python3.11/concurrent/futures/thread.py", line 58, in run
    result = self.fn(*self.args, **self.kwargs)
             ^^^^^^^^^^^^^^^^^^^^^^^^^^^^^^^^^^
  File "/usr/local/lib/python3.11/site-packages/asgiref/sync.py", line 561, in thread_handler
    return func(*args, **kwargs)
           ^^^^^^^^^^^^^^^^^^^^^
  File "/usr/local/lib/python3.11/site-packages/django/views/decorators/csrf.py", line 65, in _view_wrapper
    return view_func(request, *args, **kwargs)
           ^^^^^^^^^^^^^^^^^^^^^^^^^^^^^^^^^^^
  File "/usr/local/lib/python3.11/site-packages/django/views/generic/base.py", line 105, in view
    return self.dispatch(request, *args, **kwargs)
           ^^^^^^^^^^^^^^^^^^^^^^^^^^^^^^^^^^^^^^^
  File "/usr/local/lib/python3.11/site-packages/rest_framework/views.py", line 515, in dispatch
    response = self.handle_exception(exc)
               ^^^^^^^^^^^^^^^^^^^^^^^^^^
  File "/usr/local/lib/python3.11/site-packages/rest_framework/views.py", line 475, in handle_exception
    self.raise_uncaught_exception(exc)
  File "/usr/local/lib/python3.11/site-packages/rest_framework/views.py", line 486, in raise_uncaught_exception
    raise exc
  File "/usr/local/lib/python3.11/site-packages/rest_framework/views.py", line 512, in dispatch
    response = handler(request, *args, **kwargs)
               ^^^^^^^^^^^^^^^^^^^^^^^^^^^^^^^^^
  File "/app/main/views/support/support_vouchers.py", line 107, in get
    return getattr(self, self.get_action_handler[action])(request, **kwargs)
           ^^^^^^^^^^^^^^^^^^^^^^^^^^^^^^^^^^^^^^^^^^^^^^^^^^^^^^^^^^^^^^^^^
  File "/app/main/views/support/support_vouchers.py", line 147, in _get_voucher_detail
    code_raw = request.data.get("code")
    ^^^^^^^^^^
NameError: name '_agent_dbg' is not defined
ERROR 2026-04-06 21:20:35,603 runserver 90 140187417523904 HTTP GET /api/v1/support/vouchers/get_voucher_detail/?voucher_id=6036573f-17ca-4079-b074-0cfebf002e3f 500 [0.04, 172.18.0.11:55458]
ERROR 2026-04-08 22:11:01,602 log 7 129584381023936 Internal Server Error: /api/v1/authentication/refresh/
Traceback (most recent call last):
  File "/usr/local/lib/python3.11/site-packages/asgiref/sync.py", line 557, in thread_handler
    raise exc_info[1]
  File "/usr/local/lib/python3.11/site-packages/django/core/handlers/exception.py", line 42, in inner
    response = await get_response(request)
               ^^^^^^^^^^^^^^^^^^^^^^^^^^^
  File "/usr/local/lib/python3.11/site-packages/asgiref/sync.py", line 557, in thread_handler
    raise exc_info[1]
  File "/usr/local/lib/python3.11/site-packages/django/core/handlers/base.py", line 253, in _get_response_async
    response = await wrapped_callback(
               ^^^^^^^^^^^^^^^^^^^^^^^
  File "/usr/local/lib/python3.11/site-packages/asgiref/sync.py", line 506, in __call__
    ret = await asyncio.shield(exec_coro)
          ^^^^^^^^^^^^^^^^^^^^^^^^^^^^^^^
  File "/usr/local/lib/python3.11/concurrent/futures/thread.py", line 58, in run
    result = self.fn(*self.args, **self.kwargs)
             ^^^^^^^^^^^^^^^^^^^^^^^^^^^^^^^^^^
  File "/usr/local/lib/python3.11/site-packages/asgiref/sync.py", line 561, in thread_handler
    return func(*args, **kwargs)
           ^^^^^^^^^^^^^^^^^^^^^
  File "/usr/local/lib/python3.11/site-packages/django/views/decorators/csrf.py", line 65, in _view_wrapper
    return view_func(request, *args, **kwargs)
           ^^^^^^^^^^^^^^^^^^^^^^^^^^^^^^^^^^^
  File "/usr/local/lib/python3.11/site-packages/django/views/generic/base.py", line 105, in view
    return self.dispatch(request, *args, **kwargs)
           ^^^^^^^^^^^^^^^^^^^^^^^^^^^^^^^^^^^^^^^
  File "/usr/local/lib/python3.11/site-packages/rest_framework/views.py", line 515, in dispatch
    response = self.handle_exception(exc)
               ^^^^^^^^^^^^^^^^^^^^^^^^^^
  File "/usr/local/lib/python3.11/site-packages/rest_framework/views.py", line 475, in handle_exception
    self.raise_uncaught_exception(exc)
  File "/usr/local/lib/python3.11/site-packages/rest_framework/views.py", line 486, in raise_uncaught_exception
    raise exc
  File "/usr/local/lib/python3.11/site-packages/rest_framework/views.py", line 512, in dispatch
    response = handler(request, *args, **kwargs)
               ^^^^^^^^^^^^^^^^^^^^^^^^^^^^^^^^^
  File "/usr/local/lib/python3.11/site-packages/rest_framework_simplejwt/views.py", line 46, in post
    serializer.is_valid(raise_exception=True)
  File "/usr/local/lib/python3.11/site-packages/rest_framework/serializers.py", line 225, in is_valid
    self._validated_data = self.run_validation(self.initial_data)
                           ^^^^^^^^^^^^^^^^^^^^^^^^^^^^^^^^^^^^^^
  File "/usr/local/lib/python3.11/site-packages/rest_framework/serializers.py", line 459, in run_validation
    value = self.validate(value)
            ^^^^^^^^^^^^^^^^^^^^
  File "/usr/local/lib/python3.11/site-packages/rest_framework_simplejwt/serializers.py", line 116, in validate
    user := get_user_model().objects.get(
            ^^^^^^^^^^^^^^^^^^^^^^^^^^^^^
  File "/usr/local/lib/python3.11/site-packages/django/db/models/manager.py", line 87, in manager_method
    return getattr(self.get_queryset(), name)(*args, **kwargs)
           ^^^^^^^^^^^^^^^^^^^^^^^^^^^^^^^^^^^^^^^^^^^^^^^^^^^
  File "/usr/local/lib/python3.11/site-packages/django/db/models/query.py", line 635, in get
    raise self.model.DoesNotExist(
main.models.user.User.DoesNotExist: User matching query does not exist.
ERROR 2026-04-08 22:11:01,606 log 7 129584389416640 Internal Server Error: /api/v1/authentication/refresh/
Traceback (most recent call last):
  File "/usr/local/lib/python3.11/site-packages/asgiref/sync.py", line 557, in thread_handler
    raise exc_info[1]
  File "/usr/local/lib/python3.11/site-packages/django/core/handlers/exception.py", line 42, in inner
    response = await get_response(request)
               ^^^^^^^^^^^^^^^^^^^^^^^^^^^
  File "/usr/local/lib/python3.11/site-packages/asgiref/sync.py", line 557, in thread_handler
    raise exc_info[1]
  File "/usr/local/lib/python3.11/site-packages/django/core/handlers/base.py", line 253, in _get_response_async
    response = await wrapped_callback(
               ^^^^^^^^^^^^^^^^^^^^^^^
  File "/usr/local/lib/python3.11/site-packages/asgiref/sync.py", line 506, in __call__
    ret = await asyncio.shield(exec_coro)
          ^^^^^^^^^^^^^^^^^^^^^^^^^^^^^^^
  File "/usr/local/lib/python3.11/concurrent/futures/thread.py", line 58, in run
    result = self.fn(*self.args, **self.kwargs)
             ^^^^^^^^^^^^^^^^^^^^^^^^^^^^^^^^^^
  File "/usr/local/lib/python3.11/site-packages/asgiref/sync.py", line 561, in thread_handler
    return func(*args, **kwargs)
           ^^^^^^^^^^^^^^^^^^^^^
  File "/usr/local/lib/python3.11/site-packages/django/views/decorators/csrf.py", line 65, in _view_wrapper
    return view_func(request, *args, **kwargs)
           ^^^^^^^^^^^^^^^^^^^^^^^^^^^^^^^^^^^
  File "/usr/local/lib/python3.11/site-packages/django/views/generic/base.py", line 105, in view
    return self.dispatch(request, *args, **kwargs)
           ^^^^^^^^^^^^^^^^^^^^^^^^^^^^^^^^^^^^^^^
  File "/usr/local/lib/python3.11/site-packages/rest_framework/views.py", line 515, in dispatch
    response = self.handle_exception(exc)
               ^^^^^^^^^^^^^^^^^^^^^^^^^^
  File "/usr/local/lib/python3.11/site-packages/rest_framework/views.py", line 475, in handle_exception
    self.raise_uncaught_exception(exc)
  File "/usr/local/lib/python3.11/site-packages/rest_framework/views.py", line 486, in raise_uncaught_exception
    raise exc
  File "/usr/local/lib/python3.11/site-packages/rest_framework/views.py", line 512, in dispatch
    response = handler(request, *args, **kwargs)
               ^^^^^^^^^^^^^^^^^^^^^^^^^^^^^^^^^
  File "/usr/local/lib/python3.11/site-packages/rest_framework_simplejwt/views.py", line 46, in post
    serializer.is_valid(raise_exception=True)
  File "/usr/local/lib/python3.11/site-packages/rest_framework/serializers.py", line 225, in is_valid
    self._validated_data = self.run_validation(self.initial_data)
                           ^^^^^^^^^^^^^^^^^^^^^^^^^^^^^^^^^^^^^^
  File "/usr/local/lib/python3.11/site-packages/rest_framework/serializers.py", line 459, in run_validation
    value = self.validate(value)
            ^^^^^^^^^^^^^^^^^^^^
  File "/usr/local/lib/python3.11/site-packages/rest_framework_simplejwt/serializers.py", line 116, in validate
    user := get_user_model().objects.get(
            ^^^^^^^^^^^^^^^^^^^^^^^^^^^^^
  File "/usr/local/lib/python3.11/site-packages/django/db/models/manager.py", line 87, in manager_method
    return getattr(self.get_queryset(), name)(*args, **kwargs)
           ^^^^^^^^^^^^^^^^^^^^^^^^^^^^^^^^^^^^^^^^^^^^^^^^^^^
  File "/usr/local/lib/python3.11/site-packages/django/db/models/query.py", line 635, in get
    raise self.model.DoesNotExist(
main.models.user.User.DoesNotExist: User matching query does not exist.
ERROR 2026-04-08 22:11:01,615 log 7 129584397809344 Internal Server Error: /api/v1/authentication/refresh/
Traceback (most recent call last):
  File "/usr/local/lib/python3.11/site-packages/asgiref/sync.py", line 557, in thread_handler
    raise exc_info[1]
  File "/usr/local/lib/python3.11/site-packages/django/core/handlers/exception.py", line 42, in inner
    response = await get_response(request)
               ^^^^^^^^^^^^^^^^^^^^^^^^^^^
  File "/usr/local/lib/python3.11/site-packages/asgiref/sync.py", line 557, in thread_handler
    raise exc_info[1]
  File "/usr/local/lib/python3.11/site-packages/django/core/handlers/base.py", line 253, in _get_response_async
    response = await wrapped_callback(
               ^^^^^^^^^^^^^^^^^^^^^^^
  File "/usr/local/lib/python3.11/site-packages/asgiref/sync.py", line 506, in __call__
    ret = await asyncio.shield(exec_coro)
          ^^^^^^^^^^^^^^^^^^^^^^^^^^^^^^^
  File "/usr/local/lib/python3.11/concurrent/futures/thread.py", line 58, in run
    result = self.fn(*self.args, **self.kwargs)
             ^^^^^^^^^^^^^^^^^^^^^^^^^^^^^^^^^^
  File "/usr/local/lib/python3.11/site-packages/asgiref/sync.py", line 561, in thread_handler
    return func(*args, **kwargs)
           ^^^^^^^^^^^^^^^^^^^^^
  File "/usr/local/lib/python3.11/site-packages/django/views/decorators/csrf.py", line 65, in _view_wrapper
    return view_func(request, *args, **kwargs)
           ^^^^^^^^^^^^^^^^^^^^^^^^^^^^^^^^^^^
  File "/usr/local/lib/python3.11/site-packages/django/views/generic/base.py", line 105, in view
    return self.dispatch(request, *args, **kwargs)
           ^^^^^^^^^^^^^^^^^^^^^^^^^^^^^^^^^^^^^^^
  File "/usr/local/lib/python3.11/site-packages/rest_framework/views.py", line 515, in dispatch
    response = self.handle_exception(exc)
               ^^^^^^^^^^^^^^^^^^^^^^^^^^
  File "/usr/local/lib/python3.11/site-packages/rest_framework/views.py", line 475, in handle_exception
    self.raise_uncaught_exception(exc)
  File "/usr/local/lib/python3.11/site-packages/rest_framework/views.py", line 486, in raise_uncaught_exception
    raise exc
  File "/usr/local/lib/python3.11/site-packages/rest_framework/views.py", line 512, in dispatch
    response = handler(request, *args, **kwargs)
               ^^^^^^^^^^^^^^^^^^^^^^^^^^^^^^^^^
  File "/usr/local/lib/python3.11/site-packages/rest_framework_simplejwt/views.py", line 46, in post
    serializer.is_valid(raise_exception=True)
  File "/usr/local/lib/python3.11/site-packages/rest_framework/serializers.py", line 225, in is_valid
    self._validated_data = self.run_validation(self.initial_data)
                           ^^^^^^^^^^^^^^^^^^^^^^^^^^^^^^^^^^^^^^
  File "/usr/local/lib/python3.11/site-packages/rest_framework/serializers.py", line 459, in run_validation
    value = self.validate(value)
            ^^^^^^^^^^^^^^^^^^^^
  File "/usr/local/lib/python3.11/site-packages/rest_framework_simplejwt/serializers.py", line 116, in validate
    user := get_user_model().objects.get(
            ^^^^^^^^^^^^^^^^^^^^^^^^^^^^^
  File "/usr/local/lib/python3.11/site-packages/django/db/models/manager.py", line 87, in manager_method
    return getattr(self.get_queryset(), name)(*args, **kwargs)
           ^^^^^^^^^^^^^^^^^^^^^^^^^^^^^^^^^^^^^^^^^^^^^^^^^^^
  File "/usr/local/lib/python3.11/site-packages/django/db/models/query.py", line 635, in get
    raise self.model.DoesNotExist(
main.models.user.User.DoesNotExist: User matching query does not exist.
ERROR 2026-04-08 22:11:01,615 log 7 129584882226880 Internal Server Error: /api/v1/authentication/refresh/
Traceback (most recent call last):
  File "/usr/local/lib/python3.11/site-packages/asgiref/sync.py", line 557, in thread_handler
    raise exc_info[1]
  File "/usr/local/lib/python3.11/site-packages/django/core/handlers/exception.py", line 42, in inner
    response = await get_response(request)
               ^^^^^^^^^^^^^^^^^^^^^^^^^^^
  File "/usr/local/lib/python3.11/site-packages/asgiref/sync.py", line 557, in thread_handler
    raise exc_info[1]
  File "/usr/local/lib/python3.11/site-packages/django/core/handlers/base.py", line 253, in _get_response_async
    response = await wrapped_callback(
               ^^^^^^^^^^^^^^^^^^^^^^^
  File "/usr/local/lib/python3.11/site-packages/asgiref/sync.py", line 506, in __call__
    ret = await asyncio.shield(exec_coro)
          ^^^^^^^^^^^^^^^^^^^^^^^^^^^^^^^
  File "/usr/local/lib/python3.11/concurrent/futures/thread.py", line 58, in run
    result = self.fn(*self.args, **self.kwargs)
             ^^^^^^^^^^^^^^^^^^^^^^^^^^^^^^^^^^
  File "/usr/local/lib/python3.11/site-packages/asgiref/sync.py", line 561, in thread_handler
    return func(*args, **kwargs)
           ^^^^^^^^^^^^^^^^^^^^^
  File "/usr/local/lib/python3.11/site-packages/django/views/decorators/csrf.py", line 65, in _view_wrapper
    return view_func(request, *args, **kwargs)
           ^^^^^^^^^^^^^^^^^^^^^^^^^^^^^^^^^^^
  File "/usr/local/lib/python3.11/site-packages/django/views/generic/base.py", line 105, in view
    return self.dispatch(request, *args, **kwargs)
           ^^^^^^^^^^^^^^^^^^^^^^^^^^^^^^^^^^^^^^^
  File "/usr/local/lib/python3.11/site-packages/rest_framework/views.py", line 515, in dispatch
    response = self.handle_exception(exc)
               ^^^^^^^^^^^^^^^^^^^^^^^^^^
  File "/usr/local/lib/python3.11/site-packages/rest_framework/views.py", line 475, in handle_exception
    self.raise_uncaught_exception(exc)
  File "/usr/local/lib/python3.11/site-packages/rest_framework/views.py", line 486, in raise_uncaught_exception
    raise exc
  File "/usr/local/lib/python3.11/site-packages/rest_framework/views.py", line 512, in dispatch
    response = handler(request, *args, **kwargs)
               ^^^^^^^^^^^^^^^^^^^^^^^^^^^^^^^^^
  File "/usr/local/lib/python3.11/site-packages/rest_framework_simplejwt/views.py", line 46, in post
    serializer.is_valid(raise_exception=True)
  File "/usr/local/lib/python3.11/site-packages/rest_framework/serializers.py", line 225, in is_valid
    self._validated_data = self.run_validation(self.initial_data)
                           ^^^^^^^^^^^^^^^^^^^^^^^^^^^^^^^^^^^^^^
  File "/usr/local/lib/python3.11/site-packages/rest_framework/serializers.py", line 459, in run_validation
    value = self.validate(value)
            ^^^^^^^^^^^^^^^^^^^^
  File "/usr/local/lib/python3.11/site-packages/rest_framework_simplejwt/serializers.py", line 116, in validate
    user := get_user_model().objects.get(
            ^^^^^^^^^^^^^^^^^^^^^^^^^^^^^
  File "/usr/local/lib/python3.11/site-packages/django/db/models/manager.py", line 87, in manager_method
    return getattr(self.get_queryset(), name)(*args, **kwargs)
           ^^^^^^^^^^^^^^^^^^^^^^^^^^^^^^^^^^^^^^^^^^^^^^^^^^^
  File "/usr/local/lib/python3.11/site-packages/django/db/models/query.py", line 635, in get
    raise self.model.DoesNotExist(
main.models.user.User.DoesNotExist: User matching query does not exist.
ERROR 2026-04-08 22:11:01,617 log 7 129584890619584 Internal Server Error: /api/v1/authentication/refresh/
Traceback (most recent call last):
  File "/usr/local/lib/python3.11/site-packages/asgiref/sync.py", line 557, in thread_handler
    raise exc_info[1]
  File "/usr/local/lib/python3.11/site-packages/django/core/handlers/exception.py", line 42, in inner
    response = await get_response(request)
               ^^^^^^^^^^^^^^^^^^^^^^^^^^^
  File "/usr/local/lib/python3.11/site-packages/asgiref/sync.py", line 557, in thread_handler
    raise exc_info[1]
  File "/usr/local/lib/python3.11/site-packages/django/core/handlers/base.py", line 253, in _get_response_async
    response = await wrapped_callback(
               ^^^^^^^^^^^^^^^^^^^^^^^
  File "/usr/local/lib/python3.11/site-packages/asgiref/sync.py", line 506, in __call__
    ret = await asyncio.shield(exec_coro)
          ^^^^^^^^^^^^^^^^^^^^^^^^^^^^^^^
  File "/usr/local/lib/python3.11/concurrent/futures/thread.py", line 58, in run
    result = self.fn(*self.args, **self.kwargs)
             ^^^^^^^^^^^^^^^^^^^^^^^^^^^^^^^^^^
  File "/usr/local/lib/python3.11/site-packages/asgiref/sync.py", line 561, in thread_handler
    return func(*args, **kwargs)
           ^^^^^^^^^^^^^^^^^^^^^
  File "/usr/local/lib/python3.11/site-packages/django/views/decorators/csrf.py", line 65, in _view_wrapper
    return view_func(request, *args, **kwargs)
           ^^^^^^^^^^^^^^^^^^^^^^^^^^^^^^^^^^^
  File "/usr/local/lib/python3.11/site-packages/django/views/generic/base.py", line 105, in view
    return self.dispatch(request, *args, **kwargs)
           ^^^^^^^^^^^^^^^^^^^^^^^^^^^^^^^^^^^^^^^
  File "/usr/local/lib/python3.11/site-packages/rest_framework/views.py", line 515, in dispatch
    response = self.handle_exception(exc)
               ^^^^^^^^^^^^^^^^^^^^^^^^^^
  File "/usr/local/lib/python3.11/site-packages/rest_framework/views.py", line 475, in handle_exception
    self.raise_uncaught_exception(exc)
  File "/usr/local/lib/python3.11/site-packages/rest_framework/views.py", line 486, in raise_uncaught_exception
    raise exc
  File "/usr/local/lib/python3.11/site-packages/rest_framework/views.py", line 512, in dispatch
    response = handler(request, *args, **kwargs)
               ^^^^^^^^^^^^^^^^^^^^^^^^^^^^^^^^^
  File "/usr/local/lib/python3.11/site-packages/rest_framework_simplejwt/views.py", line 46, in post
    serializer.is_valid(raise_exception=True)
  File "/usr/local/lib/python3.11/site-packages/rest_framework/serializers.py", line 225, in is_valid
    self._validated_data = self.run_validation(self.initial_data)
                           ^^^^^^^^^^^^^^^^^^^^^^^^^^^^^^^^^^^^^^
  File "/usr/local/lib/python3.11/site-packages/rest_framework/serializers.py", line 459, in run_validation
    value = self.validate(value)
            ^^^^^^^^^^^^^^^^^^^^
  File "/usr/local/lib/python3.11/site-packages/rest_framework_simplejwt/serializers.py", line 116, in validate
    user := get_user_model().objects.get(
            ^^^^^^^^^^^^^^^^^^^^^^^^^^^^^
  File "/usr/local/lib/python3.11/site-packages/django/db/models/manager.py", line 87, in manager_method
    return getattr(self.get_queryset(), name)(*args, **kwargs)
           ^^^^^^^^^^^^^^^^^^^^^^^^^^^^^^^^^^^^^^^^^^^^^^^^^^^
  File "/usr/local/lib/python3.11/site-packages/django/db/models/query.py", line 635, in get
    raise self.model.DoesNotExist(
main.models.user.User.DoesNotExist: User matching query does not exist.
ERROR 2026-04-08 22:11:01,689 runserver 7 129585022760640 HTTP POST /api/v1/authentication/refresh/ 500 [0.46, 172.18.0.11:40662]
ERROR 2026-04-08 22:11:01,698 runserver 7 129585022760640 HTTP POST /api/v1/authentication/refresh/ 500 [0.46, 172.18.0.11:40678]
ERROR 2026-04-08 22:11:01,701 runserver 7 129585022760640 HTTP POST /api/v1/authentication/refresh/ 500 [0.47, 172.18.0.11:40674]
ERROR 2026-04-08 22:11:01,707 runserver 7 129585022760640 HTTP POST /api/v1/authentication/refresh/ 500 [0.47, 172.18.0.11:40692]
ERROR 2026-04-08 22:11:01,709 runserver 7 129585022760640 HTTP POST /api/v1/authentication/refresh/ 500 [0.48, 172.18.0.11:40670]
ERROR 2026-04-08 22:11:17,190 log 7 129584397809344 Internal Server Error: /api/v1/authentication/refresh/
Traceback (most recent call last):
  File "/usr/local/lib/python3.11/site-packages/asgiref/sync.py", line 557, in thread_handler
    raise exc_info[1]
  File "/usr/local/lib/python3.11/site-packages/django/core/handlers/exception.py", line 42, in inner
    response = await get_response(request)
               ^^^^^^^^^^^^^^^^^^^^^^^^^^^
  File "/usr/local/lib/python3.11/site-packages/asgiref/sync.py", line 557, in thread_handler
    raise exc_info[1]
  File "/usr/local/lib/python3.11/site-packages/django/core/handlers/base.py", line 253, in _get_response_async
    response = await wrapped_callback(
               ^^^^^^^^^^^^^^^^^^^^^^^
  File "/usr/local/lib/python3.11/site-packages/asgiref/sync.py", line 506, in __call__
    ret = await asyncio.shield(exec_coro)
          ^^^^^^^^^^^^^^^^^^^^^^^^^^^^^^^
  File "/usr/local/lib/python3.11/concurrent/futures/thread.py", line 58, in run
    result = self.fn(*self.args, **self.kwargs)
             ^^^^^^^^^^^^^^^^^^^^^^^^^^^^^^^^^^
  File "/usr/local/lib/python3.11/site-packages/asgiref/sync.py", line 561, in thread_handler
    return func(*args, **kwargs)
           ^^^^^^^^^^^^^^^^^^^^^
  File "/usr/local/lib/python3.11/site-packages/django/views/decorators/csrf.py", line 65, in _view_wrapper
    return view_func(request, *args, **kwargs)
           ^^^^^^^^^^^^^^^^^^^^^^^^^^^^^^^^^^^
  File "/usr/local/lib/python3.11/site-packages/django/views/generic/base.py", line 105, in view
    return self.dispatch(request, *args, **kwargs)
           ^^^^^^^^^^^^^^^^^^^^^^^^^^^^^^^^^^^^^^^
  File "/usr/local/lib/python3.11/site-packages/rest_framework/views.py", line 515, in dispatch
    response = self.handle_exception(exc)
               ^^^^^^^^^^^^^^^^^^^^^^^^^^
  File "/usr/local/lib/python3.11/site-packages/rest_framework/views.py", line 475, in handle_exception
    self.raise_uncaught_exception(exc)
  File "/usr/local/lib/python3.11/site-packages/rest_framework/views.py", line 486, in raise_uncaught_exception
    raise exc
  File "/usr/local/lib/python3.11/site-packages/rest_framework/views.py", line 512, in dispatch
    response = handler(request, *args, **kwargs)
               ^^^^^^^^^^^^^^^^^^^^^^^^^^^^^^^^^
  File "/usr/local/lib/python3.11/site-packages/rest_framework_simplejwt/views.py", line 46, in post
    serializer.is_valid(raise_exception=True)
  File "/usr/local/lib/python3.11/site-packages/rest_framework/serializers.py", line 225, in is_valid
    self._validated_data = self.run_validation(self.initial_data)
                           ^^^^^^^^^^^^^^^^^^^^^^^^^^^^^^^^^^^^^^
  File "/usr/local/lib/python3.11/site-packages/rest_framework/serializers.py", line 459, in run_validation
    value = self.validate(value)
            ^^^^^^^^^^^^^^^^^^^^
  File "/usr/local/lib/python3.11/site-packages/rest_framework_simplejwt/serializers.py", line 116, in validate
    user := get_user_model().objects.get(
            ^^^^^^^^^^^^^^^^^^^^^^^^^^^^^
  File "/usr/local/lib/python3.11/site-packages/django/db/models/manager.py", line 87, in manager_method
    return getattr(self.get_queryset(), name)(*args, **kwargs)
           ^^^^^^^^^^^^^^^^^^^^^^^^^^^^^^^^^^^^^^^^^^^^^^^^^^^
  File "/usr/local/lib/python3.11/site-packages/django/db/models/query.py", line 635, in get
    raise self.model.DoesNotExist(
main.models.user.User.DoesNotExist: User matching query does not exist.
ERROR 2026-04-08 22:11:17,198 runserver 7 129585022760640 HTTP POST /api/v1/authentication/refresh/ 500 [0.03, 172.18.0.11:49696]
ERROR 2026-04-08 22:11:26,326 log 7 129584381023936 Internal Server Error: /api/v1/authentication/refresh/
Traceback (most recent call last):
  File "/usr/local/lib/python3.11/site-packages/asgiref/sync.py", line 557, in thread_handler
    raise exc_info[1]
  File "/usr/local/lib/python3.11/site-packages/django/core/handlers/exception.py", line 42, in inner
    response = await get_response(request)
               ^^^^^^^^^^^^^^^^^^^^^^^^^^^
  File "/usr/local/lib/python3.11/site-packages/asgiref/sync.py", line 557, in thread_handler
    raise exc_info[1]
  File "/usr/local/lib/python3.11/site-packages/django/core/handlers/base.py", line 253, in _get_response_async
    response = await wrapped_callback(
               ^^^^^^^^^^^^^^^^^^^^^^^
  File "/usr/local/lib/python3.11/site-packages/asgiref/sync.py", line 506, in __call__
    ret = await asyncio.shield(exec_coro)
          ^^^^^^^^^^^^^^^^^^^^^^^^^^^^^^^
  File "/usr/local/lib/python3.11/concurrent/futures/thread.py", line 58, in run
    result = self.fn(*self.args, **self.kwargs)
             ^^^^^^^^^^^^^^^^^^^^^^^^^^^^^^^^^^
  File "/usr/local/lib/python3.11/site-packages/asgiref/sync.py", line 561, in thread_handler
    return func(*args, **kwargs)
           ^^^^^^^^^^^^^^^^^^^^^
  File "/usr/local/lib/python3.11/site-packages/django/views/decorators/csrf.py", line 65, in _view_wrapper
    return view_func(request, *args, **kwargs)
           ^^^^^^^^^^^^^^^^^^^^^^^^^^^^^^^^^^^
  File "/usr/local/lib/python3.11/site-packages/django/views/generic/base.py", line 105, in view
    return self.dispatch(request, *args, **kwargs)
           ^^^^^^^^^^^^^^^^^^^^^^^^^^^^^^^^^^^^^^^
  File "/usr/local/lib/python3.11/site-packages/rest_framework/views.py", line 515, in dispatch
    response = self.handle_exception(exc)
               ^^^^^^^^^^^^^^^^^^^^^^^^^^
  File "/usr/local/lib/python3.11/site-packages/rest_framework/views.py", line 475, in handle_exception
    self.raise_uncaught_exception(exc)
  File "/usr/local/lib/python3.11/site-packages/rest_framework/views.py", line 486, in raise_uncaught_exception
    raise exc
  File "/usr/local/lib/python3.11/site-packages/rest_framework/views.py", line 512, in dispatch
    response = handler(request, *args, **kwargs)
               ^^^^^^^^^^^^^^^^^^^^^^^^^^^^^^^^^
  File "/usr/local/lib/python3.11/site-packages/rest_framework_simplejwt/views.py", line 46, in post
    serializer.is_valid(raise_exception=True)
  File "/usr/local/lib/python3.11/site-packages/rest_framework/serializers.py", line 225, in is_valid
    self._validated_data = self.run_validation(self.initial_data)
                           ^^^^^^^^^^^^^^^^^^^^^^^^^^^^^^^^^^^^^^
  File "/usr/local/lib/python3.11/site-packages/rest_framework/serializers.py", line 459, in run_validation
    value = self.validate(value)
            ^^^^^^^^^^^^^^^^^^^^
  File "/usr/local/lib/python3.11/site-packages/rest_framework_simplejwt/serializers.py", line 116, in validate
    user := get_user_model().objects.get(
            ^^^^^^^^^^^^^^^^^^^^^^^^^^^^^
  File "/usr/local/lib/python3.11/site-packages/django/db/models/manager.py", line 87, in manager_method
    return getattr(self.get_queryset(), name)(*args, **kwargs)
           ^^^^^^^^^^^^^^^^^^^^^^^^^^^^^^^^^^^^^^^^^^^^^^^^^^^
  File "/usr/local/lib/python3.11/site-packages/django/db/models/query.py", line 635, in get
    raise self.model.DoesNotExist(
main.models.user.User.DoesNotExist: User matching query does not exist.
ERROR 2026-04-08 22:11:26,341 runserver 7 129585022760640 HTTP POST /api/v1/authentication/refresh/ 500 [0.05, 172.18.0.11:36594]
ERROR 2026-04-08 22:11:26,411 log 7 129584397809344 Internal Server Error: /api/v1/authentication/refresh/
Traceback (most recent call last):
  File "/usr/local/lib/python3.11/site-packages/asgiref/sync.py", line 557, in thread_handler
    raise exc_info[1]
  File "/usr/local/lib/python3.11/site-packages/django/core/handlers/exception.py", line 42, in inner
    response = await get_response(request)
               ^^^^^^^^^^^^^^^^^^^^^^^^^^^
  File "/usr/local/lib/python3.11/site-packages/asgiref/sync.py", line 557, in thread_handler
    raise exc_info[1]
  File "/usr/local/lib/python3.11/site-packages/django/core/handlers/base.py", line 253, in _get_response_async
    response = await wrapped_callback(
               ^^^^^^^^^^^^^^^^^^^^^^^
  File "/usr/local/lib/python3.11/site-packages/asgiref/sync.py", line 506, in __call__
    ret = await asyncio.shield(exec_coro)
          ^^^^^^^^^^^^^^^^^^^^^^^^^^^^^^^
  File "/usr/local/lib/python3.11/concurrent/futures/thread.py", line 58, in run
    result = self.fn(*self.args, **self.kwargs)
             ^^^^^^^^^^^^^^^^^^^^^^^^^^^^^^^^^^
  File "/usr/local/lib/python3.11/site-packages/asgiref/sync.py", line 561, in thread_handler
    return func(*args, **kwargs)
           ^^^^^^^^^^^^^^^^^^^^^
  File "/usr/local/lib/python3.11/site-packages/django/views/decorators/csrf.py", line 65, in _view_wrapper
    return view_func(request, *args, **kwargs)
           ^^^^^^^^^^^^^^^^^^^^^^^^^^^^^^^^^^^
  File "/usr/local/lib/python3.11/site-packages/django/views/generic/base.py", line 105, in view
    return self.dispatch(request, *args, **kwargs)
           ^^^^^^^^^^^^^^^^^^^^^^^^^^^^^^^^^^^^^^^
  File "/usr/local/lib/python3.11/site-packages/rest_framework/views.py", line 515, in dispatch
    response = self.handle_exception(exc)
               ^^^^^^^^^^^^^^^^^^^^^^^^^^
  File "/usr/local/lib/python3.11/site-packages/rest_framework/views.py", line 475, in handle_exception
    self.raise_uncaught_exception(exc)
  File "/usr/local/lib/python3.11/site-packages/rest_framework/views.py", line 486, in raise_uncaught_exception
    raise exc
  File "/usr/local/lib/python3.11/site-packages/rest_framework/views.py", line 512, in dispatch
    response = handler(request, *args, **kwargs)
               ^^^^^^^^^^^^^^^^^^^^^^^^^^^^^^^^^
  File "/usr/local/lib/python3.11/site-packages/rest_framework_simplejwt/views.py", line 46, in post
    serializer.is_valid(raise_exception=True)
  File "/usr/local/lib/python3.11/site-packages/rest_framework/serializers.py", line 225, in is_valid
    self._validated_data = self.run_validation(self.initial_data)
                           ^^^^^^^^^^^^^^^^^^^^^^^^^^^^^^^^^^^^^^
  File "/usr/local/lib/python3.11/site-packages/rest_framework/serializers.py", line 459, in run_validation
    value = self.validate(value)
            ^^^^^^^^^^^^^^^^^^^^
  File "/usr/local/lib/python3.11/site-packages/rest_framework_simplejwt/serializers.py", line 116, in validate
    user := get_user_model().objects.get(
            ^^^^^^^^^^^^^^^^^^^^^^^^^^^^^
  File "/usr/local/lib/python3.11/site-packages/django/db/models/manager.py", line 87, in manager_method
    return getattr(self.get_queryset(), name)(*args, **kwargs)
           ^^^^^^^^^^^^^^^^^^^^^^^^^^^^^^^^^^^^^^^^^^^^^^^^^^^
  File "/usr/local/lib/python3.11/site-packages/django/db/models/query.py", line 635, in get
    raise self.model.DoesNotExist(
main.models.user.User.DoesNotExist: User matching query does not exist.
ERROR 2026-04-08 22:11:26,418 runserver 7 129585022760640 HTTP POST /api/v1/authentication/refresh/ 500 [0.05, 172.18.0.11:36606]
ERROR 2026-04-08 22:50:07,269 log 7 126032518571712 Invalid HTTP_HOST header: 'client_staging_server:8000'. The domain name provided is not valid according to RFC 1034/1035.
Traceback (most recent call last):
  File "/usr/local/lib/python3.11/site-packages/asgiref/sync.py", line 557, in thread_handler
    raise exc_info[1]
  File "/usr/local/lib/python3.11/site-packages/django/core/handlers/exception.py", line 42, in inner
    response = await get_response(request)
               ^^^^^^^^^^^^^^^^^^^^^^^^^^^
  File "/usr/local/lib/python3.11/site-packages/django/utils/deprecation.py", line 132, in __acall__
    response = await sync_to_async(
               ^^^^^^^^^^^^^^^^^^^^
  File "/usr/local/lib/python3.11/site-packages/asgiref/sync.py", line 506, in __call__
    ret = await asyncio.shield(exec_coro)
          ^^^^^^^^^^^^^^^^^^^^^^^^^^^^^^^
  File "/usr/local/lib/python3.11/concurrent/futures/thread.py", line 58, in run
    result = self.fn(*self.args, **self.kwargs)
             ^^^^^^^^^^^^^^^^^^^^^^^^^^^^^^^^^^
  File "/usr/local/lib/python3.11/site-packages/asgiref/sync.py", line 561, in thread_handler
    return func(*args, **kwargs)
           ^^^^^^^^^^^^^^^^^^^^^
  File "/usr/local/lib/python3.11/site-packages/django/middleware/common.py", line 48, in process_request
    host = request.get_host()
           ^^^^^^^^^^^^^^^^^^
  File "/usr/local/lib/python3.11/site-packages/django/http/request.py", line 203, in get_host
    raise DisallowedHost(msg)
django.core.exceptions.DisallowedHost: Invalid HTTP_HOST header: 'client_staging_server:8000'. The domain name provided is not valid according to RFC 1034/1035.
ERROR 2026-04-08 22:50:07,282 log 7 126032501786304 Invalid HTTP_HOST header: 'client_staging_server:8000'. The domain name provided is not valid according to RFC 1034/1035.
Traceback (most recent call last):
  File "/usr/local/lib/python3.11/site-packages/asgiref/sync.py", line 557, in thread_handler
    raise exc_info[1]
  File "/usr/local/lib/python3.11/site-packages/django/core/handlers/exception.py", line 42, in inner
    response = await get_response(request)
               ^^^^^^^^^^^^^^^^^^^^^^^^^^^
  File "/usr/local/lib/python3.11/site-packages/django/utils/deprecation.py", line 132, in __acall__
    response = await sync_to_async(
               ^^^^^^^^^^^^^^^^^^^^
  File "/usr/local/lib/python3.11/site-packages/asgiref/sync.py", line 506, in __call__
    ret = await asyncio.shield(exec_coro)
          ^^^^^^^^^^^^^^^^^^^^^^^^^^^^^^^
  File "/usr/local/lib/python3.11/concurrent/futures/thread.py", line 58, in run
    result = self.fn(*self.args, **self.kwargs)
             ^^^^^^^^^^^^^^^^^^^^^^^^^^^^^^^^^^
  File "/usr/local/lib/python3.11/site-packages/asgiref/sync.py", line 561, in thread_handler
    return func(*args, **kwargs)
           ^^^^^^^^^^^^^^^^^^^^^
  File "/usr/local/lib/python3.11/site-packages/django/middleware/common.py", line 48, in process_request
    host = request.get_host()
           ^^^^^^^^^^^^^^^^^^
  File "/usr/local/lib/python3.11/site-packages/django/http/request.py", line 203, in get_host
    raise DisallowedHost(msg)
django.core.exceptions.DisallowedHost: Invalid HTTP_HOST header: 'client_staging_server:8000'. The domain name provided is not valid according to RFC 1034/1035.
ERROR 2026-04-08 22:50:07,292 log 7 126032510179008 Invalid HTTP_HOST header: 'client_staging_server:8000'. The domain name provided is not valid according to RFC 1034/1035.
Traceback (most recent call last):
  File "/usr/local/lib/python3.11/site-packages/asgiref/sync.py", line 557, in thread_handler
    raise exc_info[1]
  File "/usr/local/lib/python3.11/site-packages/django/core/handlers/exception.py", line 42, in inner
    response = await get_response(request)
               ^^^^^^^^^^^^^^^^^^^^^^^^^^^
  File "/usr/local/lib/python3.11/site-packages/django/utils/deprecation.py", line 132, in __acall__
    response = await sync_to_async(
               ^^^^^^^^^^^^^^^^^^^^
  File "/usr/local/lib/python3.11/site-packages/asgiref/sync.py", line 506, in __call__
    ret = await asyncio.shield(exec_coro)
          ^^^^^^^^^^^^^^^^^^^^^^^^^^^^^^^
  File "/usr/local/lib/python3.11/concurrent/futures/thread.py", line 58, in run
    result = self.fn(*self.args, **self.kwargs)
             ^^^^^^^^^^^^^^^^^^^^^^^^^^^^^^^^^^
  File "/usr/local/lib/python3.11/site-packages/asgiref/sync.py", line 561, in thread_handler
    return func(*args, **kwargs)
           ^^^^^^^^^^^^^^^^^^^^^
  File "/usr/local/lib/python3.11/site-packages/django/middleware/common.py", line 48, in process_request
    host = request.get_host()
           ^^^^^^^^^^^^^^^^^^
  File "/usr/local/lib/python3.11/site-packages/django/http/request.py", line 203, in get_host
    raise DisallowedHost(msg)
django.core.exceptions.DisallowedHost: Invalid HTTP_HOST header: 'client_staging_server:8000'. The domain name provided is not valid according to RFC 1034/1035.
ERROR 2026-04-08 22:55:11,619 log 7 126032510179008 Invalid HTTP_HOST header: 'client_staging_server:8000'. The domain name provided is not valid according to RFC 1034/1035.
Traceback (most recent call last):
  File "/usr/local/lib/python3.11/site-packages/asgiref/sync.py", line 557, in thread_handler
    raise exc_info[1]
  File "/usr/local/lib/python3.11/site-packages/django/core/handlers/exception.py", line 42, in inner
    response = await get_response(request)
               ^^^^^^^^^^^^^^^^^^^^^^^^^^^
  File "/usr/local/lib/python3.11/site-packages/django/utils/deprecation.py", line 132, in __acall__
    response = await sync_to_async(
               ^^^^^^^^^^^^^^^^^^^^
  File "/usr/local/lib/python3.11/site-packages/asgiref/sync.py", line 506, in __call__
    ret = await asyncio.shield(exec_coro)
          ^^^^^^^^^^^^^^^^^^^^^^^^^^^^^^^
  File "/usr/local/lib/python3.11/concurrent/futures/thread.py", line 58, in run
    result = self.fn(*self.args, **self.kwargs)
             ^^^^^^^^^^^^^^^^^^^^^^^^^^^^^^^^^^
  File "/usr/local/lib/python3.11/site-packages/asgiref/sync.py", line 561, in thread_handler
    return func(*args, **kwargs)
           ^^^^^^^^^^^^^^^^^^^^^
  File "/usr/local/lib/python3.11/site-packages/django/middleware/common.py", line 48, in process_request
    host = request.get_host()
           ^^^^^^^^^^^^^^^^^^
  File "/usr/local/lib/python3.11/site-packages/django/http/request.py", line 203, in get_host
    raise DisallowedHost(msg)
django.core.exceptions.DisallowedHost: Invalid HTTP_HOST header: 'client_staging_server:8000'. The domain name provided is not valid according to RFC 1034/1035.
ERROR 2026-04-08 22:55:11,753 log 7 126032510179008 Invalid HTTP_HOST header: 'client_staging_server:8000'. The domain name provided is not valid according to RFC 1034/1035.
Traceback (most recent call last):
  File "/usr/local/lib/python3.11/site-packages/asgiref/sync.py", line 557, in thread_handler
    raise exc_info[1]
  File "/usr/local/lib/python3.11/site-packages/django/core/handlers/exception.py", line 42, in inner
    response = await get_response(request)
               ^^^^^^^^^^^^^^^^^^^^^^^^^^^
  File "/usr/local/lib/python3.11/site-packages/django/utils/deprecation.py", line 132, in __acall__
    response = await sync_to_async(
               ^^^^^^^^^^^^^^^^^^^^
  File "/usr/local/lib/python3.11/site-packages/asgiref/sync.py", line 506, in __call__
    ret = await asyncio.shield(exec_coro)
          ^^^^^^^^^^^^^^^^^^^^^^^^^^^^^^^
  File "/usr/local/lib/python3.11/concurrent/futures/thread.py", line 58, in run
    result = self.fn(*self.args, **self.kwargs)
             ^^^^^^^^^^^^^^^^^^^^^^^^^^^^^^^^^^
  File "/usr/local/lib/python3.11/site-packages/asgiref/sync.py", line 561, in thread_handler
    return func(*args, **kwargs)
           ^^^^^^^^^^^^^^^^^^^^^
  File "/usr/local/lib/python3.11/site-packages/django/middleware/common.py", line 48, in process_request
    host = request.get_host()
           ^^^^^^^^^^^^^^^^^^
  File "/usr/local/lib/python3.11/site-packages/django/http/request.py", line 203, in get_host
    raise DisallowedHost(msg)
django.core.exceptions.DisallowedHost: Invalid HTTP_HOST header: 'client_staging_server:8000'. The domain name provided is not valid according to RFC 1034/1035.
ERROR 2026-04-08 22:55:11,757 log 7 126032501786304 Invalid HTTP_HOST header: 'client_staging_server:8000'. The domain name provided is not valid according to RFC 1034/1035.
Traceback (most recent call last):
  File "/usr/local/lib/python3.11/site-packages/asgiref/sync.py", line 557, in thread_handler
    raise exc_info[1]
  File "/usr/local/lib/python3.11/site-packages/django/core/handlers/exception.py", line 42, in inner
    response = await get_response(request)
               ^^^^^^^^^^^^^^^^^^^^^^^^^^^
  File "/usr/local/lib/python3.11/site-packages/django/utils/deprecation.py", line 132, in __acall__
    response = await sync_to_async(
               ^^^^^^^^^^^^^^^^^^^^
  File "/usr/local/lib/python3.11/site-packages/asgiref/sync.py", line 506, in __call__
    ret = await asyncio.shield(exec_coro)
          ^^^^^^^^^^^^^^^^^^^^^^^^^^^^^^^
  File "/usr/local/lib/python3.11/concurrent/futures/thread.py", line 58, in run
    result = self.fn(*self.args, **self.kwargs)
             ^^^^^^^^^^^^^^^^^^^^^^^^^^^^^^^^^^
  File "/usr/local/lib/python3.11/site-packages/asgiref/sync.py", line 561, in thread_handler
    return func(*args, **kwargs)
           ^^^^^^^^^^^^^^^^^^^^^
  File "/usr/local/lib/python3.11/site-packages/django/middleware/common.py", line 48, in process_request
    host = request.get_host()
           ^^^^^^^^^^^^^^^^^^
  File "/usr/local/lib/python3.11/site-packages/django/http/request.py", line 203, in get_host
    raise DisallowedHost(msg)
django.core.exceptions.DisallowedHost: Invalid HTTP_HOST header: 'client_staging_server:8000'. The domain name provided is not valid according to RFC 1034/1035.
ERROR 2026-04-08 22:59:03,406 log 7 126032518571712 Invalid HTTP_HOST header: 'client_staging_server:8000'. The domain name provided is not valid according to RFC 1034/1035.
Traceback (most recent call last):
  File "/usr/local/lib/python3.11/site-packages/asgiref/sync.py", line 557, in thread_handler
    raise exc_info[1]
  File "/usr/local/lib/python3.11/site-packages/django/core/handlers/exception.py", line 42, in inner
    response = await get_response(request)
               ^^^^^^^^^^^^^^^^^^^^^^^^^^^
  File "/usr/local/lib/python3.11/site-packages/django/utils/deprecation.py", line 132, in __acall__
    response = await sync_to_async(
               ^^^^^^^^^^^^^^^^^^^^
  File "/usr/local/lib/python3.11/site-packages/asgiref/sync.py", line 506, in __call__
    ret = await asyncio.shield(exec_coro)
          ^^^^^^^^^^^^^^^^^^^^^^^^^^^^^^^
  File "/usr/local/lib/python3.11/concurrent/futures/thread.py", line 58, in run
    result = self.fn(*self.args, **self.kwargs)
             ^^^^^^^^^^^^^^^^^^^^^^^^^^^^^^^^^^
  File "/usr/local/lib/python3.11/site-packages/asgiref/sync.py", line 561, in thread_handler
    return func(*args, **kwargs)
           ^^^^^^^^^^^^^^^^^^^^^
  File "/usr/local/lib/python3.11/site-packages/django/middleware/common.py", line 48, in process_request
    host = request.get_host()
           ^^^^^^^^^^^^^^^^^^
  File "/usr/local/lib/python3.11/site-packages/django/http/request.py", line 203, in get_host
    raise DisallowedHost(msg)
django.core.exceptions.DisallowedHost: Invalid HTTP_HOST header: 'client_staging_server:8000'. The domain name provided is not valid according to RFC 1034/1035.
ERROR 2026-04-10 02:20:27,959 log 77 139535023335104 Internal Server Error: /api/v1/payment/confirm_payment_intent/
ERROR 2026-04-10 02:20:27,963 runserver 77 139535122953920 HTTP POST /api/v1/payment/confirm_payment_intent/ 500 [0.40, 172.18.0.15:34704]
ERROR 2026-04-10 02:21:11,289 log 77 139535023335104 Internal Server Error: /api/v1/payment/confirm_payment_intent/
ERROR 2026-04-10 02:21:11,290 runserver 77 139535122953920 HTTP POST /api/v1/payment/confirm_payment_intent/ 500 [0.40, 172.18.0.15:49540]
ERROR 2026-04-10 02:21:52,968 log 77 139535023335104 Internal Server Error: /api/v1/payment/confirm_payment_intent/
ERROR 2026-04-10 02:21:52,970 runserver 77 139535122953920 HTTP POST /api/v1/payment/confirm_payment_intent/ 500 [0.37, 172.18.0.15:37842]
ERROR 2026-04-10 02:27:06,342 log 208 131370179352256 Internal Server Error: /api/v1/payment/stripe-webhook/
ERROR 2026-04-10 02:27:06,348 runserver 208 131370216060608 HTTP POST /api/v1/payment/stripe-webhook/ 500 [0.09, 172.18.0.15:44086]
ERROR 2026-04-10 02:27:06,378 log 208 131370179352256 Internal Server Error: /api/v1/payment/stripe-webhook/
ERROR 2026-04-10 02:27:06,388 runserver 208 131370216060608 HTTP POST /api/v1/payment/stripe-webhook/ 500 [0.07, 172.18.0.15:44096]
ERROR 2026-04-10 02:27:06,453 log 208 131370179352256 Internal Server Error: /api/v1/payment/stripe-webhook/
ERROR 2026-04-10 02:27:06,456 runserver 208 131370216060608 HTTP POST /api/v1/payment/stripe-webhook/ 500 [0.06, 172.18.0.15:44098]
ERROR 2026-04-10 02:27:07,196 log 208 131370179352256 Internal Server Error: /api/v1/payment/stripe-webhook/
ERROR 2026-04-10 02:27:07,198 runserver 208 131370216060608 HTTP POST /api/v1/payment/stripe-webhook/ 500 [0.04, 172.18.0.15:44122]
ERROR 2026-04-10 02:30:30,218 log 7 134834642998976 Internal Server Error: /api/v1/payment/stripe-webhook/
ERROR 2026-04-10 02:30:30,220 runserver 7 134835288929984 HTTP POST /api/v1/payment/stripe-webhook/ 500 [0.04, 172.18.0.15:38838]
ERROR 2026-04-10 02:30:30,293 log 7 134835154691776 Internal Server Error: /api/v1/payment/stripe-webhook/
ERROR 2026-04-10 02:30:30,295 runserver 7 134835288929984 HTTP POST /api/v1/payment/stripe-webhook/ 500 [0.01, 172.18.0.15:38842]
ERROR 2026-04-10 02:30:30,989 log 7 134834659784384 Internal Server Error: /api/v1/payment/stripe-webhook/
ERROR 2026-04-10 02:30:30,992 runserver 7 134835288929984 HTTP POST /api/v1/payment/stripe-webhook/ 500 [0.01, 172.18.0.15:38860]
ERROR 2026-04-10 02:30:38,578 log 7 134834642998976 Internal Server Error: /api/v1/payment/stripe-webhook/
ERROR 2026-04-10 02:30:38,583 runserver 7 134835288929984 HTTP POST /api/v1/payment/stripe-webhook/ 500 [0.01, 172.18.0.15:40364]
ERROR 2026-04-10 02:30:38,616 log 7 134835154691776 Internal Server Error: /api/v1/payment/stripe-webhook/
ERROR 2026-04-10 02:30:38,618 runserver 7 134835288929984 HTTP POST /api/v1/payment/stripe-webhook/ 500 [0.03, 172.18.0.15:40376]
ERROR 2026-04-10 02:30:41,330 log 7 134834659784384 Internal Server Error: /api/v1/payment/stripe-webhook/
ERROR 2026-04-10 02:30:41,332 runserver 7 134835288929984 HTTP POST /api/v1/payment/stripe-webhook/ 500 [0.01, 172.18.0.15:40396]
ERROR 2026-04-10 12:33:28,766 log 45 130929586595520 Internal Server Error: /api/v1/payment/stripe-webhook/
ERROR 2026-04-10 12:33:28,768 runserver 45 130929687262912 HTTP POST /api/v1/payment/stripe-webhook/ 500 [0.04, 172.18.0.15:39762]
ERROR 2026-04-10 12:33:28,821 log 45 130929586595520 Internal Server Error: /api/v1/payment/stripe-webhook/
ERROR 2026-04-10 12:33:28,822 runserver 45 130929687262912 HTTP POST /api/v1/payment/stripe-webhook/ 500 [0.01, 172.18.0.15:39772]
ERROR 2026-04-10 12:33:29,195 log 45 130929586595520 Internal Server Error: /api/v1/payment/stripe-webhook/
ERROR 2026-04-10 12:33:29,199 runserver 45 130929687262912 HTTP POST /api/v1/payment/stripe-webhook/ 500 [0.01, 172.18.0.15:39776]
ERROR 2026-04-10 12:33:29,630 log 45 130929586595520 Internal Server Error: /api/v1/payment/stripe-webhook/
ERROR 2026-04-10 12:33:29,634 runserver 45 130929687262912 HTTP POST /api/v1/payment/stripe-webhook/ 500 [0.01, 172.18.0.15:47504]
ERROR 2026-04-10 12:33:38,730 log 45 130929586595520 Internal Server Error: /api/v1/payment/stripe-webhook/
ERROR 2026-04-10 12:33:38,734 runserver 45 130929687262912 HTTP POST /api/v1/payment/stripe-webhook/ 500 [0.02, 172.18.0.15:47514]
ERROR 2026-04-10 12:33:38,902 log 45 130929586595520 Internal Server Error: /api/v1/payment/stripe-webhook/
ERROR 2026-04-10 12:33:38,905 runserver 45 130929687262912 HTTP POST /api/v1/payment/stripe-webhook/ 500 [0.04, 172.18.0.15:47522]
ERROR 2026-04-10 12:33:41,575 log 45 130929586595520 Internal Server Error: /api/v1/payment/stripe-webhook/
ERROR 2026-04-10 12:33:41,577 runserver 45 130929687262912 HTTP POST /api/v1/payment/stripe-webhook/ 500 [0.01, 172.18.0.15:39408]
ERROR 2026-04-10 12:33:43,799 log 45 130929586595520 Internal Server Error: /api/v1/payment/stripe-webhook/
ERROR 2026-04-10 12:33:43,801 runserver 45 130929687262912 HTTP POST /api/v1/payment/stripe-webhook/ 500 [0.02, 172.18.0.15:39424]
ERROR 2026-04-10 12:33:43,832 log 45 130929586595520 Internal Server Error: /api/v1/payment/stripe-webhook/
ERROR 2026-04-10 12:33:43,835 runserver 45 130929687262912 HTTP POST /api/v1/payment/stripe-webhook/ 500 [0.02, 172.18.0.15:39426]
ERROR 2026-04-10 12:50:25,882 log 282 133509192611520 Internal Server Error: /api/v1/payment/stripe-webhook/
ERROR 2026-04-10 12:50:25,885 runserver 282 133509816514240 HTTP POST /api/v1/payment/stripe-webhook/ 500 [0.04, 172.18.0.15:56076]
ERROR 2026-04-10 12:50:25,942 log 282 133509678077632 Internal Server Error: /api/v1/payment/stripe-webhook/
ERROR 2026-04-10 12:50:25,943 runserver 282 133509816514240 HTTP POST /api/v1/payment/stripe-webhook/ 500 [0.01, 172.18.0.15:56082]
ERROR 2026-04-10 12:50:26,147 log 282 133509184218816 Internal Server Error: /api/v1/payment/stripe-webhook/
ERROR 2026-04-10 12:50:26,150 runserver 282 133509816514240 HTTP POST /api/v1/payment/stripe-webhook/ 500 [0.02, 172.18.0.15:56094]
ERROR 2026-04-10 12:50:26,743 log 282 133509686470336 Internal Server Error: /api/v1/payment/stripe-webhook/
ERROR 2026-04-10 12:50:26,746 runserver 282 133509816514240 HTTP POST /api/v1/payment/stripe-webhook/ 500 [0.01, 172.18.0.15:56114]
ERROR 2026-04-10 12:50:36,827 log 282 133509192611520 Internal Server Error: /api/v1/payment/stripe-webhook/
ERROR 2026-04-10 12:50:36,831 runserver 282 133509816514240 HTTP POST /api/v1/payment/stripe-webhook/ 500 [0.01, 172.18.0.15:45776]
ERROR 2026-04-10 12:50:36,986 log 282 133509678077632 Internal Server Error: /api/v1/payment/stripe-webhook/
ERROR 2026-04-10 12:50:36,989 runserver 282 133509816514240 HTTP POST /api/v1/payment/stripe-webhook/ 500 [0.03, 172.18.0.15:45782]
ERROR 2026-04-10 12:50:39,558 log 282 133509184218816 Internal Server Error: /api/v1/payment/stripe-webhook/
ERROR 2026-04-10 12:50:39,562 runserver 282 133509816514240 HTTP POST /api/v1/payment/stripe-webhook/ 500 [0.02, 172.18.0.15:45796]
ERROR 2026-04-10 13:13:51,957 log 282 133509192611520 Internal Server Error: /api/v1/payment/stripe-webhook/
ERROR 2026-04-10 13:13:51,959 runserver 282 133509816514240 HTTP POST /api/v1/payment/stripe-webhook/ 500 [0.01, 172.18.0.15:60938]
ERROR 2026-04-10 13:14:05,096 log 282 133509678077632 Internal Server Error: /api/v1/payment/stripe-webhook/
ERROR 2026-04-10 13:14:05,097 runserver 282 133509816514240 HTTP POST /api/v1/payment/stripe-webhook/ 500 [0.01, 172.18.0.15:33972]
ERROR 2026-04-10 13:14:05,234 log 282 133509167433408 Internal Server Error: /api/v1/payment/stripe-webhook/
ERROR 2026-04-10 13:14:05,236 runserver 282 133509816514240 HTTP POST /api/v1/payment/stripe-webhook/ 500 [0.01, 172.18.0.15:33986]
ERROR 2026-04-10 13:14:07,767 log 282 133509192611520 Internal Server Error: /api/v1/payment/stripe-webhook/
ERROR 2026-04-10 13:14:07,768 runserver 282 133509816514240 HTTP POST /api/v1/payment/stripe-webhook/ 500 [0.01, 172.18.0.15:34008]
ERROR 2026-04-10 13:20:27,604 log 7 140639468512960 Internal Server Error: /api/v1/payment/stripe-webhook/
ERROR 2026-04-10 13:20:27,606 runserver 7 140639496828608 HTTP POST /api/v1/payment/stripe-webhook/ 500 [0.10, 172.18.0.15:50688]
ERROR 2026-04-10 13:20:36,374 log 7 140639468512960 Internal Server Error: /api/v1/payment/stripe-webhook/
ERROR 2026-04-10 13:20:36,375 runserver 7 140639496828608 HTTP POST /api/v1/payment/stripe-webhook/ 500 [0.03, 172.18.0.15:55108]
ERROR 2026-04-10 13:20:36,549 log 7 140639468512960 Internal Server Error: /api/v1/payment/stripe-webhook/
ERROR 2026-04-10 13:20:36,550 runserver 7 140639496828608 HTTP POST /api/v1/payment/stripe-webhook/ 500 [0.03, 172.18.0.15:55122]
ERROR 2026-04-10 13:20:39,051 log 7 140639468512960 Internal Server Error: /api/v1/payment/stripe-webhook/
ERROR 2026-04-10 13:20:39,053 runserver 7 140639496828608 HTTP POST /api/v1/payment/stripe-webhook/ 500 [0.03, 172.18.0.15:56774]
ERROR 2026-04-30 20:35:00,159 log 7 137679782004416 Invalid HTTP_HOST header: '4c69-2a02-8084-c80-ea80-446e-e1c4-d0b9-f5d7.ngrok-free.app'. You may need to add '4c69-2a02-8084-c80-ea80-446e-e1c4-d0b9-f5d7.ngrok-free.app' to ALLOWED_HOSTS.
Traceback (most recent call last):
  File "/usr/local/lib/python3.11/site-packages/asgiref/sync.py", line 557, in thread_handler
    raise exc_info[1]
  File "/usr/local/lib/python3.11/site-packages/django/core/handlers/exception.py", line 42, in inner
    response = await get_response(request)
               ^^^^^^^^^^^^^^^^^^^^^^^^^^^
  File "/usr/local/lib/python3.11/site-packages/django/utils/deprecation.py", line 132, in __acall__
    response = await sync_to_async(
               ^^^^^^^^^^^^^^^^^^^^
  File "/usr/local/lib/python3.11/site-packages/asgiref/sync.py", line 506, in __call__
    ret = await asyncio.shield(exec_coro)
          ^^^^^^^^^^^^^^^^^^^^^^^^^^^^^^^
  File "/usr/local/lib/python3.11/concurrent/futures/thread.py", line 58, in run
    result = self.fn(*self.args, **self.kwargs)
             ^^^^^^^^^^^^^^^^^^^^^^^^^^^^^^^^^^
  File "/usr/local/lib/python3.11/site-packages/asgiref/sync.py", line 561, in thread_handler
    return func(*args, **kwargs)
           ^^^^^^^^^^^^^^^^^^^^^
  File "/usr/local/lib/python3.11/site-packages/django/middleware/common.py", line 48, in process_request
    host = request.get_host()
           ^^^^^^^^^^^^^^^^^^
  File "/usr/local/lib/python3.11/site-packages/django/http/request.py", line 203, in get_host
    raise DisallowedHost(msg)
django.core.exceptions.DisallowedHost: Invalid HTTP_HOST header: '4c69-2a02-8084-c80-ea80-446e-e1c4-d0b9-f5d7.ngrok-free.app'. You may need to add '4c69-2a02-8084-c80-ea80-446e-e1c4-d0b9-f5d7.ngrok-free.app' to ALLOWED_HOSTS.
ERROR 2026-04-30 20:35:00,169 log 7 137680289507008 Invalid HTTP_HOST header: '4c69-2a02-8084-c80-ea80-446e-e1c4-d0b9-f5d7.ngrok-free.app'. You may need to add '4c69-2a02-8084-c80-ea80-446e-e1c4-d0b9-f5d7.ngrok-free.app' to ALLOWED_HOSTS.
Traceback (most recent call last):
  File "/usr/local/lib/python3.11/site-packages/asgiref/sync.py", line 557, in thread_handler
    raise exc_info[1]
  File "/usr/local/lib/python3.11/site-packages/django/core/handlers/exception.py", line 42, in inner
    response = await get_response(request)
               ^^^^^^^^^^^^^^^^^^^^^^^^^^^
  File "/usr/local/lib/python3.11/site-packages/django/utils/deprecation.py", line 132, in __acall__
    response = await sync_to_async(
               ^^^^^^^^^^^^^^^^^^^^
  File "/usr/local/lib/python3.11/site-packages/asgiref/sync.py", line 506, in __call__
    ret = await asyncio.shield(exec_coro)
          ^^^^^^^^^^^^^^^^^^^^^^^^^^^^^^^
  File "/usr/local/lib/python3.11/concurrent/futures/thread.py", line 58, in run
    result = self.fn(*self.args, **self.kwargs)
             ^^^^^^^^^^^^^^^^^^^^^^^^^^^^^^^^^^
  File "/usr/local/lib/python3.11/site-packages/asgiref/sync.py", line 561, in thread_handler
    return func(*args, **kwargs)
           ^^^^^^^^^^^^^^^^^^^^^
  File "/usr/local/lib/python3.11/site-packages/django/middleware/common.py", line 48, in process_request
    host = request.get_host()
           ^^^^^^^^^^^^^^^^^^
  File "/usr/local/lib/python3.11/site-packages/django/http/request.py", line 203, in get_host
    raise DisallowedHost(msg)
django.core.exceptions.DisallowedHost: Invalid HTTP_HOST header: '4c69-2a02-8084-c80-ea80-446e-e1c4-d0b9-f5d7.ngrok-free.app'. You may need to add '4c69-2a02-8084-c80-ea80-446e-e1c4-d0b9-f5d7.ngrok-free.app' to ALLOWED_HOSTS.
ERROR 2026-04-30 20:35:00,172 log 7 137679790397120 Invalid HTTP_HOST header: '4c69-2a02-8084-c80-ea80-446e-e1c4-d0b9-f5d7.ngrok-free.app'. You may need to add '4c69-2a02-8084-c80-ea80-446e-e1c4-d0b9-f5d7.ngrok-free.app' to ALLOWED_HOSTS.
Traceback (most recent call last):
  File "/usr/local/lib/python3.11/site-packages/asgiref/sync.py", line 557, in thread_handler
    raise exc_info[1]
  File "/usr/local/lib/python3.11/site-packages/django/core/handlers/exception.py", line 42, in inner
    response = await get_response(request)
               ^^^^^^^^^^^^^^^^^^^^^^^^^^^
  File "/usr/local/lib/python3.11/site-packages/django/utils/deprecation.py", line 132, in __acall__
    response = await sync_to_async(
               ^^^^^^^^^^^^^^^^^^^^
  File "/usr/local/lib/python3.11/site-packages/asgiref/sync.py", line 506, in __call__
    ret = await asyncio.shield(exec_coro)
          ^^^^^^^^^^^^^^^^^^^^^^^^^^^^^^^
  File "/usr/local/lib/python3.11/concurrent/futures/thread.py", line 58, in run
    result = self.fn(*self.args, **self.kwargs)
             ^^^^^^^^^^^^^^^^^^^^^^^^^^^^^^^^^^
  File "/usr/local/lib/python3.11/site-packages/asgiref/sync.py", line 561, in thread_handler
    return func(*args, **kwargs)
           ^^^^^^^^^^^^^^^^^^^^^
  File "/usr/local/lib/python3.11/site-packages/django/middleware/common.py", line 48, in process_request
    host = request.get_host()
           ^^^^^^^^^^^^^^^^^^
  File "/usr/local/lib/python3.11/site-packages/django/http/request.py", line 203, in get_host
    raise DisallowedHost(msg)
django.core.exceptions.DisallowedHost: Invalid HTTP_HOST header: '4c69-2a02-8084-c80-ea80-446e-e1c4-d0b9-f5d7.ngrok-free.app'. You may need to add '4c69-2a02-8084-c80-ea80-446e-e1c4-d0b9-f5d7.ngrok-free.app' to ALLOWED_HOSTS.
ERROR 2026-04-30 20:35:00,172 log 7 137679807182528 Invalid HTTP_HOST header: '4c69-2a02-8084-c80-ea80-446e-e1c4-d0b9-f5d7.ngrok-free.app'. You may need to add '4c69-2a02-8084-c80-ea80-446e-e1c4-d0b9-f5d7.ngrok-free.app' to ALLOWED_HOSTS.
Traceback (most recent call last):
  File "/usr/local/lib/python3.11/site-packages/asgiref/sync.py", line 557, in thread_handler
    raise exc_info[1]
  File "/usr/local/lib/python3.11/site-packages/django/core/handlers/exception.py", line 42, in inner
    response = await get_response(request)
               ^^^^^^^^^^^^^^^^^^^^^^^^^^^
  File "/usr/local/lib/python3.11/site-packages/django/utils/deprecation.py", line 132, in __acall__
    response = await sync_to_async(
               ^^^^^^^^^^^^^^^^^^^^
  File "/usr/local/lib/python3.11/site-packages/asgiref/sync.py", line 506, in __call__
    ret = await asyncio.shield(exec_coro)
          ^^^^^^^^^^^^^^^^^^^^^^^^^^^^^^^
  File "/usr/local/lib/python3.11/concurrent/futures/thread.py", line 58, in run
    result = self.fn(*self.args, **self.kwargs)
             ^^^^^^^^^^^^^^^^^^^^^^^^^^^^^^^^^^
  File "/usr/local/lib/python3.11/site-packages/asgiref/sync.py", line 561, in thread_handler
    return func(*args, **kwargs)
           ^^^^^^^^^^^^^^^^^^^^^
  File "/usr/local/lib/python3.11/site-packages/django/middleware/common.py", line 48, in process_request
    host = request.get_host()
           ^^^^^^^^^^^^^^^^^^
  File "/usr/local/lib/python3.11/site-packages/django/http/request.py", line 203, in get_host
    raise DisallowedHost(msg)
django.core.exceptions.DisallowedHost: Invalid HTTP_HOST header: '4c69-2a02-8084-c80-ea80-446e-e1c4-d0b9-f5d7.ngrok-free.app'. You may need to add '4c69-2a02-8084-c80-ea80-446e-e1c4-d0b9-f5d7.ngrok-free.app' to ALLOWED_HOSTS.
ERROR 2026-04-30 20:35:00,178 log 7 137679798789824 Invalid HTTP_HOST header: '4c69-2a02-8084-c80-ea80-446e-e1c4-d0b9-f5d7.ngrok-free.app'. You may need to add '4c69-2a02-8084-c80-ea80-446e-e1c4-d0b9-f5d7.ngrok-free.app' to ALLOWED_HOSTS.
Traceback (most recent call last):
  File "/usr/local/lib/python3.11/site-packages/asgiref/sync.py", line 557, in thread_handler
    raise exc_info[1]
  File "/usr/local/lib/python3.11/site-packages/django/core/handlers/exception.py", line 42, in inner
    response = await get_response(request)
               ^^^^^^^^^^^^^^^^^^^^^^^^^^^
  File "/usr/local/lib/python3.11/site-packages/django/utils/deprecation.py", line 132, in __acall__
    response = await sync_to_async(
               ^^^^^^^^^^^^^^^^^^^^
  File "/usr/local/lib/python3.11/site-packages/asgiref/sync.py", line 506, in __call__
    ret = await asyncio.shield(exec_coro)
          ^^^^^^^^^^^^^^^^^^^^^^^^^^^^^^^
  File "/usr/local/lib/python3.11/concurrent/futures/thread.py", line 58, in run
    result = self.fn(*self.args, **self.kwargs)
             ^^^^^^^^^^^^^^^^^^^^^^^^^^^^^^^^^^
  File "/usr/local/lib/python3.11/site-packages/asgiref/sync.py", line 561, in thread_handler
    return func(*args, **kwargs)
           ^^^^^^^^^^^^^^^^^^^^^
  File "/usr/local/lib/python3.11/site-packages/django/middleware/common.py", line 48, in process_request
    host = request.get_host()
           ^^^^^^^^^^^^^^^^^^
  File "/usr/local/lib/python3.11/site-packages/django/http/request.py", line 203, in get_host
    raise DisallowedHost(msg)
django.core.exceptions.DisallowedHost: Invalid HTTP_HOST header: '4c69-2a02-8084-c80-ea80-446e-e1c4-d0b9-f5d7.ngrok-free.app'. You may need to add '4c69-2a02-8084-c80-ea80-446e-e1c4-d0b9-f5d7.ngrok-free.app' to ALLOWED_HOSTS.
ERROR 2026-04-30 20:35:00,542 log 7 137679807182528 Invalid HTTP_HOST header: '4c69-2a02-8084-c80-ea80-446e-e1c4-d0b9-f5d7.ngrok-free.app'. You may need to add '4c69-2a02-8084-c80-ea80-446e-e1c4-d0b9-f5d7.ngrok-free.app' to ALLOWED_HOSTS.
Traceback (most recent call last):
  File "/usr/local/lib/python3.11/site-packages/asgiref/sync.py", line 557, in thread_handler
    raise exc_info[1]
  File "/usr/local/lib/python3.11/site-packages/django/core/handlers/exception.py", line 42, in inner
    response = await get_response(request)
               ^^^^^^^^^^^^^^^^^^^^^^^^^^^
  File "/usr/local/lib/python3.11/site-packages/django/utils/deprecation.py", line 132, in __acall__
    response = await sync_to_async(
               ^^^^^^^^^^^^^^^^^^^^
  File "/usr/local/lib/python3.11/site-packages/asgiref/sync.py", line 506, in __call__
    ret = await asyncio.shield(exec_coro)
          ^^^^^^^^^^^^^^^^^^^^^^^^^^^^^^^
  File "/usr/local/lib/python3.11/concurrent/futures/thread.py", line 58, in run
    result = self.fn(*self.args, **self.kwargs)
             ^^^^^^^^^^^^^^^^^^^^^^^^^^^^^^^^^^
  File "/usr/local/lib/python3.11/site-packages/asgiref/sync.py", line 561, in thread_handler
    return func(*args, **kwargs)
           ^^^^^^^^^^^^^^^^^^^^^
  File "/usr/local/lib/python3.11/site-packages/django/middleware/common.py", line 48, in process_request
    host = request.get_host()
           ^^^^^^^^^^^^^^^^^^
  File "/usr/local/lib/python3.11/site-packages/django/http/request.py", line 203, in get_host
    raise DisallowedHost(msg)
django.core.exceptions.DisallowedHost: Invalid HTTP_HOST header: '4c69-2a02-8084-c80-ea80-446e-e1c4-d0b9-f5d7.ngrok-free.app'. You may need to add '4c69-2a02-8084-c80-ea80-446e-e1c4-d0b9-f5d7.ngrok-free.app' to ALLOWED_HOSTS.
ERROR 2026-04-30 20:35:00,610 log 7 137679790397120 Invalid HTTP_HOST header: '4c69-2a02-8084-c80-ea80-446e-e1c4-d0b9-f5d7.ngrok-free.app'. You may need to add '4c69-2a02-8084-c80-ea80-446e-e1c4-d0b9-f5d7.ngrok-free.app' to ALLOWED_HOSTS.
Traceback (most recent call last):
  File "/usr/local/lib/python3.11/site-packages/asgiref/sync.py", line 557, in thread_handler
    raise exc_info[1]
  File "/usr/local/lib/python3.11/site-packages/django/core/handlers/exception.py", line 42, in inner
    response = await get_response(request)
               ^^^^^^^^^^^^^^^^^^^^^^^^^^^
  File "/usr/local/lib/python3.11/site-packages/django/utils/deprecation.py", line 132, in __acall__
    response = await sync_to_async(
               ^^^^^^^^^^^^^^^^^^^^
  File "/usr/local/lib/python3.11/site-packages/asgiref/sync.py", line 506, in __call__
    ret = await asyncio.shield(exec_coro)
          ^^^^^^^^^^^^^^^^^^^^^^^^^^^^^^^
  File "/usr/local/lib/python3.11/concurrent/futures/thread.py", line 58, in run
    result = self.fn(*self.args, **self.kwargs)
             ^^^^^^^^^^^^^^^^^^^^^^^^^^^^^^^^^^
  File "/usr/local/lib/python3.11/site-packages/asgiref/sync.py", line 561, in thread_handler
    return func(*args, **kwargs)
           ^^^^^^^^^^^^^^^^^^^^^
  File "/usr/local/lib/python3.11/site-packages/django/middleware/common.py", line 48, in process_request
    host = request.get_host()
           ^^^^^^^^^^^^^^^^^^
  File "/usr/local/lib/python3.11/site-packages/django/http/request.py", line 203, in get_host
    raise DisallowedHost(msg)
django.core.exceptions.DisallowedHost: Invalid HTTP_HOST header: '4c69-2a02-8084-c80-ea80-446e-e1c4-d0b9-f5d7.ngrok-free.app'. You may need to add '4c69-2a02-8084-c80-ea80-446e-e1c4-d0b9-f5d7.ngrok-free.app' to ALLOWED_HOSTS.
ERROR 2026-04-30 20:35:09,886 log 7 137680289507008 Invalid HTTP_HOST header: '4c69-2a02-8084-c80-ea80-446e-e1c4-d0b9-f5d7.ngrok-free.app'. You may need to add '4c69-2a02-8084-c80-ea80-446e-e1c4-d0b9-f5d7.ngrok-free.app' to ALLOWED_HOSTS.
Traceback (most recent call last):
  File "/usr/local/lib/python3.11/site-packages/asgiref/sync.py", line 557, in thread_handler
    raise exc_info[1]
  File "/usr/local/lib/python3.11/site-packages/django/core/handlers/exception.py", line 42, in inner
    response = await get_response(request)
               ^^^^^^^^^^^^^^^^^^^^^^^^^^^
  File "/usr/local/lib/python3.11/site-packages/django/utils/deprecation.py", line 132, in __acall__
    response = await sync_to_async(
               ^^^^^^^^^^^^^^^^^^^^
  File "/usr/local/lib/python3.11/site-packages/asgiref/sync.py", line 506, in __call__
    ret = await asyncio.shield(exec_coro)
          ^^^^^^^^^^^^^^^^^^^^^^^^^^^^^^^
  File "/usr/local/lib/python3.11/concurrent/futures/thread.py", line 58, in run
    result = self.fn(*self.args, **self.kwargs)
             ^^^^^^^^^^^^^^^^^^^^^^^^^^^^^^^^^^
  File "/usr/local/lib/python3.11/site-packages/asgiref/sync.py", line 561, in thread_handler
    return func(*args, **kwargs)
           ^^^^^^^^^^^^^^^^^^^^^
  File "/usr/local/lib/python3.11/site-packages/django/middleware/common.py", line 48, in process_request
    host = request.get_host()
           ^^^^^^^^^^^^^^^^^^
  File "/usr/local/lib/python3.11/site-packages/django/http/request.py", line 203, in get_host
    raise DisallowedHost(msg)
django.core.exceptions.DisallowedHost: Invalid HTTP_HOST header: '4c69-2a02-8084-c80-ea80-446e-e1c4-d0b9-f5d7.ngrok-free.app'. You may need to add '4c69-2a02-8084-c80-ea80-446e-e1c4-d0b9-f5d7.ngrok-free.app' to ALLOWED_HOSTS.
ERROR 2026-04-30 20:35:11,202 log 7 137679807182528 Invalid HTTP_HOST header: '4c69-2a02-8084-c80-ea80-446e-e1c4-d0b9-f5d7.ngrok-free.app'. You may need to add '4c69-2a02-8084-c80-ea80-446e-e1c4-d0b9-f5d7.ngrok-free.app' to ALLOWED_HOSTS.
Traceback (most recent call last):
  File "/usr/local/lib/python3.11/site-packages/asgiref/sync.py", line 557, in thread_handler
    raise exc_info[1]
  File "/usr/local/lib/python3.11/site-packages/django/core/handlers/exception.py", line 42, in inner
    response = await get_response(request)
               ^^^^^^^^^^^^^^^^^^^^^^^^^^^
  File "/usr/local/lib/python3.11/site-packages/django/utils/deprecation.py", line 132, in __acall__
    response = await sync_to_async(
               ^^^^^^^^^^^^^^^^^^^^
  File "/usr/local/lib/python3.11/site-packages/asgiref/sync.py", line 506, in __call__
    ret = await asyncio.shield(exec_coro)
          ^^^^^^^^^^^^^^^^^^^^^^^^^^^^^^^
  File "/usr/local/lib/python3.11/concurrent/futures/thread.py", line 58, in run
    result = self.fn(*self.args, **self.kwargs)
             ^^^^^^^^^^^^^^^^^^^^^^^^^^^^^^^^^^
  File "/usr/local/lib/python3.11/site-packages/asgiref/sync.py", line 561, in thread_handler
    return func(*args, **kwargs)
           ^^^^^^^^^^^^^^^^^^^^^
  File "/usr/local/lib/python3.11/site-packages/django/middleware/common.py", line 48, in process_request
    host = request.get_host()
           ^^^^^^^^^^^^^^^^^^
  File "/usr/local/lib/python3.11/site-packages/django/http/request.py", line 203, in get_host
    raise DisallowedHost(msg)
django.core.exceptions.DisallowedHost: Invalid HTTP_HOST header: '4c69-2a02-8084-c80-ea80-446e-e1c4-d0b9-f5d7.ngrok-free.app'. You may need to add '4c69-2a02-8084-c80-ea80-446e-e1c4-d0b9-f5d7.ngrok-free.app' to ALLOWED_HOSTS.
ERROR 2026-04-30 20:35:11,702 log 7 137679790397120 Invalid HTTP_HOST header: '4c69-2a02-8084-c80-ea80-446e-e1c4-d0b9-f5d7.ngrok-free.app'. You may need to add '4c69-2a02-8084-c80-ea80-446e-e1c4-d0b9-f5d7.ngrok-free.app' to ALLOWED_HOSTS.
Traceback (most recent call last):
  File "/usr/local/lib/python3.11/site-packages/asgiref/sync.py", line 557, in thread_handler
    raise exc_info[1]
  File "/usr/local/lib/python3.11/site-packages/django/core/handlers/exception.py", line 42, in inner
    response = await get_response(request)
               ^^^^^^^^^^^^^^^^^^^^^^^^^^^
  File "/usr/local/lib/python3.11/site-packages/django/utils/deprecation.py", line 132, in __acall__
    response = await sync_to_async(
               ^^^^^^^^^^^^^^^^^^^^
  File "/usr/local/lib/python3.11/site-packages/asgiref/sync.py", line 506, in __call__
    ret = await asyncio.shield(exec_coro)
          ^^^^^^^^^^^^^^^^^^^^^^^^^^^^^^^
  File "/usr/local/lib/python3.11/concurrent/futures/thread.py", line 58, in run
    result = self.fn(*self.args, **self.kwargs)
             ^^^^^^^^^^^^^^^^^^^^^^^^^^^^^^^^^^
  File "/usr/local/lib/python3.11/site-packages/asgiref/sync.py", line 561, in thread_handler
    return func(*args, **kwargs)
           ^^^^^^^^^^^^^^^^^^^^^
  File "/usr/local/lib/python3.11/site-packages/django/middleware/common.py", line 48, in process_request
    host = request.get_host()
           ^^^^^^^^^^^^^^^^^^
  File "/usr/local/lib/python3.11/site-packages/django/http/request.py", line 203, in get_host
    raise DisallowedHost(msg)
django.core.exceptions.DisallowedHost: Invalid HTTP_HOST header: '4c69-2a02-8084-c80-ea80-446e-e1c4-d0b9-f5d7.ngrok-free.app'. You may need to add '4c69-2a02-8084-c80-ea80-446e-e1c4-d0b9-f5d7.ngrok-free.app' to ALLOWED_HOSTS.
ERROR 2026-04-30 20:45:46,002 log 7 139927269402304 Invalid HTTP_HOST header: '4c69-2a02-8084-c80-ea80-446e-e1c4-d0b9-f5d7.ngrok-free.app'. You may need to add '4c69-2a02-8084-c80-ea80-446e-e1c4-d0b9-f5d7.ngrok-free.app' to ALLOWED_HOSTS.
Traceback (most recent call last):
  File "/usr/local/lib/python3.11/site-packages/asgiref/sync.py", line 557, in thread_handler
    raise exc_info[1]
  File "/usr/local/lib/python3.11/site-packages/django/core/handlers/exception.py", line 42, in inner
    response = await get_response(request)
               ^^^^^^^^^^^^^^^^^^^^^^^^^^^
  File "/usr/local/lib/python3.11/site-packages/django/utils/deprecation.py", line 132, in __acall__
    response = await sync_to_async(
               ^^^^^^^^^^^^^^^^^^^^
  File "/usr/local/lib/python3.11/site-packages/asgiref/sync.py", line 506, in __call__
    ret = await asyncio.shield(exec_coro)
          ^^^^^^^^^^^^^^^^^^^^^^^^^^^^^^^
  File "/usr/local/lib/python3.11/concurrent/futures/thread.py", line 58, in run
    result = self.fn(*self.args, **self.kwargs)
             ^^^^^^^^^^^^^^^^^^^^^^^^^^^^^^^^^^
  File "/usr/local/lib/python3.11/site-packages/asgiref/sync.py", line 561, in thread_handler
    return func(*args, **kwargs)
           ^^^^^^^^^^^^^^^^^^^^^
  File "/usr/local/lib/python3.11/site-packages/django/middleware/common.py", line 48, in process_request
    host = request.get_host()
           ^^^^^^^^^^^^^^^^^^
  File "/usr/local/lib/python3.11/site-packages/django/http/request.py", line 203, in get_host
    raise DisallowedHost(msg)
django.core.exceptions.DisallowedHost: Invalid HTTP_HOST header: '4c69-2a02-8084-c80-ea80-446e-e1c4-d0b9-f5d7.ngrok-free.app'. You may need to add '4c69-2a02-8084-c80-ea80-446e-e1c4-d0b9-f5d7.ngrok-free.app' to ALLOWED_HOSTS.
ERROR 2026-04-30 20:49:07,001 log 7 136795197007552 Internal Server Error: /api/v1/dashboard/get_upcoming_appointments/
ERROR 2026-04-30 20:49:07,005 runserver 7 136795225323200 HTTP GET /api/v1/dashboard/get_upcoming_appointments/ 500 [0.09, 172.18.0.15:56298]
ERROR 2026-04-30 20:52:42,152 log 7 136795197007552 Internal Server Error: /api/v1/dashboard/get_upcoming_appointments/
ERROR 2026-04-30 20:52:42,157 runserver 7 136795225323200 HTTP GET /api/v1/dashboard/get_upcoming_appointments/ 500 [0.21, 172.18.0.15:56368]
ERROR 2026-04-30 20:52:46,857 log 7 136795197007552 Internal Server Error: /api/v1/dashboard/get_upcoming_appointments/
ERROR 2026-04-30 20:52:46,860 runserver 7 136795225323200 HTTP GET /api/v1/dashboard/get_upcoming_appointments/ 500 [0.11, 172.18.0.15:36202]
ERROR 2026-04-30 20:53:53,658 log 7 136795197007552 Internal Server Error: /api/v1/dashboard/get_upcoming_appointments/
ERROR 2026-04-30 20:53:53,660 runserver 7 136795225323200 HTTP GET /api/v1/dashboard/get_upcoming_appointments/ 500 [0.05, 172.18.0.15:33342]
ERROR 2026-04-30 20:55:03,352 log 7 136795197007552 Internal Server Error: /api/v1/dashboard/get_upcoming_appointments/
ERROR 2026-04-30 20:55:03,354 runserver 7 136795225323200 HTTP GET /api/v1/dashboard/get_upcoming_appointments/ 500 [0.04, 172.18.0.15:52840]
ERROR 2026-04-30 20:58:49,968 log 7 136795197007552 Internal Server Error: /api/v1/dashboard/get_upcoming_appointments/
ERROR 2026-04-30 20:58:49,973 runserver 7 136795225323200 HTTP GET /api/v1/dashboard/get_upcoming_appointments/ 500 [0.08, 172.18.0.15:38456]
ERROR 2026-04-30 20:58:55,704 log 7 136795197007552 Internal Server Error: /api/v1/dashboard/get_upcoming_appointments/
ERROR 2026-04-30 20:58:55,707 runserver 7 136795225323200 HTTP GET /api/v1/dashboard/get_upcoming_appointments/ 500 [0.07, 172.18.0.15:38452]
ERROR 2026-04-30 20:58:56,089 log 7 136795197007552 Internal Server Error: /api/v1/dashboard/get_upcoming_appointments/
ERROR 2026-04-30 20:58:56,092 runserver 7 136795225323200 HTTP GET /api/v1/dashboard/get_upcoming_appointments/ 500 [0.07, 172.18.0.15:38478]
ERROR 2026-04-30 20:58:56,682 log 7 136795197007552 Internal Server Error: /api/v1/dashboard/get_upcoming_appointments/
ERROR 2026-04-30 20:58:56,684 runserver 7 136795225323200 HTTP GET /api/v1/dashboard/get_upcoming_appointments/ 500 [0.07, 172.18.0.15:38494]
ERROR 2026-04-30 20:58:59,097 log 7 136795197007552 Internal Server Error: /api/v1/dashboard/get_upcoming_appointments/
ERROR 2026-04-30 20:58:59,102 runserver 7 136795225323200 HTTP GET /api/v1/dashboard/get_upcoming_appointments/ 500 [0.05, 172.18.0.15:38520]
ERROR 2026-04-30 20:58:59,749 log 7 136795197007552 Internal Server Error: /api/v1/dashboard/get_upcoming_appointments/
ERROR 2026-04-30 20:58:59,751 runserver 7 136795225323200 HTTP GET /api/v1/dashboard/get_upcoming_appointments/ 500 [0.06, 172.18.0.15:38534]
ERROR 2026-04-30 21:02:38,449 log 7 136795197007552 Internal Server Error: /api/v1/dashboard/get_upcoming_appointments/
ERROR 2026-04-30 21:02:38,451 runserver 7 136795225323200 HTTP GET /api/v1/dashboard/get_upcoming_appointments/ 500 [0.06, 172.18.0.15:55928]
ERROR 2026-04-30 21:02:39,114 log 7 136795197007552 Internal Server Error: /api/v1/dashboard/get_upcoming_appointments/
ERROR 2026-04-30 21:02:39,117 runserver 7 136795225323200 HTTP GET /api/v1/dashboard/get_upcoming_appointments/ 500 [0.08, 172.18.0.15:55944]
ERROR 2026-04-30 21:02:39,911 log 7 136795197007552 Internal Server Error: /api/v1/dashboard/get_upcoming_appointments/
ERROR 2026-04-30 21:02:39,914 runserver 7 136795225323200 HTTP GET /api/v1/dashboard/get_upcoming_appointments/ 500 [0.07, 172.18.0.15:55958]
ERROR 2026-04-30 21:02:42,820 log 7 136795197007552 Internal Server Error: /api/v1/dashboard/get_upcoming_appointments/
ERROR 2026-04-30 21:02:42,822 runserver 7 136795225323200 HTTP GET /api/v1/dashboard/get_upcoming_appointments/ 500 [0.07, 172.18.0.15:52716]
ERROR 2026-04-30 21:02:44,040 log 7 136795197007552 Internal Server Error: /api/v1/dashboard/get_upcoming_appointments/
ERROR 2026-04-30 21:02:44,042 runserver 7 136795225323200 HTTP GET /api/v1/dashboard/get_upcoming_appointments/ 500 [0.07, 172.18.0.15:52726]
ERROR 2026-04-30 21:02:49,765 log 7 136795197007552 Internal Server Error: /api/v1/dashboard/get_upcoming_appointments/
ERROR 2026-04-30 21:02:49,767 runserver 7 136795225323200 HTTP GET /api/v1/dashboard/get_upcoming_appointments/ 500 [0.05, 172.18.0.15:52740]
ERROR 2026-04-30 21:02:54,199 log 7 136795197007552 Internal Server Error: /api/v1/dashboard/get_upcoming_appointments/
ERROR 2026-04-30 21:02:54,201 runserver 7 136795225323200 HTTP GET /api/v1/dashboard/get_upcoming_appointments/ 500 [0.03, 172.18.0.15:44186]
ERROR 2026-04-30 21:04:27,401 log 7 136795197007552 Internal Server Error: /api/v1/dashboard/get_upcoming_appointments/
ERROR 2026-04-30 21:04:27,403 runserver 7 136795225323200 HTTP GET /api/v1/dashboard/get_upcoming_appointments/ 500 [0.06, 172.18.0.15:41094]
ERROR 2026-04-30 21:04:28,190 log 7 136795197007552 Internal Server Error: /api/v1/dashboard/get_upcoming_appointments/
ERROR 2026-04-30 21:04:28,192 runserver 7 136795225323200 HTTP GET /api/v1/dashboard/get_upcoming_appointments/ 500 [0.05, 172.18.0.15:41108]
ERROR 2026-04-30 21:04:52,049 log 7 136795197007552 Internal Server Error: /api/v1/dashboard/get_upcoming_appointments/
ERROR 2026-04-30 21:04:52,052 runserver 7 136795225323200 HTTP GET /api/v1/dashboard/get_upcoming_appointments/ 500 [0.05, 172.18.0.15:50000]
ERROR 2026-04-30 21:05:21,970 log 7 136795197007552 Internal Server Error: /api/v1/dashboard/get_upcoming_appointments/
ERROR 2026-04-30 21:05:21,971 runserver 7 136795225323200 HTTP GET /api/v1/dashboard/get_upcoming_appointments/ 500 [0.04, 172.18.0.15:37794]
ERROR 2026-04-30 21:07:27,206 log 7 136795197007552 Internal Server Error: /api/v1/dashboard/get_upcoming_appointments/
ERROR 2026-04-30 21:07:27,208 runserver 7 136795225323200 HTTP GET /api/v1/dashboard/get_upcoming_appointments/ 500 [0.04, 172.18.0.15:41224]
ERROR 2026-04-30 21:07:36,240 log 7 136795197007552 Internal Server Error: /api/v1/dashboard/get_upcoming_appointments/
ERROR 2026-04-30 21:07:36,243 runserver 7 136795225323200 HTTP GET /api/v1/dashboard/get_upcoming_appointments/ 500 [0.05, 172.18.0.15:50546]
ERROR 2026-04-30 21:09:13,494 log 7 136795197007552 Internal Server Error: /api/v1/dashboard/get_upcoming_appointments/
ERROR 2026-04-30 21:09:13,503 runserver 7 136795225323200 HTTP GET /api/v1/dashboard/get_upcoming_appointments/ 500 [0.06, 172.18.0.15:53880]
ERROR 2026-04-30 21:12:07,591 log 7 136795197007552 Internal Server Error: /api/v1/dashboard/get_upcoming_appointments/
ERROR 2026-04-30 21:12:07,595 runserver 7 136795225323200 HTTP GET /api/v1/dashboard/get_upcoming_appointments/ 500 [0.11, 172.18.0.15:35070]
ERROR 2026-04-30 21:47:16,978 log 356 140392077981376 Internal Server Error: /admin/main/b2csubcriptiontier/
Traceback (most recent call last):
  File "/usr/local/lib/python3.11/site-packages/django/db/backends/utils.py", line 105, in _execute
    return self.cursor.execute(sql, params)
           ^^^^^^^^^^^^^^^^^^^^^^^^^^^^^^^^
psycopg2.errors.UndefinedTable: relation "main_b2csubcriptiontier" does not exist
LINE 1: SELECT COUNT(*) AS "__count" FROM "main_b2csubcriptiontier"
                                          ^


The above exception was the direct cause of the following exception:

Traceback (most recent call last):
  File "/usr/local/lib/python3.11/site-packages/asgiref/sync.py", line 557, in thread_handler
    raise exc_info[1]
  File "/usr/local/lib/python3.11/site-packages/django/core/handlers/exception.py", line 42, in inner
    response = await get_response(request)
               ^^^^^^^^^^^^^^^^^^^^^^^^^^^
  File "/usr/local/lib/python3.11/site-packages/asgiref/sync.py", line 557, in thread_handler
    raise exc_info[1]
  File "/usr/local/lib/python3.11/site-packages/django/core/handlers/base.py", line 253, in _get_response_async
    response = await wrapped_callback(
               ^^^^^^^^^^^^^^^^^^^^^^^
  File "/usr/local/lib/python3.11/site-packages/asgiref/sync.py", line 506, in __call__
    ret = await asyncio.shield(exec_coro)
          ^^^^^^^^^^^^^^^^^^^^^^^^^^^^^^^
  File "/usr/local/lib/python3.11/concurrent/futures/thread.py", line 58, in run
    result = self.fn(*self.args, **self.kwargs)
             ^^^^^^^^^^^^^^^^^^^^^^^^^^^^^^^^^^
  File "/usr/local/lib/python3.11/site-packages/asgiref/sync.py", line 561, in thread_handler
    return func(*args, **kwargs)
           ^^^^^^^^^^^^^^^^^^^^^
  File "/usr/local/lib/python3.11/site-packages/django/contrib/admin/options.py", line 720, in wrapper
    return self.admin_site.admin_view(view)(*args, **kwargs)
           ^^^^^^^^^^^^^^^^^^^^^^^^^^^^^^^^^^^^^^^^^^^^^^^^^
  File "/usr/local/lib/python3.11/site-packages/django/utils/decorators.py", line 192, in _view_wrapper
    result = _process_exception(request, e)
             ^^^^^^^^^^^^^^^^^^^^^^^^^^^^^^
  File "/usr/local/lib/python3.11/site-packages/django/utils/decorators.py", line 190, in _view_wrapper
    response = view_func(request, *args, **kwargs)
               ^^^^^^^^^^^^^^^^^^^^^^^^^^^^^^^^^^^
  File "/usr/local/lib/python3.11/site-packages/django/views/decorators/cache.py", line 80, in _view_wrapper
    response = view_func(request, *args, **kwargs)
               ^^^^^^^^^^^^^^^^^^^^^^^^^^^^^^^^^^^
  File "/usr/local/lib/python3.11/site-packages/django/contrib/admin/sites.py", line 246, in inner
    return view(request, *args, **kwargs)
           ^^^^^^^^^^^^^^^^^^^^^^^^^^^^^^
  File "/usr/local/lib/python3.11/site-packages/django/utils/decorators.py", line 48, in _wrapper
    return bound_method(*args, **kwargs)
           ^^^^^^^^^^^^^^^^^^^^^^^^^^^^^
  File "/usr/local/lib/python3.11/site-packages/django/utils/decorators.py", line 192, in _view_wrapper
    result = _process_exception(request, e)
             ^^^^^^^^^^^^^^^^^^^^^^^^^^^^^^
  File "/usr/local/lib/python3.11/site-packages/django/utils/decorators.py", line 190, in _view_wrapper
    response = view_func(request, *args, **kwargs)
               ^^^^^^^^^^^^^^^^^^^^^^^^^^^^^^^^^^^
  File "/usr/local/lib/python3.11/site-packages/django/contrib/admin/options.py", line 2025, in changelist_view
    cl = self.get_changelist_instance(request)
         ^^^^^^^^^^^^^^^^^^^^^^^^^^^^^^^^^^^^^
  File "/usr/local/lib/python3.11/site-packages/django/contrib/admin/options.py", line 868, in get_changelist_instance
    return ChangeList(
           ^^^^^^^^^^^
  File "/usr/local/lib/python3.11/site-packages/django/contrib/admin/views/main.py", line 146, in __init__
    self.get_results(request)
  File "/usr/local/lib/python3.11/site-packages/django/contrib/admin/views/main.py", line 313, in get_results
    result_count = paginator.count
                   ^^^^^^^^^^^^^^^
  File "/usr/local/lib/python3.11/site-packages/django/utils/functional.py", line 47, in __get__
    res = instance.__dict__[self.name] = self.func(instance)
                                         ^^^^^^^^^^^^^^^^^^^
  File "/usr/local/lib/python3.11/site-packages/django/core/paginator.py", line 110, in count
    return c()
           ^^^
  File "/usr/local/lib/python3.11/site-packages/django/db/models/query.py", line 606, in count
    return self.query.get_count(using=self.db)
           ^^^^^^^^^^^^^^^^^^^^^^^^^^^^^^^^^^^
  File "/usr/local/lib/python3.11/site-packages/django/db/models/sql/query.py", line 646, in get_count
    return obj.get_aggregation(using, {"__count": Count("*")})["__count"]
           ^^^^^^^^^^^^^^^^^^^^^^^^^^^^^^^^^^^^^^^^^^^^^^^^^^^
  File "/usr/local/lib/python3.11/site-packages/django/db/models/sql/query.py", line 628, in get_aggregation
    result = compiler.execute_sql(SINGLE)
             ^^^^^^^^^^^^^^^^^^^^^^^^^^^^
  File "/usr/local/lib/python3.11/site-packages/django/db/models/sql/compiler.py", line 1623, in execute_sql
    cursor.execute(sql, params)
  File "/usr/local/lib/python3.11/site-packages/django/db/backends/utils.py", line 122, in execute
    return super().execute(sql, params)
           ^^^^^^^^^^^^^^^^^^^^^^^^^^^^
  File "/usr/local/lib/python3.11/site-packages/django/db/backends/utils.py", line 79, in execute
    return self._execute_with_wrappers(
           ^^^^^^^^^^^^^^^^^^^^^^^^^^^^
  File "/usr/local/lib/python3.11/site-packages/django/db/backends/utils.py", line 92, in _execute_with_wrappers
    return executor(sql, params, many, context)
           ^^^^^^^^^^^^^^^^^^^^^^^^^^^^^^^^^^^^
  File "/usr/local/lib/python3.11/site-packages/django/db/backends/utils.py", line 100, in _execute
    with self.db.wrap_database_errors:
  File "/usr/local/lib/python3.11/site-packages/django/db/utils.py", line 91, in __exit__
    raise dj_exc_value.with_traceback(traceback) from exc_value
  File "/usr/local/lib/python3.11/site-packages/django/db/backends/utils.py", line 105, in _execute
    return self.cursor.execute(sql, params)
           ^^^^^^^^^^^^^^^^^^^^^^^^^^^^^^^^
django.db.utils.ProgrammingError: relation "main_b2csubcriptiontier" does not exist
LINE 1: SELECT COUNT(*) AS "__count" FROM "main_b2csubcriptiontier"
                                          ^

ERROR 2026-04-30 21:47:16,988 runserver 356 140392178644672 HTTP GET /admin/main/b2csubcriptiontier/ 500 [0.09, 172.18.0.15:60738]
ERROR 2026-05-01 02:15:16,381 log 3188 123163541235392 Internal Server Error: /api/v1/dashboard/get_upcoming_appointments/
ERROR 2026-05-01 02:15:16,388 runserver 3188 123163637708480 HTTP GET /api/v1/dashboard/get_upcoming_appointments/ 500 [3.15, 172.18.0.15:43294]
ERROR 2026-05-01 02:17:01,924 log 3188 123163523401408 Internal Server Error: /api/v1/dashboard/get_upcoming_appointments/
ERROR 2026-05-01 02:17:01,926 runserver 3188 123163637708480 HTTP GET /api/v1/dashboard/get_upcoming_appointments/ 500 [3.26, 172.18.0.15:48846]
ERROR 2026-05-01 02:17:35,714 log 3188 123163541235392 Internal Server Error: /api/v1/dashboard/get_upcoming_appointments/
ERROR 2026-05-01 02:17:35,716 runserver 3188 123163637708480 HTTP GET /api/v1/dashboard/get_upcoming_appointments/ 500 [3.08, 172.18.0.15:58524]
ERROR 2026-05-01 02:17:40,832 log 3188 123163523401408 Internal Server Error: /api/v1/dashboard/get_upcoming_appointments/
ERROR 2026-05-01 02:17:40,834 runserver 3188 123163637708480 HTTP GET /api/v1/dashboard/get_upcoming_appointments/ 500 [3.22, 172.18.0.15:58544]
ERROR 2026-05-01 02:17:55,485 log 3188 123163541235392 Internal Server Error: /api/v1/dashboard/get_upcoming_appointments/
ERROR 2026-05-01 02:17:55,487 runserver 3188 123163637708480 HTTP GET /api/v1/dashboard/get_upcoming_appointments/ 500 [2.85, 172.18.0.15:33362]
ERROR 2026-05-01 03:41:00,972 log 7 132613346944704 Internal Server Error: /api/v1/support/customers/get_customers_list/
Traceback (most recent call last):
  File "/usr/local/lib/python3.11/site-packages/asgiref/sync.py", line 557, in thread_handler
    raise exc_info[1]
  File "/usr/local/lib/python3.11/site-packages/django/core/handlers/exception.py", line 42, in inner
    response = await get_response(request)
               ^^^^^^^^^^^^^^^^^^^^^^^^^^^
  File "/usr/local/lib/python3.11/site-packages/asgiref/sync.py", line 557, in thread_handler
    raise exc_info[1]
  File "/usr/local/lib/python3.11/site-packages/django/core/handlers/base.py", line 253, in _get_response_async
    response = await wrapped_callback(
               ^^^^^^^^^^^^^^^^^^^^^^^
  File "/usr/local/lib/python3.11/site-packages/asgiref/sync.py", line 506, in __call__
    ret = await asyncio.shield(exec_coro)
          ^^^^^^^^^^^^^^^^^^^^^^^^^^^^^^^
  File "/usr/local/lib/python3.11/concurrent/futures/thread.py", line 58, in run
    result = self.fn(*self.args, **self.kwargs)
             ^^^^^^^^^^^^^^^^^^^^^^^^^^^^^^^^^^
  File "/usr/local/lib/python3.11/site-packages/asgiref/sync.py", line 561, in thread_handler
    return func(*args, **kwargs)
           ^^^^^^^^^^^^^^^^^^^^^
  File "/usr/local/lib/python3.11/site-packages/django/views/decorators/csrf.py", line 65, in _view_wrapper
    return view_func(request, *args, **kwargs)
           ^^^^^^^^^^^^^^^^^^^^^^^^^^^^^^^^^^^
  File "/usr/local/lib/python3.11/site-packages/django/views/generic/base.py", line 105, in view
    return self.dispatch(request, *args, **kwargs)
           ^^^^^^^^^^^^^^^^^^^^^^^^^^^^^^^^^^^^^^^
  File "/usr/local/lib/python3.11/site-packages/rest_framework/views.py", line 515, in dispatch
    response = self.handle_exception(exc)
               ^^^^^^^^^^^^^^^^^^^^^^^^^^
  File "/usr/local/lib/python3.11/site-packages/rest_framework/views.py", line 475, in handle_exception
    self.raise_uncaught_exception(exc)
  File "/usr/local/lib/python3.11/site-packages/rest_framework/views.py", line 486, in raise_uncaught_exception
    raise exc
  File "/usr/local/lib/python3.11/site-packages/rest_framework/views.py", line 512, in dispatch
    response = handler(request, *args, **kwargs)
               ^^^^^^^^^^^^^^^^^^^^^^^^^^^^^^^^^
  File "/app/main/views/support/support_customers.py", line 783, in get
    return handler(request, **kwargs)
           ^^^^^^^^^^^^^^^^^^^^^^^^^^
  File "/app/main/views/support/support_customers.py", line 796, in _get_customers_list
    customers = [_serialize_b2c_list_item(u) for u in qs_list]
                ^^^^^^^^^^^^^^^^^^^^^^^^^^^^^^^^^^^^^^^^^^^^^^
  File "/app/main/views/support/support_customers.py", line 796, in <listcomp>
    customers = [_serialize_b2c_list_item(u) for u in qs_list]
                 ^^^^^^^^^^^^^^^^^^^^^^^^^^^
  File "/app/main/views/support/support_customers.py", line 400, in _serialize_b2c_list_item
    b2c_sub = _latest_b2c_subscription(user)
              ^^^^^^^^^^^^^^^^^^^^^^^^^^^^^^
  File "/app/main/views/support/support_customers.py", line 298, in _latest_b2c_subscription
    .order_by("-created_at")
     ^^^^^^^^^^^^^^^^^^^^^^^
  File "/usr/local/lib/python3.11/site-packages/django/db/models/query.py", line 1727, in order_by
    obj.query.add_ordering(*field_names)
  File "/usr/local/lib/python3.11/site-packages/django/db/models/sql/query.py", line 2312, in add_ordering
    self.names_to_path(item.split(LOOKUP_SEP), self.model._meta)
  File "/usr/local/lib/python3.11/site-packages/django/db/models/sql/query.py", line 1813, in names_to_path
    raise FieldError(
django.core.exceptions.FieldError: Cannot resolve keyword 'created_at' into field. Choices are: auto_renew, billing_records, cancellation_date, cancellation_reason, end_date, id, plan, plan_id, start_date, status, stripe_subscription_id, user, user_id
ERROR 2026-05-01 03:41:01,006 runserver 7 132613442369216 HTTP GET /api/v1/support/customers/get_customers_list/?segment=b2c 500 [0.32, 172.18.0.15:47528]
ERROR 2026-05-01 03:41:03,582 log 7 132613346944704 Internal Server Error: /api/v1/support/customers/get_customers_list/
Traceback (most recent call last):
  File "/usr/local/lib/python3.11/site-packages/asgiref/sync.py", line 557, in thread_handler
    raise exc_info[1]
  File "/usr/local/lib/python3.11/site-packages/django/core/handlers/exception.py", line 42, in inner
    response = await get_response(request)
               ^^^^^^^^^^^^^^^^^^^^^^^^^^^
  File "/usr/local/lib/python3.11/site-packages/asgiref/sync.py", line 557, in thread_handler
    raise exc_info[1]
  File "/usr/local/lib/python3.11/site-packages/django/core/handlers/base.py", line 253, in _get_response_async
    response = await wrapped_callback(
               ^^^^^^^^^^^^^^^^^^^^^^^
  File "/usr/local/lib/python3.11/site-packages/asgiref/sync.py", line 506, in __call__
    ret = await asyncio.shield(exec_coro)
          ^^^^^^^^^^^^^^^^^^^^^^^^^^^^^^^
  File "/usr/local/lib/python3.11/concurrent/futures/thread.py", line 58, in run
    result = self.fn(*self.args, **self.kwargs)
             ^^^^^^^^^^^^^^^^^^^^^^^^^^^^^^^^^^
  File "/usr/local/lib/python3.11/site-packages/asgiref/sync.py", line 561, in thread_handler
    return func(*args, **kwargs)
           ^^^^^^^^^^^^^^^^^^^^^
  File "/usr/local/lib/python3.11/site-packages/django/views/decorators/csrf.py", line 65, in _view_wrapper
    return view_func(request, *args, **kwargs)
           ^^^^^^^^^^^^^^^^^^^^^^^^^^^^^^^^^^^
  File "/usr/local/lib/python3.11/site-packages/django/views/generic/base.py", line 105, in view
    return self.dispatch(request, *args, **kwargs)
           ^^^^^^^^^^^^^^^^^^^^^^^^^^^^^^^^^^^^^^^
  File "/usr/local/lib/python3.11/site-packages/rest_framework/views.py", line 515, in dispatch
    response = self.handle_exception(exc)
               ^^^^^^^^^^^^^^^^^^^^^^^^^^
  File "/usr/local/lib/python3.11/site-packages/rest_framework/views.py", line 475, in handle_exception
    self.raise_uncaught_exception(exc)
  File "/usr/local/lib/python3.11/site-packages/rest_framework/views.py", line 486, in raise_uncaught_exception
    raise exc
  File "/usr/local/lib/python3.11/site-packages/rest_framework/views.py", line 512, in dispatch
    response = handler(request, *args, **kwargs)
               ^^^^^^^^^^^^^^^^^^^^^^^^^^^^^^^^^
  File "/app/main/views/support/support_customers.py", line 783, in get
    return handler(request, **kwargs)
           ^^^^^^^^^^^^^^^^^^^^^^^^^^
  File "/app/main/views/support/support_customers.py", line 796, in _get_customers_list
    customers = [_serialize_b2c_list_item(u) for u in qs_list]
                ^^^^^^^^^^^^^^^^^^^^^^^^^^^^^^^^^^^^^^^^^^^^^^
  File "/app/main/views/support/support_customers.py", line 796, in <listcomp>
    customers = [_serialize_b2c_list_item(u) for u in qs_list]
                 ^^^^^^^^^^^^^^^^^^^^^^^^^^^
  File "/app/main/views/support/support_customers.py", line 400, in _serialize_b2c_list_item
    b2c_sub = _latest_b2c_subscription(user)
              ^^^^^^^^^^^^^^^^^^^^^^^^^^^^^^
  File "/app/main/views/support/support_customers.py", line 298, in _latest_b2c_subscription
    .order_by("-created_at")
     ^^^^^^^^^^^^^^^^^^^^^^^
  File "/usr/local/lib/python3.11/site-packages/django/db/models/query.py", line 1727, in order_by
    obj.query.add_ordering(*field_names)
  File "/usr/local/lib/python3.11/site-packages/django/db/models/sql/query.py", line 2312, in add_ordering
    self.names_to_path(item.split(LOOKUP_SEP), self.model._meta)
  File "/usr/local/lib/python3.11/site-packages/django/db/models/sql/query.py", line 1813, in names_to_path
    raise FieldError(
django.core.exceptions.FieldError: Cannot resolve keyword 'created_at' into field. Choices are: auto_renew, billing_records, cancellation_date, cancellation_reason, end_date, id, plan, plan_id, start_date, status, stripe_subscription_id, user, user_id
ERROR 2026-05-01 03:41:03,595 runserver 7 132613442369216 HTTP GET /api/v1/support/customers/get_customers_list/?segment=b2c 500 [0.13, 172.18.0.15:47534]
ERROR 2026-05-01 03:41:08,399 log 7 132613346944704 Internal Server Error: /api/v1/support/customers/get_customers_list/
Traceback (most recent call last):
  File "/usr/local/lib/python3.11/site-packages/asgiref/sync.py", line 557, in thread_handler
    raise exc_info[1]
  File "/usr/local/lib/python3.11/site-packages/django/core/handlers/exception.py", line 42, in inner
    response = await get_response(request)
               ^^^^^^^^^^^^^^^^^^^^^^^^^^^
  File "/usr/local/lib/python3.11/site-packages/asgiref/sync.py", line 557, in thread_handler
    raise exc_info[1]
  File "/usr/local/lib/python3.11/site-packages/django/core/handlers/base.py", line 253, in _get_response_async
    response = await wrapped_callback(
               ^^^^^^^^^^^^^^^^^^^^^^^
  File "/usr/local/lib/python3.11/site-packages/asgiref/sync.py", line 506, in __call__
    ret = await asyncio.shield(exec_coro)
          ^^^^^^^^^^^^^^^^^^^^^^^^^^^^^^^
  File "/usr/local/lib/python3.11/concurrent/futures/thread.py", line 58, in run
    result = self.fn(*self.args, **self.kwargs)
             ^^^^^^^^^^^^^^^^^^^^^^^^^^^^^^^^^^
  File "/usr/local/lib/python3.11/site-packages/asgiref/sync.py", line 561, in thread_handler
    return func(*args, **kwargs)
           ^^^^^^^^^^^^^^^^^^^^^
  File "/usr/local/lib/python3.11/site-packages/django/views/decorators/csrf.py", line 65, in _view_wrapper
    return view_func(request, *args, **kwargs)
           ^^^^^^^^^^^^^^^^^^^^^^^^^^^^^^^^^^^
  File "/usr/local/lib/python3.11/site-packages/django/views/generic/base.py", line 105, in view
    return self.dispatch(request, *args, **kwargs)
           ^^^^^^^^^^^^^^^^^^^^^^^^^^^^^^^^^^^^^^^
  File "/usr/local/lib/python3.11/site-packages/rest_framework/views.py", line 515, in dispatch
    response = self.handle_exception(exc)
               ^^^^^^^^^^^^^^^^^^^^^^^^^^
  File "/usr/local/lib/python3.11/site-packages/rest_framework/views.py", line 475, in handle_exception
    self.raise_uncaught_exception(exc)
  File "/usr/local/lib/python3.11/site-packages/rest_framework/views.py", line 486, in raise_uncaught_exception
    raise exc
  File "/usr/local/lib/python3.11/site-packages/rest_framework/views.py", line 512, in dispatch
    response = handler(request, *args, **kwargs)
               ^^^^^^^^^^^^^^^^^^^^^^^^^^^^^^^^^
  File "/app/main/views/support/support_customers.py", line 783, in get
    return handler(request, **kwargs)
           ^^^^^^^^^^^^^^^^^^^^^^^^^^
  File "/app/main/views/support/support_customers.py", line 796, in _get_customers_list
    customers = [_serialize_b2c_list_item(u) for u in qs_list]
                ^^^^^^^^^^^^^^^^^^^^^^^^^^^^^^^^^^^^^^^^^^^^^^
  File "/app/main/views/support/support_customers.py", line 796, in <listcomp>
    customers = [_serialize_b2c_list_item(u) for u in qs_list]
                 ^^^^^^^^^^^^^^^^^^^^^^^^^^^
  File "/app/main/views/support/support_customers.py", line 400, in _serialize_b2c_list_item
    b2c_sub = _latest_b2c_subscription(user)
              ^^^^^^^^^^^^^^^^^^^^^^^^^^^^^^
  File "/app/main/views/support/support_customers.py", line 298, in _latest_b2c_subscription
    .order_by("-created_at")
     ^^^^^^^^^^^^^^^^^^^^^^^
  File "/usr/local/lib/python3.11/site-packages/django/db/models/query.py", line 1727, in order_by
    obj.query.add_ordering(*field_names)
  File "/usr/local/lib/python3.11/site-packages/django/db/models/sql/query.py", line 2312, in add_ordering
    self.names_to_path(item.split(LOOKUP_SEP), self.model._meta)
  File "/usr/local/lib/python3.11/site-packages/django/db/models/sql/query.py", line 1813, in names_to_path
    raise FieldError(
django.core.exceptions.FieldError: Cannot resolve keyword 'created_at' into field. Choices are: auto_renew, billing_records, cancellation_date, cancellation_reason, end_date, id, plan, plan_id, start_date, status, stripe_subscription_id, user, user_id
ERROR 2026-05-01 03:41:08,415 runserver 7 132613442369216 HTTP GET /api/v1/support/customers/get_customers_list/?segment=b2c 500 [0.12, 172.18.0.15:42164]
ERROR 2026-05-01 03:41:23,468 log 7 132613346944704 Internal Server Error: /api/v1/support/customers/get_customers_list/
Traceback (most recent call last):
  File "/usr/local/lib/python3.11/site-packages/asgiref/sync.py", line 557, in thread_handler
    raise exc_info[1]
  File "/usr/local/lib/python3.11/site-packages/django/core/handlers/exception.py", line 42, in inner
    response = await get_response(request)
               ^^^^^^^^^^^^^^^^^^^^^^^^^^^
  File "/usr/local/lib/python3.11/site-packages/asgiref/sync.py", line 557, in thread_handler
    raise exc_info[1]
  File "/usr/local/lib/python3.11/site-packages/django/core/handlers/base.py", line 253, in _get_response_async
    response = await wrapped_callback(
               ^^^^^^^^^^^^^^^^^^^^^^^
  File "/usr/local/lib/python3.11/site-packages/asgiref/sync.py", line 506, in __call__
    ret = await asyncio.shield(exec_coro)
          ^^^^^^^^^^^^^^^^^^^^^^^^^^^^^^^
  File "/usr/local/lib/python3.11/concurrent/futures/thread.py", line 58, in run
    result = self.fn(*self.args, **self.kwargs)
             ^^^^^^^^^^^^^^^^^^^^^^^^^^^^^^^^^^
  File "/usr/local/lib/python3.11/site-packages/asgiref/sync.py", line 561, in thread_handler
    return func(*args, **kwargs)
           ^^^^^^^^^^^^^^^^^^^^^
  File "/usr/local/lib/python3.11/site-packages/django/views/decorators/csrf.py", line 65, in _view_wrapper
    return view_func(request, *args, **kwargs)
           ^^^^^^^^^^^^^^^^^^^^^^^^^^^^^^^^^^^
  File "/usr/local/lib/python3.11/site-packages/django/views/generic/base.py", line 105, in view
    return self.dispatch(request, *args, **kwargs)
           ^^^^^^^^^^^^^^^^^^^^^^^^^^^^^^^^^^^^^^^
  File "/usr/local/lib/python3.11/site-packages/rest_framework/views.py", line 515, in dispatch
    response = self.handle_exception(exc)
               ^^^^^^^^^^^^^^^^^^^^^^^^^^
  File "/usr/local/lib/python3.11/site-packages/rest_framework/views.py", line 475, in handle_exception
    self.raise_uncaught_exception(exc)
  File "/usr/local/lib/python3.11/site-packages/rest_framework/views.py", line 486, in raise_uncaught_exception
    raise exc
  File "/usr/local/lib/python3.11/site-packages/rest_framework/views.py", line 512, in dispatch
    response = handler(request, *args, **kwargs)
               ^^^^^^^^^^^^^^^^^^^^^^^^^^^^^^^^^
  File "/app/main/views/support/support_customers.py", line 783, in get
    return handler(request, **kwargs)
           ^^^^^^^^^^^^^^^^^^^^^^^^^^
  File "/app/main/views/support/support_customers.py", line 796, in _get_customers_list
    customers = [_serialize_b2c_list_item(u) for u in qs_list]
                ^^^^^^^^^^^^^^^^^^^^^^^^^^^^^^^^^^^^^^^^^^^^^^
  File "/app/main/views/support/support_customers.py", line 796, in <listcomp>
    customers = [_serialize_b2c_list_item(u) for u in qs_list]
                 ^^^^^^^^^^^^^^^^^^^^^^^^^^^
  File "/app/main/views/support/support_customers.py", line 400, in _serialize_b2c_list_item
    b2c_sub = _latest_b2c_subscription(user)
              ^^^^^^^^^^^^^^^^^^^^^^^^^^^^^^
  File "/app/main/views/support/support_customers.py", line 298, in _latest_b2c_subscription
    .order_by("-created_at")
     ^^^^^^^^^^^^^^^^^^^^^^^
  File "/usr/local/lib/python3.11/site-packages/django/db/models/query.py", line 1727, in order_by
    obj.query.add_ordering(*field_names)
  File "/usr/local/lib/python3.11/site-packages/django/db/models/sql/query.py", line 2312, in add_ordering
    self.names_to_path(item.split(LOOKUP_SEP), self.model._meta)
  File "/usr/local/lib/python3.11/site-packages/django/db/models/sql/query.py", line 1813, in names_to_path
    raise FieldError(
django.core.exceptions.FieldError: Cannot resolve keyword 'created_at' into field. Choices are: auto_renew, billing_records, cancellation_date, cancellation_reason, end_date, id, plan, plan_id, start_date, status, stripe_subscription_id, user, user_id
ERROR 2026-05-01 03:41:23,483 runserver 7 132613442369216 HTTP GET /api/v1/support/customers/get_customers_list/?segment=b2c 500 [0.15, 172.18.0.15:54502]
ERROR 2026-05-01 03:41:41,803 log 7 132613346944704 Internal Server Error: /api/v1/support/customers/get_customers_list/
Traceback (most recent call last):
  File "/usr/local/lib/python3.11/site-packages/asgiref/sync.py", line 557, in thread_handler
    raise exc_info[1]
  File "/usr/local/lib/python3.11/site-packages/django/core/handlers/exception.py", line 42, in inner
    response = await get_response(request)
               ^^^^^^^^^^^^^^^^^^^^^^^^^^^
  File "/usr/local/lib/python3.11/site-packages/asgiref/sync.py", line 557, in thread_handler
    raise exc_info[1]
  File "/usr/local/lib/python3.11/site-packages/django/core/handlers/base.py", line 253, in _get_response_async
    response = await wrapped_callback(
               ^^^^^^^^^^^^^^^^^^^^^^^
  File "/usr/local/lib/python3.11/site-packages/asgiref/sync.py", line 506, in __call__
    ret = await asyncio.shield(exec_coro)
          ^^^^^^^^^^^^^^^^^^^^^^^^^^^^^^^
  File "/usr/local/lib/python3.11/concurrent/futures/thread.py", line 58, in run
    result = self.fn(*self.args, **self.kwargs)
             ^^^^^^^^^^^^^^^^^^^^^^^^^^^^^^^^^^
  File "/usr/local/lib/python3.11/site-packages/asgiref/sync.py", line 561, in thread_handler
    return func(*args, **kwargs)
           ^^^^^^^^^^^^^^^^^^^^^
  File "/usr/local/lib/python3.11/site-packages/django/views/decorators/csrf.py", line 65, in _view_wrapper
    return view_func(request, *args, **kwargs)
           ^^^^^^^^^^^^^^^^^^^^^^^^^^^^^^^^^^^
  File "/usr/local/lib/python3.11/site-packages/django/views/generic/base.py", line 105, in view
    return self.dispatch(request, *args, **kwargs)
           ^^^^^^^^^^^^^^^^^^^^^^^^^^^^^^^^^^^^^^^
  File "/usr/local/lib/python3.11/site-packages/rest_framework/views.py", line 515, in dispatch
    response = self.handle_exception(exc)
               ^^^^^^^^^^^^^^^^^^^^^^^^^^
  File "/usr/local/lib/python3.11/site-packages/rest_framework/views.py", line 475, in handle_exception
    self.raise_uncaught_exception(exc)
  File "/usr/local/lib/python3.11/site-packages/rest_framework/views.py", line 486, in raise_uncaught_exception
    raise exc
  File "/usr/local/lib/python3.11/site-packages/rest_framework/views.py", line 512, in dispatch
    response = handler(request, *args, **kwargs)
               ^^^^^^^^^^^^^^^^^^^^^^^^^^^^^^^^^
  File "/app/main/views/support/support_customers.py", line 783, in get
    return handler(request, **kwargs)
           ^^^^^^^^^^^^^^^^^^^^^^^^^^
  File "/app/main/views/support/support_customers.py", line 796, in _get_customers_list
    customers = [_serialize_b2c_list_item(u) for u in qs_list]
                ^^^^^^^^^^^^^^^^^^^^^^^^^^^^^^^^^^^^^^^^^^^^^^
  File "/app/main/views/support/support_customers.py", line 796, in <listcomp>
    customers = [_serialize_b2c_list_item(u) for u in qs_list]
                 ^^^^^^^^^^^^^^^^^^^^^^^^^^^
  File "/app/main/views/support/support_customers.py", line 400, in _serialize_b2c_list_item
    b2c_sub = _latest_b2c_subscription(user)
              ^^^^^^^^^^^^^^^^^^^^^^^^^^^^^^
  File "/app/main/views/support/support_customers.py", line 298, in _latest_b2c_subscription
    .order_by("-created_at")
     ^^^^^^^^^^^^^^^^^^^^^^^
  File "/usr/local/lib/python3.11/site-packages/django/db/models/query.py", line 1727, in order_by
    obj.query.add_ordering(*field_names)
  File "/usr/local/lib/python3.11/site-packages/django/db/models/sql/query.py", line 2312, in add_ordering
    self.names_to_path(item.split(LOOKUP_SEP), self.model._meta)
  File "/usr/local/lib/python3.11/site-packages/django/db/models/sql/query.py", line 1813, in names_to_path
    raise FieldError(
django.core.exceptions.FieldError: Cannot resolve keyword 'created_at' into field. Choices are: auto_renew, billing_records, cancellation_date, cancellation_reason, end_date, id, plan, plan_id, start_date, status, stripe_subscription_id, user, user_id
ERROR 2026-05-01 03:41:41,812 runserver 7 132613442369216 HTTP GET /api/v1/support/customers/get_customers_list/?segment=b2c 500 [0.10, 172.18.0.15:33348]
ERROR 2026-05-02 02:39:31,071 log 98 125039628248768 Internal Server Error: /api/v1/support/accounting/export_month_pdf/
Traceback (most recent call last):
  File "/usr/local/lib/python3.11/site-packages/asgiref/sync.py", line 557, in thread_handler
    raise exc_info[1]
  File "/usr/local/lib/python3.11/site-packages/django/core/handlers/exception.py", line 42, in inner
    response = await get_response(request)
               ^^^^^^^^^^^^^^^^^^^^^^^^^^^
  File "/usr/local/lib/python3.11/site-packages/asgiref/sync.py", line 557, in thread_handler
    raise exc_info[1]
  File "/usr/local/lib/python3.11/site-packages/django/core/handlers/base.py", line 253, in _get_response_async
    response = await wrapped_callback(
               ^^^^^^^^^^^^^^^^^^^^^^^
  File "/usr/local/lib/python3.11/site-packages/asgiref/sync.py", line 506, in __call__
    ret = await asyncio.shield(exec_coro)
          ^^^^^^^^^^^^^^^^^^^^^^^^^^^^^^^
  File "/usr/local/lib/python3.11/concurrent/futures/thread.py", line 58, in run
    result = self.fn(*self.args, **self.kwargs)
             ^^^^^^^^^^^^^^^^^^^^^^^^^^^^^^^^^^
  File "/usr/local/lib/python3.11/site-packages/asgiref/sync.py", line 561, in thread_handler
    return func(*args, **kwargs)
           ^^^^^^^^^^^^^^^^^^^^^
  File "/usr/local/lib/python3.11/site-packages/django/views/decorators/csrf.py", line 65, in _view_wrapper
    return view_func(request, *args, **kwargs)
           ^^^^^^^^^^^^^^^^^^^^^^^^^^^^^^^^^^^
  File "/usr/local/lib/python3.11/site-packages/django/views/generic/base.py", line 105, in view
    return self.dispatch(request, *args, **kwargs)
           ^^^^^^^^^^^^^^^^^^^^^^^^^^^^^^^^^^^^^^^
  File "/usr/local/lib/python3.11/site-packages/rest_framework/views.py", line 515, in dispatch
    response = self.handle_exception(exc)
               ^^^^^^^^^^^^^^^^^^^^^^^^^^
  File "/usr/local/lib/python3.11/site-packages/rest_framework/views.py", line 475, in handle_exception
    self.raise_uncaught_exception(exc)
  File "/usr/local/lib/python3.11/site-packages/rest_framework/views.py", line 486, in raise_uncaught_exception
    raise exc
  File "/usr/local/lib/python3.11/site-packages/rest_framework/views.py", line 512, in dispatch
    response = handler(request, *args, **kwargs)
               ^^^^^^^^^^^^^^^^^^^^^^^^^^^^^^^^^
  File "/app/main/views/support/support_accounting.py", line 107, in get
    return handler(request)
           ^^^^^^^^^^^^^^^^
  File "/app/main/views/support/support_accounting.py", line 319, in _export_month_pdf
    _vat_rate_for_type(tt) * 100,
    ~~~~~~~~~~~~~~~~~~~~~~~^~~~~
TypeError: unsupported operand type(s) for *: 'NoneType' and 'int'
ERROR 2026-05-02 02:39:31,082 runserver 98 125039727867584 HTTP GET /api/v1/support/accounting/export_month_pdf/?year=2026&month=4&status=succeeded 500 [0.08, 172.18.0.15:34592]
ERROR 2026-05-02 02:39:40,435 log 98 125039628248768 Internal Server Error: /api/v1/support/accounting/export_month_pdf/
Traceback (most recent call last):
  File "/usr/local/lib/python3.11/site-packages/asgiref/sync.py", line 557, in thread_handler
    raise exc_info[1]
  File "/usr/local/lib/python3.11/site-packages/django/core/handlers/exception.py", line 42, in inner
    response = await get_response(request)
               ^^^^^^^^^^^^^^^^^^^^^^^^^^^
  File "/usr/local/lib/python3.11/site-packages/asgiref/sync.py", line 557, in thread_handler
    raise exc_info[1]
  File "/usr/local/lib/python3.11/site-packages/django/core/handlers/base.py", line 253, in _get_response_async
    response = await wrapped_callback(
               ^^^^^^^^^^^^^^^^^^^^^^^
  File "/usr/local/lib/python3.11/site-packages/asgiref/sync.py", line 506, in __call__
    ret = await asyncio.shield(exec_coro)
          ^^^^^^^^^^^^^^^^^^^^^^^^^^^^^^^
  File "/usr/local/lib/python3.11/concurrent/futures/thread.py", line 58, in run
    result = self.fn(*self.args, **self.kwargs)
             ^^^^^^^^^^^^^^^^^^^^^^^^^^^^^^^^^^
  File "/usr/local/lib/python3.11/site-packages/asgiref/sync.py", line 561, in thread_handler
    return func(*args, **kwargs)
           ^^^^^^^^^^^^^^^^^^^^^
  File "/usr/local/lib/python3.11/site-packages/django/views/decorators/csrf.py", line 65, in _view_wrapper
    return view_func(request, *args, **kwargs)
           ^^^^^^^^^^^^^^^^^^^^^^^^^^^^^^^^^^^
  File "/usr/local/lib/python3.11/site-packages/django/views/generic/base.py", line 105, in view
    return self.dispatch(request, *args, **kwargs)
           ^^^^^^^^^^^^^^^^^^^^^^^^^^^^^^^^^^^^^^^
  File "/usr/local/lib/python3.11/site-packages/rest_framework/views.py", line 515, in dispatch
    response = self.handle_exception(exc)
               ^^^^^^^^^^^^^^^^^^^^^^^^^^
  File "/usr/local/lib/python3.11/site-packages/rest_framework/views.py", line 475, in handle_exception
    self.raise_uncaught_exception(exc)
  File "/usr/local/lib/python3.11/site-packages/rest_framework/views.py", line 486, in raise_uncaught_exception
    raise exc
  File "/usr/local/lib/python3.11/site-packages/rest_framework/views.py", line 512, in dispatch
    response = handler(request, *args, **kwargs)
               ^^^^^^^^^^^^^^^^^^^^^^^^^^^^^^^^^
  File "/app/main/views/support/support_accounting.py", line 107, in get
    return handler(request)
           ^^^^^^^^^^^^^^^^
  File "/app/main/views/support/support_accounting.py", line 319, in _export_month_pdf
    _vat_rate_for_type(tt) * 100,
    ~~~~~~~~~~~~~~~~~~~~~~~^~~~~
TypeError: unsupported operand type(s) for *: 'NoneType' and 'int'
ERROR 2026-05-02 02:39:40,442 runserver 98 125039727867584 HTTP GET /api/v1/support/accounting/export_month_pdf/?year=2026&month=4&status=succeeded 500 [0.05, 172.18.0.15:36148]
ERROR 2026-05-06 02:07:51,464 log 7 129569524786880 Invalid HTTP_HOST header: '450e-2a02-8084-c81-a480-c018-9c4e-4107-9d95.ngrok-free.app'. You may need to add '450e-2a02-8084-c81-a480-c018-9c4e-4107-9d95.ngrok-free.app' to ALLOWED_HOSTS.
Traceback (most recent call last):
  File "/usr/local/lib/python3.11/site-packages/asgiref/sync.py", line 557, in thread_handler
    raise exc_info[1]
  File "/usr/local/lib/python3.11/site-packages/django/core/handlers/exception.py", line 42, in inner
    response = await get_response(request)
               ^^^^^^^^^^^^^^^^^^^^^^^^^^^
  File "/usr/local/lib/python3.11/site-packages/django/utils/deprecation.py", line 132, in __acall__
    response = await sync_to_async(
               ^^^^^^^^^^^^^^^^^^^^
  File "/usr/local/lib/python3.11/site-packages/asgiref/sync.py", line 506, in __call__
    ret = await asyncio.shield(exec_coro)
          ^^^^^^^^^^^^^^^^^^^^^^^^^^^^^^^
  File "/usr/local/lib/python3.11/concurrent/futures/thread.py", line 58, in run
    result = self.fn(*self.args, **self.kwargs)
             ^^^^^^^^^^^^^^^^^^^^^^^^^^^^^^^^^^
  File "/usr/local/lib/python3.11/site-packages/asgiref/sync.py", line 561, in thread_handler
    return func(*args, **kwargs)
           ^^^^^^^^^^^^^^^^^^^^^
  File "/usr/local/lib/python3.11/site-packages/django/middleware/common.py", line 48, in process_request
    host = request.get_host()
           ^^^^^^^^^^^^^^^^^^
  File "/usr/local/lib/python3.11/site-packages/django/http/request.py", line 203, in get_host
    raise DisallowedHost(msg)
django.core.exceptions.DisallowedHost: Invalid HTTP_HOST header: '450e-2a02-8084-c81-a480-c018-9c4e-4107-9d95.ngrok-free.app'. You may need to add '450e-2a02-8084-c81-a480-c018-9c4e-4107-9d95.ngrok-free.app' to ALLOWED_HOSTS.
ERROR 2026-05-06 02:07:51,468 log 7 129569533179584 Invalid HTTP_HOST header: '450e-2a02-8084-c81-a480-c018-9c4e-4107-9d95.ngrok-free.app'. You may need to add '450e-2a02-8084-c81-a480-c018-9c4e-4107-9d95.ngrok-free.app' to ALLOWED_HOSTS.
Traceback (most recent call last):
  File "/usr/local/lib/python3.11/site-packages/asgiref/sync.py", line 557, in thread_handler
    raise exc_info[1]
  File "/usr/local/lib/python3.11/site-packages/django/core/handlers/exception.py", line 42, in inner
    response = await get_response(request)
               ^^^^^^^^^^^^^^^^^^^^^^^^^^^
  File "/usr/local/lib/python3.11/site-packages/django/utils/deprecation.py", line 132, in __acall__
    response = await sync_to_async(
               ^^^^^^^^^^^^^^^^^^^^
  File "/usr/local/lib/python3.11/site-packages/asgiref/sync.py", line 506, in __call__
    ret = await asyncio.shield(exec_coro)
          ^^^^^^^^^^^^^^^^^^^^^^^^^^^^^^^
  File "/usr/local/lib/python3.11/concurrent/futures/thread.py", line 58, in run
    result = self.fn(*self.args, **self.kwargs)
             ^^^^^^^^^^^^^^^^^^^^^^^^^^^^^^^^^^
  File "/usr/local/lib/python3.11/site-packages/asgiref/sync.py", line 561, in thread_handler
    return func(*args, **kwargs)
           ^^^^^^^^^^^^^^^^^^^^^
  File "/usr/local/lib/python3.11/site-packages/django/middleware/common.py", line 48, in process_request
    host = request.get_host()
           ^^^^^^^^^^^^^^^^^^
  File "/usr/local/lib/python3.11/site-packages/django/http/request.py", line 203, in get_host
    raise DisallowedHost(msg)
django.core.exceptions.DisallowedHost: Invalid HTTP_HOST header: '450e-2a02-8084-c81-a480-c018-9c4e-4107-9d95.ngrok-free.app'. You may need to add '450e-2a02-8084-c81-a480-c018-9c4e-4107-9d95.ngrok-free.app' to ALLOWED_HOSTS.
ERROR 2026-05-06 02:07:51,475 log 7 129569516394176 Invalid HTTP_HOST header: '450e-2a02-8084-c81-a480-c018-9c4e-4107-9d95.ngrok-free.app'. You may need to add '450e-2a02-8084-c81-a480-c018-9c4e-4107-9d95.ngrok-free.app' to ALLOWED_HOSTS.
Traceback (most recent call last):
  File "/usr/local/lib/python3.11/site-packages/asgiref/sync.py", line 557, in thread_handler
    raise exc_info[1]
  File "/usr/local/lib/python3.11/site-packages/django/core/handlers/exception.py", line 42, in inner
    response = await get_response(request)
               ^^^^^^^^^^^^^^^^^^^^^^^^^^^
  File "/usr/local/lib/python3.11/site-packages/django/utils/deprecation.py", line 132, in __acall__
    response = await sync_to_async(
               ^^^^^^^^^^^^^^^^^^^^
  File "/usr/local/lib/python3.11/site-packages/asgiref/sync.py", line 506, in __call__
    ret = await asyncio.shield(exec_coro)
          ^^^^^^^^^^^^^^^^^^^^^^^^^^^^^^^
  File "/usr/local/lib/python3.11/concurrent/futures/thread.py", line 58, in run
    result = self.fn(*self.args, **self.kwargs)
             ^^^^^^^^^^^^^^^^^^^^^^^^^^^^^^^^^^
  File "/usr/local/lib/python3.11/site-packages/asgiref/sync.py", line 561, in thread_handler
    return func(*args, **kwargs)
           ^^^^^^^^^^^^^^^^^^^^^
  File "/usr/local/lib/python3.11/site-packages/django/middleware/common.py", line 48, in process_request
    host = request.get_host()
           ^^^^^^^^^^^^^^^^^^
  File "/usr/local/lib/python3.11/site-packages/django/http/request.py", line 203, in get_host
    raise DisallowedHost(msg)
django.core.exceptions.DisallowedHost: Invalid HTTP_HOST header: '450e-2a02-8084-c81-a480-c018-9c4e-4107-9d95.ngrok-free.app'. You may need to add '450e-2a02-8084-c81-a480-c018-9c4e-4107-9d95.ngrok-free.app' to ALLOWED_HOSTS.
ERROR 2026-05-06 02:07:51,486 log 7 129568962770624 Invalid HTTP_HOST header: '450e-2a02-8084-c81-a480-c018-9c4e-4107-9d95.ngrok-free.app'. You may need to add '450e-2a02-8084-c81-a480-c018-9c4e-4107-9d95.ngrok-free.app' to ALLOWED_HOSTS.
Traceback (most recent call last):
  File "/usr/local/lib/python3.11/site-packages/asgiref/sync.py", line 557, in thread_handler
    raise exc_info[1]
  File "/usr/local/lib/python3.11/site-packages/django/core/handlers/exception.py", line 42, in inner
    response = await get_response(request)
               ^^^^^^^^^^^^^^^^^^^^^^^^^^^
  File "/usr/local/lib/python3.11/site-packages/django/utils/deprecation.py", line 132, in __acall__
    response = await sync_to_async(
               ^^^^^^^^^^^^^^^^^^^^
  File "/usr/local/lib/python3.11/site-packages/asgiref/sync.py", line 506, in __call__
    ret = await asyncio.shield(exec_coro)
          ^^^^^^^^^^^^^^^^^^^^^^^^^^^^^^^
  File "/usr/local/lib/python3.11/concurrent/futures/thread.py", line 58, in run
    result = self.fn(*self.args, **self.kwargs)
             ^^^^^^^^^^^^^^^^^^^^^^^^^^^^^^^^^^
  File "/usr/local/lib/python3.11/site-packages/asgiref/sync.py", line 561, in thread_handler
    return func(*args, **kwargs)
           ^^^^^^^^^^^^^^^^^^^^^
  File "/usr/local/lib/python3.11/site-packages/django/middleware/common.py", line 48, in process_request
    host = request.get_host()
           ^^^^^^^^^^^^^^^^^^
  File "/usr/local/lib/python3.11/site-packages/django/http/request.py", line 203, in get_host
    raise DisallowedHost(msg)
django.core.exceptions.DisallowedHost: Invalid HTTP_HOST header: '450e-2a02-8084-c81-a480-c018-9c4e-4107-9d95.ngrok-free.app'. You may need to add '450e-2a02-8084-c81-a480-c018-9c4e-4107-9d95.ngrok-free.app' to ALLOWED_HOSTS.
ERROR 2026-05-06 02:07:51,488 log 7 129568954377920 Invalid HTTP_HOST header: '450e-2a02-8084-c81-a480-c018-9c4e-4107-9d95.ngrok-free.app'. You may need to add '450e-2a02-8084-c81-a480-c018-9c4e-4107-9d95.ngrok-free.app' to ALLOWED_HOSTS.
Traceback (most recent call last):
  File "/usr/local/lib/python3.11/site-packages/asgiref/sync.py", line 557, in thread_handler
    raise exc_info[1]
  File "/usr/local/lib/python3.11/site-packages/django/core/handlers/exception.py", line 42, in inner
    response = await get_response(request)
               ^^^^^^^^^^^^^^^^^^^^^^^^^^^
  File "/usr/local/lib/python3.11/site-packages/django/utils/deprecation.py", line 132, in __acall__
    response = await sync_to_async(
               ^^^^^^^^^^^^^^^^^^^^
  File "/usr/local/lib/python3.11/site-packages/asgiref/sync.py", line 506, in __call__
    ret = await asyncio.shield(exec_coro)
          ^^^^^^^^^^^^^^^^^^^^^^^^^^^^^^^
  File "/usr/local/lib/python3.11/concurrent/futures/thread.py", line 58, in run
    result = self.fn(*self.args, **self.kwargs)
             ^^^^^^^^^^^^^^^^^^^^^^^^^^^^^^^^^^
  File "/usr/local/lib/python3.11/site-packages/asgiref/sync.py", line 561, in thread_handler
    return func(*args, **kwargs)
           ^^^^^^^^^^^^^^^^^^^^^
  File "/usr/local/lib/python3.11/site-packages/django/middleware/common.py", line 48, in process_request
    host = request.get_host()
           ^^^^^^^^^^^^^^^^^^
  File "/usr/local/lib/python3.11/site-packages/django/http/request.py", line 203, in get_host
    raise DisallowedHost(msg)
django.core.exceptions.DisallowedHost: Invalid HTTP_HOST header: '450e-2a02-8084-c81-a480-c018-9c4e-4107-9d95.ngrok-free.app'. You may need to add '450e-2a02-8084-c81-a480-c018-9c4e-4107-9d95.ngrok-free.app' to ALLOWED_HOSTS.
ERROR 2026-05-06 02:08:09,662 log 7 129569524786880 Invalid HTTP_HOST header: '450e-2a02-8084-c81-a480-c018-9c4e-4107-9d95.ngrok-free.app'. You may need to add '450e-2a02-8084-c81-a480-c018-9c4e-4107-9d95.ngrok-free.app' to ALLOWED_HOSTS.
Traceback (most recent call last):
  File "/usr/local/lib/python3.11/site-packages/asgiref/sync.py", line 557, in thread_handler
    raise exc_info[1]
  File "/usr/local/lib/python3.11/site-packages/django/core/handlers/exception.py", line 42, in inner
    response = await get_response(request)
               ^^^^^^^^^^^^^^^^^^^^^^^^^^^
  File "/usr/local/lib/python3.11/site-packages/django/utils/deprecation.py", line 132, in __acall__
    response = await sync_to_async(
               ^^^^^^^^^^^^^^^^^^^^
  File "/usr/local/lib/python3.11/site-packages/asgiref/sync.py", line 506, in __call__
    ret = await asyncio.shield(exec_coro)
          ^^^^^^^^^^^^^^^^^^^^^^^^^^^^^^^
  File "/usr/local/lib/python3.11/concurrent/futures/thread.py", line 58, in run
    result = self.fn(*self.args, **self.kwargs)
             ^^^^^^^^^^^^^^^^^^^^^^^^^^^^^^^^^^
  File "/usr/local/lib/python3.11/site-packages/asgiref/sync.py", line 561, in thread_handler
    return func(*args, **kwargs)
           ^^^^^^^^^^^^^^^^^^^^^
  File "/usr/local/lib/python3.11/site-packages/django/middleware/common.py", line 48, in process_request
    host = request.get_host()
           ^^^^^^^^^^^^^^^^^^
  File "/usr/local/lib/python3.11/site-packages/django/http/request.py", line 203, in get_host
    raise DisallowedHost(msg)
django.core.exceptions.DisallowedHost: Invalid HTTP_HOST header: '450e-2a02-8084-c81-a480-c018-9c4e-4107-9d95.ngrok-free.app'. You may need to add '450e-2a02-8084-c81-a480-c018-9c4e-4107-9d95.ngrok-free.app' to ALLOWED_HOSTS.
ERROR 2026-05-06 02:08:11,356 log 7 129568954377920 Invalid HTTP_HOST header: '450e-2a02-8084-c81-a480-c018-9c4e-4107-9d95.ngrok-free.app'. You may need to add '450e-2a02-8084-c81-a480-c018-9c4e-4107-9d95.ngrok-free.app' to ALLOWED_HOSTS.
Traceback (most recent call last):
  File "/usr/local/lib/python3.11/site-packages/asgiref/sync.py", line 557, in thread_handler
    raise exc_info[1]
  File "/usr/local/lib/python3.11/site-packages/django/core/handlers/exception.py", line 42, in inner
    response = await get_response(request)
               ^^^^^^^^^^^^^^^^^^^^^^^^^^^
  File "/usr/local/lib/python3.11/site-packages/django/utils/deprecation.py", line 132, in __acall__
    response = await sync_to_async(
               ^^^^^^^^^^^^^^^^^^^^
  File "/usr/local/lib/python3.11/site-packages/asgiref/sync.py", line 506, in __call__
    ret = await asyncio.shield(exec_coro)
          ^^^^^^^^^^^^^^^^^^^^^^^^^^^^^^^
  File "/usr/local/lib/python3.11/concurrent/futures/thread.py", line 58, in run
    result = self.fn(*self.args, **self.kwargs)
             ^^^^^^^^^^^^^^^^^^^^^^^^^^^^^^^^^^
  File "/usr/local/lib/python3.11/site-packages/asgiref/sync.py", line 561, in thread_handler
    return func(*args, **kwargs)
           ^^^^^^^^^^^^^^^^^^^^^
  File "/usr/local/lib/python3.11/site-packages/django/middleware/common.py", line 48, in process_request
    host = request.get_host()
           ^^^^^^^^^^^^^^^^^^
  File "/usr/local/lib/python3.11/site-packages/django/http/request.py", line 203, in get_host
    raise DisallowedHost(msg)
django.core.exceptions.DisallowedHost: Invalid HTTP_HOST header: '450e-2a02-8084-c81-a480-c018-9c4e-4107-9d95.ngrok-free.app'. You may need to add '450e-2a02-8084-c81-a480-c018-9c4e-4107-9d95.ngrok-free.app' to ALLOWED_HOSTS.
ERROR 2026-05-06 02:19:50,683 log 7 138309802124992 Invalid HTTP_HOST header: '450e-2a02-8084-c81-a480-c018-9c4e-4107-9d95.ngrok-free.app'. You may need to add '450e-2a02-8084-c81-a480-c018-9c4e-4107-9d95.ngrok-free.app' to ALLOWED_HOSTS.
Traceback (most recent call last):
  File "/usr/local/lib/python3.11/site-packages/asgiref/sync.py", line 557, in thread_handler
    raise exc_info[1]
  File "/usr/local/lib/python3.11/site-packages/django/core/handlers/exception.py", line 42, in inner
    response = await get_response(request)
               ^^^^^^^^^^^^^^^^^^^^^^^^^^^
  File "/usr/local/lib/python3.11/site-packages/django/utils/deprecation.py", line 132, in __acall__
    response = await sync_to_async(
               ^^^^^^^^^^^^^^^^^^^^
  File "/usr/local/lib/python3.11/site-packages/asgiref/sync.py", line 506, in __call__
    ret = await asyncio.shield(exec_coro)
          ^^^^^^^^^^^^^^^^^^^^^^^^^^^^^^^
  File "/usr/local/lib/python3.11/concurrent/futures/thread.py", line 58, in run
    result = self.fn(*self.args, **self.kwargs)
             ^^^^^^^^^^^^^^^^^^^^^^^^^^^^^^^^^^
  File "/usr/local/lib/python3.11/site-packages/asgiref/sync.py", line 561, in thread_handler
    return func(*args, **kwargs)
           ^^^^^^^^^^^^^^^^^^^^^
  File "/usr/local/lib/python3.11/site-packages/django/middleware/common.py", line 48, in process_request
    host = request.get_host()
           ^^^^^^^^^^^^^^^^^^
  File "/usr/local/lib/python3.11/site-packages/django/http/request.py", line 203, in get_host
    raise DisallowedHost(msg)
django.core.exceptions.DisallowedHost: Invalid HTTP_HOST header: '450e-2a02-8084-c81-a480-c018-9c4e-4107-9d95.ngrok-free.app'. You may need to add '450e-2a02-8084-c81-a480-c018-9c4e-4107-9d95.ngrok-free.app' to ALLOWED_HOSTS.
ERROR 2026-05-06 02:21:42,601 log 29 138891676870336 Invalid HTTP_HOST header: '450e-2a02-8084-c81-a480-c018-9c4e-4107-9d95.ngrok-free.app'. You may need to add '450e-2a02-8084-c81-a480-c018-9c4e-4107-9d95.ngrok-free.app' to ALLOWED_HOSTS.
Traceback (most recent call last):
  File "/usr/local/lib/python3.11/site-packages/asgiref/sync.py", line 557, in thread_handler
    raise exc_info[1]
  File "/usr/local/lib/python3.11/site-packages/django/core/handlers/exception.py", line 42, in inner
    response = await get_response(request)
               ^^^^^^^^^^^^^^^^^^^^^^^^^^^
  File "/usr/local/lib/python3.11/site-packages/django/utils/deprecation.py", line 132, in __acall__
    response = await sync_to_async(
               ^^^^^^^^^^^^^^^^^^^^
  File "/usr/local/lib/python3.11/site-packages/asgiref/sync.py", line 506, in __call__
    ret = await asyncio.shield(exec_coro)
          ^^^^^^^^^^^^^^^^^^^^^^^^^^^^^^^
  File "/usr/local/lib/python3.11/concurrent/futures/thread.py", line 58, in run
    result = self.fn(*self.args, **self.kwargs)
             ^^^^^^^^^^^^^^^^^^^^^^^^^^^^^^^^^^
  File "/usr/local/lib/python3.11/site-packages/asgiref/sync.py", line 561, in thread_handler
    return func(*args, **kwargs)
           ^^^^^^^^^^^^^^^^^^^^^
  File "/usr/local/lib/python3.11/site-packages/django/middleware/common.py", line 48, in process_request
    host = request.get_host()
           ^^^^^^^^^^^^^^^^^^
  File "/usr/local/lib/python3.11/site-packages/django/http/request.py", line 203, in get_host
    raise DisallowedHost(msg)
django.core.exceptions.DisallowedHost: Invalid HTTP_HOST header: '450e-2a02-8084-c81-a480-c018-9c4e-4107-9d95.ngrok-free.app'. You may need to add '450e-2a02-8084-c81-a480-c018-9c4e-4107-9d95.ngrok-free.app' to ALLOWED_HOSTS.
ERROR 2026-05-06 02:23:26,537 log 52 133776073025216 Internal Server Error: /api/v1/dashboard/get_upcoming_appointments/
ERROR 2026-05-06 02:23:26,539 runserver 52 133776172644032 HTTP GET /api/v1/dashboard/get_upcoming_appointments/ 500 [0.03, 172.18.0.13:53428]
ERROR 2026-05-06 02:23:29,379 log 52 133776073025216 Internal Server Error: /api/v1/dashboard/get_upcoming_appointments/
ERROR 2026-05-06 02:23:29,381 runserver 52 133776172644032 HTTP GET /api/v1/dashboard/get_upcoming_appointments/ 500 [0.02, 172.18.0.13:53440]
ERROR 2026-05-06 02:23:32,882 log 52 133776073025216 Internal Server Error: /api/v1/dashboard/get_upcoming_appointments/
ERROR 2026-05-06 02:23:32,884 runserver 52 133776172644032 HTTP GET /api/v1/dashboard/get_upcoming_appointments/ 500 [0.02, 172.18.0.13:53454]
ERROR 2026-05-06 02:23:38,679 log 52 133776073025216 Internal Server Error: /api/v1/dashboard/get_upcoming_appointments/
ERROR 2026-05-06 02:23:38,680 runserver 52 133776172644032 HTTP GET /api/v1/dashboard/get_upcoming_appointments/ 500 [0.02, 172.18.0.13:49908]
ERROR 2026-05-06 02:23:38,740 log 52 133776073025216 Internal Server Error: /api/v1/dashboard/get_recent_services/
ERROR 2026-05-06 02:23:38,743 runserver 52 133776172644032 HTTP GET /api/v1/dashboard/get_recent_services/ 500 [0.05, 172.18.0.13:49916]
ERROR 2026-05-06 02:23:41,179 log 52 133776073025216 Internal Server Error: /api/v1/dashboard/get_upcoming_appointments/
ERROR 2026-05-06 02:23:41,180 runserver 52 133776172644032 HTTP GET /api/v1/dashboard/get_upcoming_appointments/ 500 [0.02, 172.18.0.13:49964]
ERROR 2026-05-06 02:23:52,175 log 52 133776073025216 Internal Server Error: /api/v1/dashboard/get_recent_services/
ERROR 2026-05-06 02:23:52,176 runserver 52 133776172644032 HTTP GET /api/v1/dashboard/get_recent_services/ 500 [0.04, 172.18.0.13:34584]
ERROR 2026-05-06 02:23:52,255 log 52 133776073025216 Internal Server Error: /api/v1/dashboard/get_upcoming_appointments/
ERROR 2026-05-06 02:23:52,256 runserver 52 133776172644032 HTTP GET /api/v1/dashboard/get_upcoming_appointments/ 500 [0.02, 172.18.0.13:34594]
ERROR 2026-05-06 02:24:13,652 log 52 133776073025216 Internal Server Error: /api/v1/dashboard/get_upcoming_appointments/
ERROR 2026-05-06 02:24:13,653 runserver 52 133776172644032 HTTP GET /api/v1/dashboard/get_upcoming_appointments/ 500 [0.02, 172.18.0.13:42050]
ERROR 2026-05-06 02:24:13,746 log 52 133776073025216 Internal Server Error: /api/v1/dashboard/get_recent_services/
ERROR 2026-05-06 02:24:13,748 runserver 52 133776172644032 HTTP GET /api/v1/dashboard/get_recent_services/ 500 [0.03, 172.18.0.13:42054]
ERROR 2026-05-06 02:24:14,475 log 52 133776073025216 Internal Server Error: /api/v1/dashboard/get_upcoming_appointments/
ERROR 2026-05-06 02:24:14,477 runserver 52 133776172644032 HTTP GET /api/v1/dashboard/get_upcoming_appointments/ 500 [0.02, 172.18.0.13:42070]
ERROR 2026-05-06 02:24:16,329 log 52 133776073025216 Internal Server Error: /api/v1/dashboard/get_upcoming_appointments/
ERROR 2026-05-06 02:24:16,330 runserver 52 133776172644032 HTTP GET /api/v1/dashboard/get_upcoming_appointments/ 500 [0.02, 172.18.0.13:60710]
ERROR 2026-05-06 02:24:16,982 log 52 133776073025216 Internal Server Error: /api/v1/dashboard/get_upcoming_appointments/
ERROR 2026-05-06 02:24:16,983 runserver 52 133776172644032 HTTP GET /api/v1/dashboard/get_upcoming_appointments/ 500 [0.02, 172.18.0.13:60722]
ERROR 2026-05-06 02:24:17,189 log 52 133776073025216 Internal Server Error: /api/v1/dashboard/get_upcoming_appointments/
ERROR 2026-05-06 02:24:17,190 runserver 52 133776172644032 HTTP GET /api/v1/dashboard/get_upcoming_appointments/ 500 [0.02, 172.18.0.13:60724]
ERROR 2026-05-06 02:27:03,537 log 52 133776073025216 Service Unavailable: /api/v1/garage/lookup_vehicle_registration/
ERROR 2026-05-06 02:27:03,538 runserver 52 133776172644032 HTTP POST /api/v1/garage/lookup_vehicle_registration/ 503 [0.02, 172.18.0.13:53818]
ERROR 2026-05-06 02:29:56,404 log 189 132207339366080 Internal Server Error: /api/v1/garage/lookup_vehicle_registration/
Traceback (most recent call last):
  File "/usr/local/lib/python3.11/site-packages/asgiref/sync.py", line 557, in thread_handler
    raise exc_info[1]
  File "/usr/local/lib/python3.11/site-packages/django/core/handlers/exception.py", line 42, in inner
    response = await get_response(request)
               ^^^^^^^^^^^^^^^^^^^^^^^^^^^
  File "/usr/local/lib/python3.11/site-packages/asgiref/sync.py", line 557, in thread_handler
    raise exc_info[1]
  File "/usr/local/lib/python3.11/site-packages/django/core/handlers/base.py", line 253, in _get_response_async
    response = await wrapped_callback(
               ^^^^^^^^^^^^^^^^^^^^^^^
  File "/usr/local/lib/python3.11/site-packages/asgiref/sync.py", line 506, in __call__
    ret = await asyncio.shield(exec_coro)
          ^^^^^^^^^^^^^^^^^^^^^^^^^^^^^^^
  File "/usr/local/lib/python3.11/concurrent/futures/thread.py", line 58, in run
    result = self.fn(*self.args, **self.kwargs)
             ^^^^^^^^^^^^^^^^^^^^^^^^^^^^^^^^^^
  File "/usr/local/lib/python3.11/site-packages/asgiref/sync.py", line 561, in thread_handler
    return func(*args, **kwargs)
           ^^^^^^^^^^^^^^^^^^^^^
  File "/usr/local/lib/python3.11/site-packages/django/views/decorators/csrf.py", line 65, in _view_wrapper
    return view_func(request, *args, **kwargs)
           ^^^^^^^^^^^^^^^^^^^^^^^^^^^^^^^^^^^
  File "/usr/local/lib/python3.11/site-packages/django/views/generic/base.py", line 105, in view
    return self.dispatch(request, *args, **kwargs)
           ^^^^^^^^^^^^^^^^^^^^^^^^^^^^^^^^^^^^^^^
  File "/usr/local/lib/python3.11/site-packages/rest_framework/views.py", line 515, in dispatch
    response = self.handle_exception(exc)
               ^^^^^^^^^^^^^^^^^^^^^^^^^^
  File "/usr/local/lib/python3.11/site-packages/rest_framework/views.py", line 475, in handle_exception
    self.raise_uncaught_exception(exc)
  File "/usr/local/lib/python3.11/site-packages/rest_framework/views.py", line 486, in raise_uncaught_exception
    raise exc
  File "/usr/local/lib/python3.11/site-packages/rest_framework/views.py", line 512, in dispatch
    response = handler(request, *args, **kwargs)
               ^^^^^^^^^^^^^^^^^^^^^^^^^^^^^^^^^
  File "/app/main/views/garage.py", line 118, in post
    return handler(request)
           ^^^^^^^^^^^^^^^^
  File "/app/main/views/garage.py", line 164, in lookup_vehicle_registration
    country = request.user.country
              ^^^^^^^^^^^^^^^^^^^^
AttributeError: 'User' object has no attribute 'country'
ERROR 2026-05-06 02:29:56,413 runserver 189 132207440033472 HTTP POST /api/v1/garage/lookup_vehicle_registration/ 500 [0.04, 172.18.0.13:51638]
ERROR 2026-05-06 02:30:34,326 log 203 130554162833088 Service Unavailable: /api/v1/garage/lookup_vehicle_registration/
ERROR 2026-05-06 02:30:34,328 runserver 203 130554195343040 HTTP POST /api/v1/garage/lookup_vehicle_registration/ 503 [0.02, 172.18.0.13:36654]
ERROR 2026-05-06 02:34:30,880 log 257 126046716290752 Service Unavailable: /api/v1/garage/lookup_vehicle_registration/
ERROR 2026-05-06 02:34:30,881 runserver 257 126046748800704 HTTP POST /api/v1/garage/lookup_vehicle_registration/ 503 [0.03, 172.18.0.13:52654]
ERROR 2026-05-06 02:35:15,672 log 271 139422062339776 Service Unavailable: /api/v1/garage/lookup_vehicle_registration/
ERROR 2026-05-06 02:35:15,674 runserver 271 139422093801152 HTTP POST /api/v1/garage/lookup_vehicle_registration/ 503 [0.02, 172.18.0.13:49838]
ERROR 2026-05-06 02:35:34,466 log 283 125860359169728 Service Unavailable: /api/v1/garage/lookup_vehicle_registration/
ERROR 2026-05-06 02:35:34,467 runserver 283 125860391679680 HTTP POST /api/v1/garage/lookup_vehicle_registration/ 503 [0.02, 172.18.0.13:52176]
ERROR 2026-08-13 09:58:23,696 log 1 126134705747648 Internal Server Error: /api/v1/dashboard/get_upcoming_appointments/
ERROR 2026-08-13 09:58:23,717 log 1 126134423365312 Internal Server Error: /api/v1/dashboard/get_recent_services/
ERROR 2026-08-13 09:58:23,724 log 1 126134440150720 Internal Server Error: /api/v1/dashboard/get_perks_summary/
ERROR 2026-08-13 09:58:23,762 log 1 126134431758016 Internal Server Error: /api/v1/dashboard/get_upcoming_appointments/
ERROR 2026-08-13 09:58:23,795 log 1 126134705747648 Internal Server Error: /api/v1/dashboard/get_recent_services/
ERROR 2026-08-13 09:58:23,800 log 1 126134423365312 Internal Server Error: /api/v1/dashboard/get_perks_summary/
ERROR 2026-08-13 09:58:38,258 log 1 126134440150720 Internal Server Error: /api/v1/events/check_free_wash/
ERROR 2026-08-13 09:58:38,331 log 1 126134431758016 Internal Server Error: /api/v1/events/check_free_wash/
ERROR 2026-08-13 09:59:38,338 log 1 126134705747648 Internal Server Error: /api/v1/events/quote_booking/
Traceback (most recent call last):
  File "/usr/local/lib/python3.11/site-packages/django/db/backends/utils.py", line 105, in _execute
    return self.cursor.execute(sql, params)
           ^^^^^^^^^^^^^^^^^^^^^^^^^^^^^^^^
psycopg2.errors.UndefinedColumn: column main_b2csubcription.complimentary_sparkles_used does not exist
LINE 1: ...subcription"."expiring_notice_sent_for_end_date", "main_b2cs...
                                                             ^


The above exception was the direct cause of the following exception:

Traceback (most recent call last):
  File "/usr/local/lib/python3.11/site-packages/asgiref/sync.py", line 577, in thread_handler
    raise exc_info[1]
  File "/usr/local/lib/python3.11/site-packages/django/core/handlers/exception.py", line 42, in inner
    response = await get_response(request)
               ^^^^^^^^^^^^^^^^^^^^^^^^^^^
  File "/usr/local/lib/python3.11/site-packages/asgiref/sync.py", line 577, in thread_handler
    raise exc_info[1]
  File "/usr/local/lib/python3.11/site-packages/django/core/handlers/base.py", line 253, in _get_response_async
    response = await wrapped_callback(
               ^^^^^^^^^^^^^^^^^^^^^^^
  File "/usr/local/lib/python3.11/site-packages/asgiref/sync.py", line 526, in __call__
    ret = await asyncio.shield(exec_coro)
          ^^^^^^^^^^^^^^^^^^^^^^^^^^^^^^^
  File "/usr/local/lib/python3.11/site-packages/asgiref/current_thread_executor.py", line 35, in run
    result = self.fn(*self.args, **self.kwargs)
             ^^^^^^^^^^^^^^^^^^^^^^^^^^^^^^^^^^
  File "/usr/local/lib/python3.11/site-packages/asgiref/sync.py", line 581, in thread_handler
    return func(*args, **kwargs)
           ^^^^^^^^^^^^^^^^^^^^^
  File "/usr/local/lib/python3.11/site-packages/asgiref/sync.py", line 508, in func
    return context.run(run_child)
           ^^^^^^^^^^^^^^^^^^^^^^
  File "/usr/local/lib/python3.11/site-packages/asgiref/sync.py", line 506, in run_child
    return child()
           ^^^^^^^
  File "/usr/local/lib/python3.11/site-packages/django/views/decorators/csrf.py", line 65, in _view_wrapper
    return view_func(request, *args, **kwargs)
           ^^^^^^^^^^^^^^^^^^^^^^^^^^^^^^^^^^^
  File "/usr/local/lib/python3.11/site-packages/django/views/generic/base.py", line 105, in view
    return self.dispatch(request, *args, **kwargs)
           ^^^^^^^^^^^^^^^^^^^^^^^^^^^^^^^^^^^^^^^
  File "/usr/local/lib/python3.11/site-packages/rest_framework/views.py", line 526, in dispatch
    response = self.handle_exception(exc)
               ^^^^^^^^^^^^^^^^^^^^^^^^^^
  File "/usr/local/lib/python3.11/site-packages/rest_framework/views.py", line 474, in handle_exception
    self.raise_uncaught_exception(exc)
  File "/usr/local/lib/python3.11/site-packages/rest_framework/views.py", line 485, in raise_uncaught_exception
    raise exc
  File "/usr/local/lib/python3.11/site-packages/rest_framework/views.py", line 523, in dispatch
    response = handler(request, *args, **kwargs)
               ^^^^^^^^^^^^^^^^^^^^^^^^^^^^^^^^^
  File "/app/main/views/events.py", line 84, in post
    return handler(request)
           ^^^^^^^^^^^^^^^^
  File "/app/main/views/events.py", line 1054, in quote_booking
    payload = quote_booking_for_user(
              ^^^^^^^^^^^^^^^^^^^^^^^
  File "/app/main/services/booking_quote.py", line 686, in quote_booking_for_user
    qs = build_quick_sparkle_entitlements(user, service_name)
         ^^^^^^^^^^^^^^^^^^^^^^^^^^^^^^^^^^^^^^^^^^^^^^^^^^^^
  File "/app/main/services/booking_quote.py", line 654, in build_quick_sparkle_entitlements
    sub_snap = get_subscription_quick_sparkle_snapshot(user) if is_qs else {}
               ^^^^^^^^^^^^^^^^^^^^^^^^^^^^^^^^^^^^^^^^^^^^^
  File "/app/main/services/booking_quote.py", line 577, in get_subscription_quick_sparkle_snapshot
    sub = get_active_b2c_subscription(user)
          ^^^^^^^^^^^^^^^^^^^^^^^^^^^^^^^^^
  File "/app/main/services/booking_quote.py", line 479, in get_active_b2c_subscription
    .first()
     ^^^^^^^
  File "/usr/local/lib/python3.11/site-packages/django/db/models/query.py", line 1106, in first
    for obj in queryset[:1]:
  File "/usr/local/lib/python3.11/site-packages/django/db/models/query.py", line 386, in __iter__
    self._fetch_all()
  File "/usr/local/lib/python3.11/site-packages/django/db/models/query.py", line 1954, in _fetch_all
    self._result_cache = list(self._iterable_class(self))
                         ^^^^^^^^^^^^^^^^^^^^^^^^^^^^^^^^
  File "/usr/local/lib/python3.11/site-packages/django/db/models/query.py", line 93, in __iter__
    results = compiler.execute_sql(
              ^^^^^^^^^^^^^^^^^^^^^
  File "/usr/local/lib/python3.11/site-packages/django/db/models/sql/compiler.py", line 1623, in execute_sql
    cursor.execute(sql, params)
  File "/usr/local/lib/python3.11/site-packages/django/db/backends/utils.py", line 79, in execute
    return self._execute_with_wrappers(
           ^^^^^^^^^^^^^^^^^^^^^^^^^^^^
  File "/usr/local/lib/python3.11/site-packages/django/db/backends/utils.py", line 92, in _execute_with_wrappers
    return executor(sql, params, many, context)
           ^^^^^^^^^^^^^^^^^^^^^^^^^^^^^^^^^^^^
  File "/usr/local/lib/python3.11/site-packages/django/db/backends/utils.py", line 100, in _execute
    with self.db.wrap_database_errors:
  File "/usr/local/lib/python3.11/site-packages/django/db/utils.py", line 91, in __exit__
    raise dj_exc_value.with_traceback(traceback) from exc_value
  File "/usr/local/lib/python3.11/site-packages/django/db/backends/utils.py", line 105, in _execute
    return self.cursor.execute(sql, params)
           ^^^^^^^^^^^^^^^^^^^^^^^^^^^^^^^^
django.db.utils.ProgrammingError: column main_b2csubcription.complimentary_sparkles_used does not exist
LINE 1: ...subcription"."expiring_notice_sent_for_end_date", "main_b2cs...
                                                             ^

ERROR 2026-08-13 09:59:44,721 log 1 126134440150720 Internal Server Error: /api/v1/dashboard/get_upcoming_appointments/
ERROR 2026-08-13 09:59:44,736 log 1 126134431758016 Internal Server Error: /api/v1/dashboard/get_recent_services/
ERROR 2026-08-13 09:59:44,738 log 1 126134705747648 Internal Server Error: /api/v1/dashboard/get_perks_summary/
ERROR 2026-08-13 09:59:44,792 log 1 126134423365312 Internal Server Error: /api/v1/dashboard/get_upcoming_appointments/
ERROR 2026-08-13 09:59:44,817 log 1 126134431758016 Internal Server Error: /api/v1/dashboard/get_recent_services/
ERROR 2026-08-13 09:59:44,817 log 1 126134440150720 Internal Server Error: /api/v1/dashboard/get_perks_summary/
ERROR 2026-08-13 10:01:48,372 log 1 126134705747648 Internal Server Error: /api/v1/dashboard/get_upcoming_appointments/
ERROR 2026-08-13 10:01:48,400 log 1 126134431758016 Internal Server Error: /api/v1/dashboard/get_recent_services/
ERROR 2026-08-13 10:01:48,403 log 1 126134423365312 Internal Server Error: /api/v1/dashboard/get_perks_summary/
ERROR 2026-08-13 10:01:48,439 log 1 126134440150720 Internal Server Error: /api/v1/dashboard/get_upcoming_appointments/
ERROR 2026-08-13 10:01:48,469 log 1 126134705747648 Internal Server Error: /api/v1/dashboard/get_recent_services/
ERROR 2026-08-13 10:01:48,476 log 1 126134431758016 Internal Server Error: /api/v1/dashboard/get_perks_summary/
ERROR 2026-08-13 10:04:49,768 log 1 126134423365312 Internal Server Error: /api/v1/dashboard/get_upcoming_appointments/
ERROR 2026-08-13 10:04:49,774 log 1 126134431758016 Internal Server Error: /api/v1/dashboard/get_upcoming_appointments/
ERROR 2026-08-13 10:04:49,785 log 1 126134705747648 Internal Server Error: /api/v1/dashboard/get_recent_services/
ERROR 2026-08-13 10:04:49,801 log 1 126134440150720 Internal Server Error: /api/v1/dashboard/get_perks_summary/
ERROR 2026-08-13 10:04:49,837 log 1 126134423365312 Internal Server Error: /api/v1/dashboard/get_recent_services/
ERROR 2026-08-13 10:04:49,841 log 1 126134431758016 Internal Server Error: /api/v1/dashboard/get_perks_summary/
ERROR 2026-08-13 10:04:54,687 log 1 126134705747648 Internal Server Error: /api/v1/events/check_free_wash/
ERROR 2026-08-13 10:04:54,748 log 1 126134440150720 Internal Server Error: /api/v1/events/check_free_wash/
ERROR 2026-08-13 10:07:10,373 log 1 126134431758016 Internal Server Error: /api/v1/dashboard/get_perks_summary/
ERROR 2026-08-13 10:07:10,431 log 1 126134440150720 Internal Server Error: /api/v1/dashboard/get_perks_summary/
ERROR 2026-08-13 10:07:12,718 log 1 126134440150720 Internal Server Error: /api/v1/dashboard/get_perks_summary/
ERROR 2026-08-13 10:11:00,249 log 1 126134440150720 Internal Server Error: /api/v1/events/check_free_wash/
ERROR 2026-08-13 10:11:00,327 log 1 126134423365312 Internal Server Error: /api/v1/events/check_free_wash/
ERROR 2026-08-13 10:13:43,219 log 1 126134431758016 Internal Server Error: /api/v1/dashboard/get_upcoming_appointments/
ERROR 2026-08-13 10:13:43,248 log 1 126134705747648 Internal Server Error: /api/v1/dashboard/get_recent_services/
ERROR 2026-08-13 10:13:43,255 log 1 126134440150720 Internal Server Error: /api/v1/dashboard/get_perks_summary/
ERROR 2026-08-13 10:13:43,284 log 1 126134423365312 Internal Server Error: /api/v1/dashboard/get_upcoming_appointments/
ERROR 2026-08-13 10:13:43,311 log 1 126134431758016 Internal Server Error: /api/v1/dashboard/get_recent_services/
ERROR 2026-08-13 10:13:43,314 log 1 126134705747648 Internal Server Error: /api/v1/dashboard/get_perks_summary/
ERROR 2026-08-13 10:20:22,177 log 1 126134423365312 Internal Server Error: /api/v1/events/check_free_wash/
ERROR 2026-08-13 10:20:22,239 log 1 126134440150720 Internal Server Error: /api/v1/events/check_free_wash/
ERROR 2026-08-13 10:20:48,754 log 1 126134431758016 Internal Server Error: /api/v1/events/quote_booking/
Traceback (most recent call last):
  File "/usr/local/lib/python3.11/site-packages/django/db/backends/utils.py", line 105, in _execute
    return self.cursor.execute(sql, params)
           ^^^^^^^^^^^^^^^^^^^^^^^^^^^^^^^^
psycopg2.errors.UndefinedColumn: column main_b2csubcription.complimentary_sparkles_used does not exist
LINE 1: ...subcription"."expiring_notice_sent_for_end_date", "main_b2cs...
                                                             ^


The above exception was the direct cause of the following exception:

Traceback (most recent call last):
  File "/usr/local/lib/python3.11/site-packages/asgiref/sync.py", line 577, in thread_handler
    raise exc_info[1]
  File "/usr/local/lib/python3.11/site-packages/django/core/handlers/exception.py", line 42, in inner
    response = await get_response(request)
               ^^^^^^^^^^^^^^^^^^^^^^^^^^^
  File "/usr/local/lib/python3.11/site-packages/asgiref/sync.py", line 577, in thread_handler
    raise exc_info[1]
  File "/usr/local/lib/python3.11/site-packages/django/core/handlers/base.py", line 253, in _get_response_async
    response = await wrapped_callback(
               ^^^^^^^^^^^^^^^^^^^^^^^
  File "/usr/local/lib/python3.11/site-packages/asgiref/sync.py", line 526, in __call__
    ret = await asyncio.shield(exec_coro)
          ^^^^^^^^^^^^^^^^^^^^^^^^^^^^^^^
  File "/usr/local/lib/python3.11/site-packages/asgiref/current_thread_executor.py", line 35, in run
    result = self.fn(*self.args, **self.kwargs)
             ^^^^^^^^^^^^^^^^^^^^^^^^^^^^^^^^^^
  File "/usr/local/lib/python3.11/site-packages/asgiref/sync.py", line 581, in thread_handler
    return func(*args, **kwargs)
           ^^^^^^^^^^^^^^^^^^^^^
  File "/usr/local/lib/python3.11/site-packages/asgiref/sync.py", line 508, in func
    return context.run(run_child)
           ^^^^^^^^^^^^^^^^^^^^^^
  File "/usr/local/lib/python3.11/site-packages/asgiref/sync.py", line 506, in run_child
    return child()
           ^^^^^^^
  File "/usr/local/lib/python3.11/site-packages/django/views/decorators/csrf.py", line 65, in _view_wrapper
    return view_func(request, *args, **kwargs)
           ^^^^^^^^^^^^^^^^^^^^^^^^^^^^^^^^^^^
  File "/usr/local/lib/python3.11/site-packages/django/views/generic/base.py", line 105, in view
    return self.dispatch(request, *args, **kwargs)
           ^^^^^^^^^^^^^^^^^^^^^^^^^^^^^^^^^^^^^^^
  File "/usr/local/lib/python3.11/site-packages/rest_framework/views.py", line 526, in dispatch
    response = self.handle_exception(exc)
               ^^^^^^^^^^^^^^^^^^^^^^^^^^
  File "/usr/local/lib/python3.11/site-packages/rest_framework/views.py", line 474, in handle_exception
    self.raise_uncaught_exception(exc)
  File "/usr/local/lib/python3.11/site-packages/rest_framework/views.py", line 485, in raise_uncaught_exception
    raise exc
  File "/usr/local/lib/python3.11/site-packages/rest_framework/views.py", line 523, in dispatch
    response = handler(request, *args, **kwargs)
               ^^^^^^^^^^^^^^^^^^^^^^^^^^^^^^^^^
  File "/app/main/views/events.py", line 84, in post
    return Response({'error': 'Invalid action'}, status=status.HTTP_400_BAD_REQUEST)
       ^^^^^^^^^^^^^^^^
  File "/app/main/views/events.py", line 1054, in quote_booking
    apply_partner_booking_discount = bool(body.get('apply_partner_booking_discount'))
              ^^^^^^^^^^^^^^^^^^^^^^^^^^^^^^^^^^^^^^^^^^^^^^^^^^^^^^^^^^^^^^^^^^^^^^^
  File "/app/main/services/booking_quote.py", line 686, in quote_booking_for_user
    qs = build_quick_sparkle_entitlements(user, service_name)
         ^^^^^^^^^^^^^^^^^^^^^^^^^^^^^^^^^^^^^^^^^^^^^^^^^^^^
  File "/app/main/services/booking_quote.py", line 654, in build_quick_sparkle_entitlements
    sub_snap = get_subscription_quick_sparkle_snapshot(user) if is_qs else {}
               ^^^^^^^^^^^^^^^^^^^^^^^^^^^^^^^^^^^^^^^^^^^^^
  File "/app/main/services/booking_quote.py", line 577, in get_subscription_quick_sparkle_snapshot
    sub = get_active_b2c_subscription(user)
          ^^^^^^^^^^^^^^^^^^^^^^^^^^^^^^^^^
  File "/app/main/services/booking_quote.py", line 479, in get_active_b2c_subscription
    .first()
     ^^^^^^^
  File "/usr/local/lib/python3.11/site-packages/django/db/models/query.py", line 1106, in first
    for obj in queryset[:1]:
  File "/usr/local/lib/python3.11/site-packages/django/db/models/query.py", line 386, in __iter__
    self._fetch_all()
  File "/usr/local/lib/python3.11/site-packages/django/db/models/query.py", line 1954, in _fetch_all
    self._result_cache = list(self._iterable_class(self))
                         ^^^^^^^^^^^^^^^^^^^^^^^^^^^^^^^^
  File "/usr/local/lib/python3.11/site-packages/django/db/models/query.py", line 93, in __iter__
    results = compiler.execute_sql(
              ^^^^^^^^^^^^^^^^^^^^^
  File "/usr/local/lib/python3.11/site-packages/django/db/models/sql/compiler.py", line 1623, in execute_sql
    cursor.execute(sql, params)
  File "/usr/local/lib/python3.11/site-packages/django/db/backends/utils.py", line 79, in execute
    return self._execute_with_wrappers(
           ^^^^^^^^^^^^^^^^^^^^^^^^^^^^
  File "/usr/local/lib/python3.11/site-packages/django/db/backends/utils.py", line 92, in _execute_with_wrappers
    return executor(sql, params, many, context)
           ^^^^^^^^^^^^^^^^^^^^^^^^^^^^^^^^^^^^
  File "/usr/local/lib/python3.11/site-packages/django/db/backends/utils.py", line 100, in _execute
    with self.db.wrap_database_errors:
  File "/usr/local/lib/python3.11/site-packages/django/db/utils.py", line 91, in __exit__
    raise dj_exc_value.with_traceback(traceback) from exc_value
  File "/usr/local/lib/python3.11/site-packages/django/db/backends/utils.py", line 105, in _execute
    return self.cursor.execute(sql, params)
           ^^^^^^^^^^^^^^^^^^^^^^^^^^^^^^^^
django.db.utils.ProgrammingError: column main_b2csubcription.complimentary_sparkles_used does not exist
LINE 1: ...subcription"."expiring_notice_sent_for_end_date", "main_b2cs...
                                                             ^

ERROR 2026-08-13 10:21:25,998 log 1 126134423365312 Internal Server Error: /api/v1/dashboard/get_upcoming_appointments/
ERROR 2026-08-13 10:21:26,053 log 1 126134440150720 Internal Server Error: /api/v1/dashboard/get_perks_summary/
ERROR 2026-08-13 10:21:26,061 log 1 126134431758016 Internal Server Error: /api/v1/dashboard/get_recent_services/
ERROR 2026-08-13 10:21:26,192 log 1 126134705747648 Internal Server Error: /api/v1/events/check_free_wash/
ERROR 2026-08-13 10:21:26,234 log 1 126134440150720 Internal Server Error: /api/v1/dashboard/get_upcoming_appointments/
ERROR 2026-08-13 10:21:26,262 log 1 126134423365312 Internal Server Error: /api/v1/dashboard/get_perks_summary/
ERROR 2026-08-13 10:21:26,279 log 1 126134431758016 Internal Server Error: /api/v1/dashboard/get_recent_services/
ERROR 2026-08-13 10:21:26,332 log 1 126134705747648 Internal Server Error: /api/v1/events/check_free_wash/
ERROR 2026-08-13 10:22:39,744 log 1 126134440150720 Internal Server Error: /api/v1/events/check_free_wash/
ERROR 2026-08-13 10:22:39,789 log 1 126134423365312 Internal Server Error: /api/v1/events/check_free_wash/
ERROR 2026-08-13 10:23:05,514 log 1 126134431758016 Internal Server Error: /api/v1/dashboard/get_upcoming_appointments/
ERROR 2026-08-13 10:23:05,531 log 1 126134705747648 Internal Server Error: /api/v1/dashboard/get_recent_services/
ERROR 2026-08-13 10:23:05,532 log 1 126134423365312 Internal Server Error: /api/v1/dashboard/get_perks_summary/
ERROR 2026-08-13 10:23:05,587 log 1 126134431758016 Internal Server Error: /api/v1/dashboard/get_upcoming_appointments/
ERROR 2026-08-13 10:23:05,603 log 1 126134705747648 Internal Server Error: /api/v1/dashboard/get_perks_summary/
ERROR 2026-08-13 10:23:05,607 log 1 126134440150720 Internal Server Error: /api/v1/dashboard/get_recent_services/
ERROR 2026-08-16 01:44:13,540 server 7 128229910542016 Exception inside application: Timeout reading from client_staging_redis:6379
Traceback (most recent call last):
  File "/usr/local/lib/python3.11/site-packages/redis/asyncio/connection.py", line 1286, in read_response
    response = await self._read_response_from_parser(
               ^^^^^^^^^^^^^^^^^^^^^^^^^^^^^^^^^^^^^^
  File "/usr/local/lib/python3.11/site-packages/redis/asyncio/connection.py", line 1335, in _read_response_from_parser
    return await self._parser.read_response(
           ^^^^^^^^^^^^^^^^^^^^^^^^^^^^^^^^^
  File "/usr/local/lib/python3.11/site-packages/redis/_parsers/resp3.py", line 185, in read_response
    response = await self._read_response(
               ^^^^^^^^^^^^^^^^^^^^^^^^^^
  File "/usr/local/lib/python3.11/site-packages/redis/_parsers/resp3.py", line 197, in _read_response
    raw = await self._readline()
          ^^^^^^^^^^^^^^^^^^^^^^
  File "/usr/local/lib/python3.11/site-packages/redis/_parsers/base.py", line 587, in _readline
    data = await self._stream.readline()
           ^^^^^^^^^^^^^^^^^^^^^^^^^^^^^
  File "/usr/local/lib/python3.11/asyncio/streams.py", line 566, in readline
    line = await self.readuntil(sep)
           ^^^^^^^^^^^^^^^^^^^^^^^^^
  File "/usr/local/lib/python3.11/asyncio/streams.py", line 658, in readuntil
    await self._wait_for_data('readuntil')
  File "/usr/local/lib/python3.11/asyncio/streams.py", line 543, in _wait_for_data
    await self._waiter
asyncio.exceptions.CancelledError

The above exception was the direct cause of the following exception:

Traceback (most recent call last):
  File "/usr/local/lib/python3.11/site-packages/redis/asyncio/connection.py", line 1283, in read_response
    async with timeout_context as active_timeout:
  File "/usr/local/lib/python3.11/asyncio/timeouts.py", line 115, in __aexit__
    raise TimeoutError from exc_val
TimeoutError

During handling of the above exception, another exception occurred:

Traceback (most recent call last):
  File "/usr/local/lib/python3.11/site-packages/channels/routing.py", line 48, in __call__
    return await application(scope, receive, send)
           ^^^^^^^^^^^^^^^^^^^^^^^^^^^^^^^^^^^^^^^
  File "/app/main/ws_auth.py", line 30, in __call__
    return await self.inner(scope, receive, send)
           ^^^^^^^^^^^^^^^^^^^^^^^^^^^^^^^^^^^^^^
  File "/usr/local/lib/python3.11/site-packages/channels/routing.py", line 118, in __call__
    return await application(
           ^^^^^^^^^^^^^^^^^^
  File "/usr/local/lib/python3.11/site-packages/channels/consumer.py", line 95, in app
    return await consumer(scope, receive, send)
           ^^^^^^^^^^^^^^^^^^^^^^^^^^^^^^^^^^^^
  File "/usr/local/lib/python3.11/site-packages/channels/consumer.py", line 58, in __call__
    await await_many_dispatch(
  File "/usr/local/lib/python3.11/site-packages/channels/utils.py", line 57, in await_many_dispatch
    await task
redis.exceptions.TimeoutError: Timeout reading from client_staging_redis:6379
ERROR 2026-08-16 01:44:24,565 server 7 128229910542016 Exception inside application: Timeout reading from client_staging_redis:6379
Traceback (most recent call last):
  File "/usr/local/lib/python3.11/site-packages/redis/asyncio/connection.py", line 1286, in read_response
    response = await self._read_response_from_parser(
               ^^^^^^^^^^^^^^^^^^^^^^^^^^^^^^^^^^^^^^
  File "/usr/local/lib/python3.11/site-packages/redis/asyncio/connection.py", line 1335, in _read_response_from_parser
    return await self._parser.read_response(
           ^^^^^^^^^^^^^^^^^^^^^^^^^^^^^^^^^
  File "/usr/local/lib/python3.11/site-packages/redis/_parsers/resp3.py", line 185, in read_response
    response = await self._read_response(
               ^^^^^^^^^^^^^^^^^^^^^^^^^^
  File "/usr/local/lib/python3.11/site-packages/redis/_parsers/resp3.py", line 197, in _read_response
    raw = await self._readline()
          ^^^^^^^^^^^^^^^^^^^^^^
  File "/usr/local/lib/python3.11/site-packages/redis/_parsers/base.py", line 587, in _readline
    data = await self._stream.readline()
           ^^^^^^^^^^^^^^^^^^^^^^^^^^^^^
  File "/usr/local/lib/python3.11/asyncio/streams.py", line 566, in readline
    line = await self.readuntil(sep)
           ^^^^^^^^^^^^^^^^^^^^^^^^^
  File "/usr/local/lib/python3.11/asyncio/streams.py", line 658, in readuntil
    await self._wait_for_data('readuntil')
  File "/usr/local/lib/python3.11/asyncio/streams.py", line 543, in _wait_for_data
    await self._waiter
asyncio.exceptions.CancelledError

The above exception was the direct cause of the following exception:

Traceback (most recent call last):
  File "/usr/local/lib/python3.11/site-packages/redis/asyncio/connection.py", line 1283, in read_response
    async with timeout_context as active_timeout:
  File "/usr/local/lib/python3.11/asyncio/timeouts.py", line 115, in __aexit__
    raise TimeoutError from exc_val
TimeoutError

During handling of the above exception, another exception occurred:

Traceback (most recent call last):
  File "/usr/local/lib/python3.11/site-packages/channels/routing.py", line 48, in __call__
    return await application(scope, receive, send)
           ^^^^^^^^^^^^^^^^^^^^^^^^^^^^^^^^^^^^^^^
  File "/app/main/ws_auth.py", line 30, in __call__
    return await self.inner(scope, receive, send)
           ^^^^^^^^^^^^^^^^^^^^^^^^^^^^^^^^^^^^^^
  File "/usr/local/lib/python3.11/site-packages/channels/routing.py", line 118, in __call__
    return await application(
           ^^^^^^^^^^^^^^^^^^
  File "/usr/local/lib/python3.11/site-packages/channels/consumer.py", line 95, in app
    return await consumer(scope, receive, send)
           ^^^^^^^^^^^^^^^^^^^^^^^^^^^^^^^^^^^^
  File "/usr/local/lib/python3.11/site-packages/channels/consumer.py", line 58, in __call__
    await await_many_dispatch(
  File "/usr/local/lib/python3.11/site-packages/channels/utils.py", line 57, in await_many_dispatch
    await task
redis.exceptions.TimeoutError: Timeout reading from client_staging_redis:6379
ERROR 2026-08-16 01:44:54,647 server 7 128229910542016 Exception inside application: Timeout reading from client_staging_redis:6379
Traceback (most recent call last):
  File "/usr/local/lib/python3.11/site-packages/redis/asyncio/connection.py", line 1286, in read_response
    response = await self._read_response_from_parser(
               ^^^^^^^^^^^^^^^^^^^^^^^^^^^^^^^^^^^^^^
  File "/usr/local/lib/python3.11/site-packages/redis/asyncio/connection.py", line 1335, in _read_response_from_parser
    return await self._parser.read_response(
           ^^^^^^^^^^^^^^^^^^^^^^^^^^^^^^^^^
  File "/usr/local/lib/python3.11/site-packages/redis/_parsers/resp3.py", line 185, in read_response
    response = await self._read_response(
               ^^^^^^^^^^^^^^^^^^^^^^^^^^
  File "/usr/local/lib/python3.11/site-packages/redis/_parsers/resp3.py", line 197, in _read_response
    raw = await self._readline()
          ^^^^^^^^^^^^^^^^^^^^^^
  File "/usr/local/lib/python3.11/site-packages/redis/_parsers/base.py", line 587, in _readline
    data = await self._stream.readline()
           ^^^^^^^^^^^^^^^^^^^^^^^^^^^^^
  File "/usr/local/lib/python3.11/asyncio/streams.py", line 566, in readline
    line = await self.readuntil(sep)
           ^^^^^^^^^^^^^^^^^^^^^^^^^
  File "/usr/local/lib/python3.11/asyncio/streams.py", line 658, in readuntil
    await self._wait_for_data('readuntil')
  File "/usr/local/lib/python3.11/asyncio/streams.py", line 543, in _wait_for_data
    await self._waiter
asyncio.exceptions.CancelledError

The above exception was the direct cause of the following exception:

Traceback (most recent call last):
  File "/usr/local/lib/python3.11/site-packages/redis/asyncio/connection.py", line 1283, in read_response
    async with timeout_context as active_timeout:
  File "/usr/local/lib/python3.11/asyncio/timeouts.py", line 115, in __aexit__
    raise TimeoutError from exc_val
TimeoutError

During handling of the above exception, another exception occurred:

Traceback (most recent call last):
  File "/usr/local/lib/python3.11/site-packages/channels/routing.py", line 48, in __call__
    return await application(scope, receive, send)
           ^^^^^^^^^^^^^^^^^^^^^^^^^^^^^^^^^^^^^^^
  File "/app/main/ws_auth.py", line 30, in __call__
    return await self.inner(scope, receive, send)
           ^^^^^^^^^^^^^^^^^^^^^^^^^^^^^^^^^^^^^^
  File "/usr/local/lib/python3.11/site-packages/channels/routing.py", line 118, in __call__
    return await application(
           ^^^^^^^^^^^^^^^^^^
  File "/usr/local/lib/python3.11/site-packages/channels/consumer.py", line 95, in app
    return await consumer(scope, receive, send)
           ^^^^^^^^^^^^^^^^^^^^^^^^^^^^^^^^^^^^
  File "/usr/local/lib/python3.11/site-packages/channels/consumer.py", line 58, in __call__
    await await_many_dispatch(
  File "/usr/local/lib/python3.11/site-packages/channels/utils.py", line 57, in await_many_dispatch
    await task
redis.exceptions.TimeoutError: Timeout reading from client_staging_redis:6379
ERROR 2026-08-16 01:45:02,658 server 7 128229910542016 Exception inside application: Timeout reading from client_staging_redis:6379
Traceback (most recent call last):
  File "/usr/local/lib/python3.11/site-packages/redis/asyncio/connection.py", line 1286, in read_response
    response = await self._read_response_from_parser(
               ^^^^^^^^^^^^^^^^^^^^^^^^^^^^^^^^^^^^^^
  File "/usr/local/lib/python3.11/site-packages/redis/asyncio/connection.py", line 1335, in _read_response_from_parser
    return await self._parser.read_response(
           ^^^^^^^^^^^^^^^^^^^^^^^^^^^^^^^^^
  File "/usr/local/lib/python3.11/site-packages/redis/_parsers/resp3.py", line 185, in read_response
    response = await self._read_response(
               ^^^^^^^^^^^^^^^^^^^^^^^^^^
  File "/usr/local/lib/python3.11/site-packages/redis/_parsers/resp3.py", line 197, in _read_response
    raw = await self._readline()
          ^^^^^^^^^^^^^^^^^^^^^^
  File "/usr/local/lib/python3.11/site-packages/redis/_parsers/base.py", line 587, in _readline
    data = await self._stream.readline()
           ^^^^^^^^^^^^^^^^^^^^^^^^^^^^^
  File "/usr/local/lib/python3.11/asyncio/streams.py", line 566, in readline
    line = await self.readuntil(sep)
           ^^^^^^^^^^^^^^^^^^^^^^^^^
  File "/usr/local/lib/python3.11/asyncio/streams.py", line 658, in readuntil
    await self._wait_for_data('readuntil')
  File "/usr/local/lib/python3.11/asyncio/streams.py", line 543, in _wait_for_data
    await self._waiter
asyncio.exceptions.CancelledError

The above exception was the direct cause of the following exception:

Traceback (most recent call last):
  File "/usr/local/lib/python3.11/site-packages/redis/asyncio/connection.py", line 1283, in read_response
    async with timeout_context as active_timeout:
  File "/usr/local/lib/python3.11/asyncio/timeouts.py", line 115, in __aexit__
    raise TimeoutError from exc_val
TimeoutError

During handling of the above exception, another exception occurred:

Traceback (most recent call last):
  File "/usr/local/lib/python3.11/site-packages/channels/routing.py", line 48, in __call__
    return await application(scope, receive, send)
           ^^^^^^^^^^^^^^^^^^^^^^^^^^^^^^^^^^^^^^^
  File "/app/main/ws_auth.py", line 30, in __call__
    return await self.inner(scope, receive, send)
           ^^^^^^^^^^^^^^^^^^^^^^^^^^^^^^^^^^^^^^
  File "/usr/local/lib/python3.11/site-packages/channels/routing.py", line 118, in __call__
    return await application(
           ^^^^^^^^^^^^^^^^^^
  File "/usr/local/lib/python3.11/site-packages/channels/consumer.py", line 95, in app
    return await consumer(scope, receive, send)
           ^^^^^^^^^^^^^^^^^^^^^^^^^^^^^^^^^^^^
  File "/usr/local/lib/python3.11/site-packages/channels/consumer.py", line 58, in __call__
    await await_many_dispatch(
  File "/usr/local/lib/python3.11/site-packages/channels/utils.py", line 57, in await_many_dispatch
    await task
redis.exceptions.TimeoutError: Timeout reading from client_staging_redis:6379
ERROR 2026-08-16 01:45:12,677 server 7 128229910542016 Exception inside application: Timeout reading from client_staging_redis:6379
Traceback (most recent call last):
  File "/usr/local/lib/python3.11/site-packages/redis/asyncio/connection.py", line 1286, in read_response
    response = await self._read_response_from_parser(
               ^^^^^^^^^^^^^^^^^^^^^^^^^^^^^^^^^^^^^^
  File "/usr/local/lib/python3.11/site-packages/redis/asyncio/connection.py", line 1335, in _read_response_from_parser
    return await self._parser.read_response(
           ^^^^^^^^^^^^^^^^^^^^^^^^^^^^^^^^^
  File "/usr/local/lib/python3.11/site-packages/redis/_parsers/resp3.py", line 185, in read_response
    response = await self._read_response(
               ^^^^^^^^^^^^^^^^^^^^^^^^^^
  File "/usr/local/lib/python3.11/site-packages/redis/_parsers/resp3.py", line 197, in _read_response
    raw = await self._readline()
          ^^^^^^^^^^^^^^^^^^^^^^
  File "/usr/local/lib/python3.11/site-packages/redis/_parsers/base.py", line 587, in _readline
    data = await self._stream.readline()
           ^^^^^^^^^^^^^^^^^^^^^^^^^^^^^
  File "/usr/local/lib/python3.11/asyncio/streams.py", line 566, in readline
    line = await self.readuntil(sep)
           ^^^^^^^^^^^^^^^^^^^^^^^^^
  File "/usr/local/lib/python3.11/asyncio/streams.py", line 658, in readuntil
    await self._wait_for_data('readuntil')
  File "/usr/local/lib/python3.11/asyncio/streams.py", line 543, in _wait_for_data
    await self._waiter
asyncio.exceptions.CancelledError

The above exception was the direct cause of the following exception:

Traceback (most recent call last):
  File "/usr/local/lib/python3.11/site-packages/redis/asyncio/connection.py", line 1283, in read_response
    async with timeout_context as active_timeout:
  File "/usr/local/lib/python3.11/asyncio/timeouts.py", line 115, in __aexit__
    raise TimeoutError from exc_val
TimeoutError

During handling of the above exception, another exception occurred:

Traceback (most recent call last):
  File "/usr/local/lib/python3.11/site-packages/channels/routing.py", line 48, in __call__
    return await application(scope, receive, send)
           ^^^^^^^^^^^^^^^^^^^^^^^^^^^^^^^^^^^^^^^
  File "/app/main/ws_auth.py", line 30, in __call__
    return await self.inner(scope, receive, send)
           ^^^^^^^^^^^^^^^^^^^^^^^^^^^^^^^^^^^^^^
  File "/usr/local/lib/python3.11/site-packages/channels/routing.py", line 118, in __call__
    return await application(
           ^^^^^^^^^^^^^^^^^^
  File "/usr/local/lib/python3.11/site-packages/channels/consumer.py", line 95, in app
    return await consumer(scope, receive, send)
           ^^^^^^^^^^^^^^^^^^^^^^^^^^^^^^^^^^^^
  File "/usr/local/lib/python3.11/site-packages/channels/consumer.py", line 58, in __call__
    await await_many_dispatch(
  File "/usr/local/lib/python3.11/site-packages/channels/utils.py", line 57, in await_many_dispatch
    await task
redis.exceptions.TimeoutError: Timeout reading from client_staging_redis:6379
ERROR 2026-08-16 01:45:17,686 server 7 128229910542016 Exception inside application: Timeout reading from client_staging_redis:6379
Traceback (most recent call last):
  File "/usr/local/lib/python3.11/site-packages/redis/asyncio/connection.py", line 1286, in read_response
    response = await self._read_response_from_parser(
               ^^^^^^^^^^^^^^^^^^^^^^^^^^^^^^^^^^^^^^
  File "/usr/local/lib/python3.11/site-packages/redis/asyncio/connection.py", line 1335, in _read_response_from_parser
    return await self._parser.read_response(
           ^^^^^^^^^^^^^^^^^^^^^^^^^^^^^^^^^
  File "/usr/local/lib/python3.11/site-packages/redis/_parsers/resp3.py", line 185, in read_response
    response = await self._read_response(
               ^^^^^^^^^^^^^^^^^^^^^^^^^^
  File "/usr/local/lib/python3.11/site-packages/redis/_parsers/resp3.py", line 197, in _read_response
    raw = await self._readline()
          ^^^^^^^^^^^^^^^^^^^^^^
  File "/usr/local/lib/python3.11/site-packages/redis/_parsers/base.py", line 587, in _readline
    data = await self._stream.readline()
           ^^^^^^^^^^^^^^^^^^^^^^^^^^^^^
  File "/usr/local/lib/python3.11/asyncio/streams.py", line 566, in readline
    line = await self.readuntil(sep)
           ^^^^^^^^^^^^^^^^^^^^^^^^^
  File "/usr/local/lib/python3.11/asyncio/streams.py", line 658, in readuntil
    await self._wait_for_data('readuntil')
  File "/usr/local/lib/python3.11/asyncio/streams.py", line 543, in _wait_for_data
    await self._waiter
asyncio.exceptions.CancelledError

The above exception was the direct cause of the following exception:

Traceback (most recent call last):
  File "/usr/local/lib/python3.11/site-packages/redis/asyncio/connection.py", line 1283, in read_response
    async with timeout_context as active_timeout:
  File "/usr/local/lib/python3.11/asyncio/timeouts.py", line 115, in __aexit__
    raise TimeoutError from exc_val
TimeoutError

During handling of the above exception, another exception occurred:

Traceback (most recent call last):
  File "/usr/local/lib/python3.11/site-packages/channels/routing.py", line 48, in __call__
    return await application(scope, receive, send)
           ^^^^^^^^^^^^^^^^^^^^^^^^^^^^^^^^^^^^^^^
  File "/app/main/ws_auth.py", line 30, in __call__
    return await self.inner(scope, receive, send)
           ^^^^^^^^^^^^^^^^^^^^^^^^^^^^^^^^^^^^^^
  File "/usr/local/lib/python3.11/site-packages/channels/routing.py", line 118, in __call__
    return await application(
           ^^^^^^^^^^^^^^^^^^
  File "/usr/local/lib/python3.11/site-packages/channels/consumer.py", line 95, in app
    return await consumer(scope, receive, send)
           ^^^^^^^^^^^^^^^^^^^^^^^^^^^^^^^^^^^^
  File "/usr/local/lib/python3.11/site-packages/channels/consumer.py", line 58, in __call__
    await await_many_dispatch(
  File "/usr/local/lib/python3.11/site-packages/channels/utils.py", line 57, in await_many_dispatch
    await task
redis.exceptions.TimeoutError: Timeout reading from client_staging_redis:6379
ERROR 2026-08-16 01:45:27,701 server 7 128229910542016 Exception inside application: Timeout reading from client_staging_redis:6379
Traceback (most recent call last):
  File "/usr/local/lib/python3.11/site-packages/redis/asyncio/connection.py", line 1286, in read_response
    response = await self._read_response_from_parser(
               ^^^^^^^^^^^^^^^^^^^^^^^^^^^^^^^^^^^^^^
  File "/usr/local/lib/python3.11/site-packages/redis/asyncio/connection.py", line 1335, in _read_response_from_parser
    return await self._parser.read_response(
           ^^^^^^^^^^^^^^^^^^^^^^^^^^^^^^^^^
  File "/usr/local/lib/python3.11/site-packages/redis/_parsers/resp3.py", line 185, in read_response
    response = await self._read_response(
               ^^^^^^^^^^^^^^^^^^^^^^^^^^
  File "/usr/local/lib/python3.11/site-packages/redis/_parsers/resp3.py", line 197, in _read_response
    raw = await self._readline()
          ^^^^^^^^^^^^^^^^^^^^^^
  File "/usr/local/lib/python3.11/site-packages/redis/_parsers/base.py", line 587, in _readline
    data = await self._stream.readline()
           ^^^^^^^^^^^^^^^^^^^^^^^^^^^^^
  File "/usr/local/lib/python3.11/asyncio/streams.py", line 566, in readline
    line = await self.readuntil(sep)
           ^^^^^^^^^^^^^^^^^^^^^^^^^
  File "/usr/local/lib/python3.11/asyncio/streams.py", line 658, in readuntil
    await self._wait_for_data('readuntil')
  File "/usr/local/lib/python3.11/asyncio/streams.py", line 543, in _wait_for_data
    await self._waiter
asyncio.exceptions.CancelledError

The above exception was the direct cause of the following exception:

Traceback (most recent call last):
  File "/usr/local/lib/python3.11/site-packages/redis/asyncio/connection.py", line 1283, in read_response
    async with timeout_context as active_timeout:
  File "/usr/local/lib/python3.11/asyncio/timeouts.py", line 115, in __aexit__
    raise TimeoutError from exc_val
TimeoutError

During handling of the above exception, another exception occurred:

Traceback (most recent call last):
  File "/usr/local/lib/python3.11/site-packages/channels/routing.py", line 48, in __call__
    return await application(scope, receive, send)
           ^^^^^^^^^^^^^^^^^^^^^^^^^^^^^^^^^^^^^^^
  File "/app/main/ws_auth.py", line 30, in __call__
    return await self.inner(scope, receive, send)
           ^^^^^^^^^^^^^^^^^^^^^^^^^^^^^^^^^^^^^^
  File "/usr/local/lib/python3.11/site-packages/channels/routing.py", line 118, in __call__
    return await application(
           ^^^^^^^^^^^^^^^^^^
  File "/usr/local/lib/python3.11/site-packages/channels/consumer.py", line 95, in app
    return await consumer(scope, receive, send)
           ^^^^^^^^^^^^^^^^^^^^^^^^^^^^^^^^^^^^
  File "/usr/local/lib/python3.11/site-packages/channels/consumer.py", line 58, in __call__
    await await_many_dispatch(
  File "/usr/local/lib/python3.11/site-packages/channels/utils.py", line 57, in await_many_dispatch
    await task
redis.exceptions.TimeoutError: Timeout reading from client_staging_redis:6379
ERROR 2026-08-16 01:45:37,776 server 7 128229910542016 Exception inside application: Timeout reading from client_staging_redis:6379
Traceback (most recent call last):
  File "/usr/local/lib/python3.11/site-packages/redis/asyncio/connection.py", line 1286, in read_response
    response = await self._read_response_from_parser(
               ^^^^^^^^^^^^^^^^^^^^^^^^^^^^^^^^^^^^^^
  File "/usr/local/lib/python3.11/site-packages/redis/asyncio/connection.py", line 1335, in _read_response_from_parser
    return await self._parser.read_response(
           ^^^^^^^^^^^^^^^^^^^^^^^^^^^^^^^^^
  File "/usr/local/lib/python3.11/site-packages/redis/_parsers/resp3.py", line 185, in read_response
    response = await self._read_response(
               ^^^^^^^^^^^^^^^^^^^^^^^^^^
  File "/usr/local/lib/python3.11/site-packages/redis/_parsers/resp3.py", line 197, in _read_response
    raw = await self._readline()
          ^^^^^^^^^^^^^^^^^^^^^^
  File "/usr/local/lib/python3.11/site-packages/redis/_parsers/base.py", line 587, in _readline
    data = await self._stream.readline()
           ^^^^^^^^^^^^^^^^^^^^^^^^^^^^^
  File "/usr/local/lib/python3.11/asyncio/streams.py", line 566, in readline
    line = await self.readuntil(sep)
           ^^^^^^^^^^^^^^^^^^^^^^^^^
  File "/usr/local/lib/python3.11/asyncio/streams.py", line 658, in readuntil
    await self._wait_for_data('readuntil')
  File "/usr/local/lib/python3.11/asyncio/streams.py", line 543, in _wait_for_data
    await self._waiter
asyncio.exceptions.CancelledError

The above exception was the direct cause of the following exception:

Traceback (most recent call last):
  File "/usr/local/lib/python3.11/site-packages/redis/asyncio/connection.py", line 1283, in read_response
    async with timeout_context as active_timeout:
  File "/usr/local/lib/python3.11/asyncio/timeouts.py", line 115, in __aexit__
    raise TimeoutError from exc_val
TimeoutError

During handling of the above exception, another exception occurred:

Traceback (most recent call last):
  File "/usr/local/lib/python3.11/site-packages/channels/routing.py", line 48, in __call__
    return await application(scope, receive, send)
           ^^^^^^^^^^^^^^^^^^^^^^^^^^^^^^^^^^^^^^^
  File "/app/main/ws_auth.py", line 30, in __call__
    return await self.inner(scope, receive, send)
           ^^^^^^^^^^^^^^^^^^^^^^^^^^^^^^^^^^^^^^
  File "/usr/local/lib/python3.11/site-packages/channels/routing.py", line 118, in __call__
    return await application(
           ^^^^^^^^^^^^^^^^^^
  File "/usr/local/lib/python3.11/site-packages/channels/consumer.py", line 95, in app
    return await consumer(scope, receive, send)
           ^^^^^^^^^^^^^^^^^^^^^^^^^^^^^^^^^^^^
  File "/usr/local/lib/python3.11/site-packages/channels/consumer.py", line 58, in __call__
    await await_many_dispatch(
  File "/usr/local/lib/python3.11/site-packages/channels/utils.py", line 57, in await_many_dispatch
    await task
redis.exceptions.TimeoutError: Timeout reading from client_staging_redis:6379
ERROR 2026-08-16 01:45:47,791 server 7 128229910542016 Exception inside application: Timeout reading from client_staging_redis:6379
Traceback (most recent call last):
  File "/usr/local/lib/python3.11/site-packages/redis/asyncio/connection.py", line 1286, in read_response
    response = await self._read_response_from_parser(
               ^^^^^^^^^^^^^^^^^^^^^^^^^^^^^^^^^^^^^^
  File "/usr/local/lib/python3.11/site-packages/redis/asyncio/connection.py", line 1335, in _read_response_from_parser
    return await self._parser.read_response(
           ^^^^^^^^^^^^^^^^^^^^^^^^^^^^^^^^^
  File "/usr/local/lib/python3.11/site-packages/redis/_parsers/resp3.py", line 185, in read_response
    response = await self._read_response(
               ^^^^^^^^^^^^^^^^^^^^^^^^^^
  File "/usr/local/lib/python3.11/site-packages/redis/_parsers/resp3.py", line 197, in _read_response
    raw = await self._readline()
          ^^^^^^^^^^^^^^^^^^^^^^
  File "/usr/local/lib/python3.11/site-packages/redis/_parsers/base.py", line 587, in _readline
    data = await self._stream.readline()
           ^^^^^^^^^^^^^^^^^^^^^^^^^^^^^
  File "/usr/local/lib/python3.11/asyncio/streams.py", line 566, in readline
    line = await self.readuntil(sep)
           ^^^^^^^^^^^^^^^^^^^^^^^^^
  File "/usr/local/lib/python3.11/asyncio/streams.py", line 658, in readuntil
    await self._wait_for_data('readuntil')
  File "/usr/local/lib/python3.11/asyncio/streams.py", line 543, in _wait_for_data
    await self._waiter
asyncio.exceptions.CancelledError

The above exception was the direct cause of the following exception:

Traceback (most recent call last):
  File "/usr/local/lib/python3.11/site-packages/redis/asyncio/connection.py", line 1283, in read_response
    async with timeout_context as active_timeout:
  File "/usr/local/lib/python3.11/asyncio/timeouts.py", line 115, in __aexit__
    raise TimeoutError from exc_val
TimeoutError

During handling of the above exception, another exception occurred:

Traceback (most recent call last):
  File "/usr/local/lib/python3.11/site-packages/channels/routing.py", line 48, in __call__
    return await application(scope, receive, send)
           ^^^^^^^^^^^^^^^^^^^^^^^^^^^^^^^^^^^^^^^
  File "/app/main/ws_auth.py", line 30, in __call__
    return await self.inner(scope, receive, send)
           ^^^^^^^^^^^^^^^^^^^^^^^^^^^^^^^^^^^^^^
  File "/usr/local/lib/python3.11/site-packages/channels/routing.py", line 118, in __call__
    return await application(
           ^^^^^^^^^^^^^^^^^^
  File "/usr/local/lib/python3.11/site-packages/channels/consumer.py", line 95, in app
    return await consumer(scope, receive, send)
           ^^^^^^^^^^^^^^^^^^^^^^^^^^^^^^^^^^^^
  File "/usr/local/lib/python3.11/site-packages/channels/consumer.py", line 58, in __call__
    await await_many_dispatch(
  File "/usr/local/lib/python3.11/site-packages/channels/utils.py", line 57, in await_many_dispatch
    await task
redis.exceptions.TimeoutError: Timeout reading from client_staging_redis:6379
ERROR 2026-08-16 01:45:57,804 server 7 128229910542016 Exception inside application: Timeout reading from client_staging_redis:6379
Traceback (most recent call last):
  File "/usr/local/lib/python3.11/site-packages/redis/asyncio/connection.py", line 1286, in read_response
    response = await self._read_response_from_parser(
               ^^^^^^^^^^^^^^^^^^^^^^^^^^^^^^^^^^^^^^
  File "/usr/local/lib/python3.11/site-packages/redis/asyncio/connection.py", line 1335, in _read_response_from_parser
    return await self._parser.read_response(
           ^^^^^^^^^^^^^^^^^^^^^^^^^^^^^^^^^
  File "/usr/local/lib/python3.11/site-packages/redis/_parsers/resp3.py", line 185, in read_response
    response = await self._read_response(
               ^^^^^^^^^^^^^^^^^^^^^^^^^^
  File "/usr/local/lib/python3.11/site-packages/redis/_parsers/resp3.py", line 197, in _read_response
    raw = await self._readline()
          ^^^^^^^^^^^^^^^^^^^^^^
  File "/usr/local/lib/python3.11/site-packages/redis/_parsers/base.py", line 587, in _readline
    data = await self._stream.readline()
           ^^^^^^^^^^^^^^^^^^^^^^^^^^^^^
  File "/usr/local/lib/python3.11/asyncio/streams.py", line 566, in readline
    line = await self.readuntil(sep)
           ^^^^^^^^^^^^^^^^^^^^^^^^^
  File "/usr/local/lib/python3.11/asyncio/streams.py", line 658, in readuntil
    await self._wait_for_data('readuntil')
  File "/usr/local/lib/python3.11/asyncio/streams.py", line 543, in _wait_for_data
    await self._waiter
asyncio.exceptions.CancelledError

The above exception was the direct cause of the following exception:

Traceback (most recent call last):
  File "/usr/local/lib/python3.11/site-packages/redis/asyncio/connection.py", line 1283, in read_response
    async with timeout_context as active_timeout:
  File "/usr/local/lib/python3.11/asyncio/timeouts.py", line 115, in __aexit__
    raise TimeoutError from exc_val
TimeoutError

During handling of the above exception, another exception occurred:

Traceback (most recent call last):
  File "/usr/local/lib/python3.11/site-packages/channels/routing.py", line 48, in __call__
    return await application(scope, receive, send)
           ^^^^^^^^^^^^^^^^^^^^^^^^^^^^^^^^^^^^^^^
  File "/app/main/ws_auth.py", line 30, in __call__
    return await self.inner(scope, receive, send)
           ^^^^^^^^^^^^^^^^^^^^^^^^^^^^^^^^^^^^^^
  File "/usr/local/lib/python3.11/site-packages/channels/routing.py", line 118, in __call__
    return await application(
           ^^^^^^^^^^^^^^^^^^
  File "/usr/local/lib/python3.11/site-packages/channels/consumer.py", line 95, in app
    return await consumer(scope, receive, send)
           ^^^^^^^^^^^^^^^^^^^^^^^^^^^^^^^^^^^^
  File "/usr/local/lib/python3.11/site-packages/channels/consumer.py", line 58, in __call__
    await await_many_dispatch(
  File "/usr/local/lib/python3.11/site-packages/channels/utils.py", line 57, in await_many_dispatch
    await task
redis.exceptions.TimeoutError: Timeout reading from client_staging_redis:6379
ERROR 2026-08-16 01:46:12,824 server 7 128229910542016 Exception inside application: Timeout reading from client_staging_redis:6379
Traceback (most recent call last):
  File "/usr/local/lib/python3.11/site-packages/redis/asyncio/connection.py", line 1286, in read_response
    response = await self._read_response_from_parser(
               ^^^^^^^^^^^^^^^^^^^^^^^^^^^^^^^^^^^^^^
  File "/usr/local/lib/python3.11/site-packages/redis/asyncio/connection.py", line 1335, in _read_response_from_parser
    return await self._parser.read_response(
           ^^^^^^^^^^^^^^^^^^^^^^^^^^^^^^^^^
  File "/usr/local/lib/python3.11/site-packages/redis/_parsers/resp3.py", line 185, in read_response
    response = await self._read_response(
               ^^^^^^^^^^^^^^^^^^^^^^^^^^
  File "/usr/local/lib/python3.11/site-packages/redis/_parsers/resp3.py", line 197, in _read_response
    raw = await self._readline()
          ^^^^^^^^^^^^^^^^^^^^^^
  File "/usr/local/lib/python3.11/site-packages/redis/_parsers/base.py", line 587, in _readline
    data = await self._stream.readline()
           ^^^^^^^^^^^^^^^^^^^^^^^^^^^^^
  File "/usr/local/lib/python3.11/asyncio/streams.py", line 566, in readline
    line = await self.readuntil(sep)
           ^^^^^^^^^^^^^^^^^^^^^^^^^
  File "/usr/local/lib/python3.11/asyncio/streams.py", line 658, in readuntil
    await self._wait_for_data('readuntil')
  File "/usr/local/lib/python3.11/asyncio/streams.py", line 543, in _wait_for_data
    await self._waiter
asyncio.exceptions.CancelledError

The above exception was the direct cause of the following exception:

Traceback (most recent call last):
  File "/usr/local/lib/python3.11/site-packages/redis/asyncio/connection.py", line 1283, in read_response
    async with timeout_context as active_timeout:
  File "/usr/local/lib/python3.11/asyncio/timeouts.py", line 115, in __aexit__
    raise TimeoutError from exc_val
TimeoutError

During handling of the above exception, another exception occurred:

Traceback (most recent call last):
  File "/usr/local/lib/python3.11/site-packages/channels/routing.py", line 48, in __call__
    return await application(scope, receive, send)
           ^^^^^^^^^^^^^^^^^^^^^^^^^^^^^^^^^^^^^^^
  File "/app/main/ws_auth.py", line 30, in __call__
    return await self.inner(scope, receive, send)
           ^^^^^^^^^^^^^^^^^^^^^^^^^^^^^^^^^^^^^^
  File "/usr/local/lib/python3.11/site-packages/channels/routing.py", line 118, in __call__
    return await application(
           ^^^^^^^^^^^^^^^^^^
  File "/usr/local/lib/python3.11/site-packages/channels/consumer.py", line 95, in app
    return await consumer(scope, receive, send)
           ^^^^^^^^^^^^^^^^^^^^^^^^^^^^^^^^^^^^
  File "/usr/local/lib/python3.11/site-packages/channels/consumer.py", line 58, in __call__
    await await_many_dispatch(
  File "/usr/local/lib/python3.11/site-packages/channels/utils.py", line 57, in await_many_dispatch
    await task
redis.exceptions.TimeoutError: Timeout reading from client_staging_redis:6379
ERROR 2026-08-16 01:46:22,839 server 7 128229910542016 Exception inside application: Timeout reading from client_staging_redis:6379
Traceback (most recent call last):
  File "/usr/local/lib/python3.11/site-packages/redis/asyncio/connection.py", line 1286, in read_response
    response = await self._read_response_from_parser(
               ^^^^^^^^^^^^^^^^^^^^^^^^^^^^^^^^^^^^^^
  File "/usr/local/lib/python3.11/site-packages/redis/asyncio/connection.py", line 1335, in _read_response_from_parser
    return await self._parser.read_response(
           ^^^^^^^^^^^^^^^^^^^^^^^^^^^^^^^^^
  File "/usr/local/lib/python3.11/site-packages/redis/_parsers/resp3.py", line 185, in read_response
    response = await self._read_response(
               ^^^^^^^^^^^^^^^^^^^^^^^^^^
  File "/usr/local/lib/python3.11/site-packages/redis/_parsers/resp3.py", line 197, in _read_response
    raw = await self._readline()
          ^^^^^^^^^^^^^^^^^^^^^^
  File "/usr/local/lib/python3.11/site-packages/redis/_parsers/base.py", line 587, in _readline
    data = await self._stream.readline()
           ^^^^^^^^^^^^^^^^^^^^^^^^^^^^^
  File "/usr/local/lib/python3.11/asyncio/streams.py", line 566, in readline
    line = await self.readuntil(sep)
           ^^^^^^^^^^^^^^^^^^^^^^^^^
  File "/usr/local/lib/python3.11/asyncio/streams.py", line 658, in readuntil
    await self._wait_for_data('readuntil')
  File "/usr/local/lib/python3.11/asyncio/streams.py", line 543, in _wait_for_data
    await self._waiter
asyncio.exceptions.CancelledError

The above exception was the direct cause of the following exception:

Traceback (most recent call last):
  File "/usr/local/lib/python3.11/site-packages/redis/asyncio/connection.py", line 1283, in read_response
    async with timeout_context as active_timeout:
  File "/usr/local/lib/python3.11/asyncio/timeouts.py", line 115, in __aexit__
    raise TimeoutError from exc_val
TimeoutError

During handling of the above exception, another exception occurred:

Traceback (most recent call last):
  File "/usr/local/lib/python3.11/site-packages/channels/routing.py", line 48, in __call__
    return await application(scope, receive, send)
           ^^^^^^^^^^^^^^^^^^^^^^^^^^^^^^^^^^^^^^^
  File "/app/main/ws_auth.py", line 30, in __call__
    return await self.inner(scope, receive, send)
           ^^^^^^^^^^^^^^^^^^^^^^^^^^^^^^^^^^^^^^
  File "/usr/local/lib/python3.11/site-packages/channels/routing.py", line 118, in __call__
    return await application(
           ^^^^^^^^^^^^^^^^^^
  File "/usr/local/lib/python3.11/site-packages/channels/consumer.py", line 95, in app
    return await consumer(scope, receive, send)
           ^^^^^^^^^^^^^^^^^^^^^^^^^^^^^^^^^^^^
  File "/usr/local/lib/python3.11/site-packages/channels/consumer.py", line 58, in __call__
    await await_many_dispatch(
  File "/usr/local/lib/python3.11/site-packages/channels/utils.py", line 57, in await_many_dispatch
    await task
redis.exceptions.TimeoutError: Timeout reading from client_staging_redis:6379
ERROR 2026-08-16 01:46:32,851 server 7 128229910542016 Exception inside application: Timeout reading from client_staging_redis:6379
Traceback (most recent call last):
  File "/usr/local/lib/python3.11/site-packages/redis/asyncio/connection.py", line 1286, in read_response
    response = await self._read_response_from_parser(
               ^^^^^^^^^^^^^^^^^^^^^^^^^^^^^^^^^^^^^^
  File "/usr/local/lib/python3.11/site-packages/redis/asyncio/connection.py", line 1335, in _read_response_from_parser
    return await self._parser.read_response(
           ^^^^^^^^^^^^^^^^^^^^^^^^^^^^^^^^^
  File "/usr/local/lib/python3.11/site-packages/redis/_parsers/resp3.py", line 185, in read_response
    response = await self._read_response(
               ^^^^^^^^^^^^^^^^^^^^^^^^^^
  File "/usr/local/lib/python3.11/site-packages/redis/_parsers/resp3.py", line 197, in _read_response
    raw = await self._readline()
          ^^^^^^^^^^^^^^^^^^^^^^
  File "/usr/local/lib/python3.11/site-packages/redis/_parsers/base.py", line 587, in _readline
    data = await self._stream.readline()
           ^^^^^^^^^^^^^^^^^^^^^^^^^^^^^
  File "/usr/local/lib/python3.11/asyncio/streams.py", line 566, in readline
    line = await self.readuntil(sep)
           ^^^^^^^^^^^^^^^^^^^^^^^^^
  File "/usr/local/lib/python3.11/asyncio/streams.py", line 658, in readuntil
    await self._wait_for_data('readuntil')
  File "/usr/local/lib/python3.11/asyncio/streams.py", line 543, in _wait_for_data
    await self._waiter
asyncio.exceptions.CancelledError

The above exception was the direct cause of the following exception:

Traceback (most recent call last):
  File "/usr/local/lib/python3.11/site-packages/redis/asyncio/connection.py", line 1283, in read_response
    async with timeout_context as active_timeout:
  File "/usr/local/lib/python3.11/asyncio/timeouts.py", line 115, in __aexit__
    raise TimeoutError from exc_val
TimeoutError

During handling of the above exception, another exception occurred:

Traceback (most recent call last):
  File "/usr/local/lib/python3.11/site-packages/channels/routing.py", line 48, in __call__
    return await application(scope, receive, send)
           ^^^^^^^^^^^^^^^^^^^^^^^^^^^^^^^^^^^^^^^
  File "/app/main/ws_auth.py", line 30, in __call__
    return await self.inner(scope, receive, send)
           ^^^^^^^^^^^^^^^^^^^^^^^^^^^^^^^^^^^^^^
  File "/usr/local/lib/python3.11/site-packages/channels/routing.py", line 118, in __call__
    return await application(
           ^^^^^^^^^^^^^^^^^^
  File "/usr/local/lib/python3.11/site-packages/channels/consumer.py", line 95, in app
    return await consumer(scope, receive, send)
           ^^^^^^^^^^^^^^^^^^^^^^^^^^^^^^^^^^^^
  File "/usr/local/lib/python3.11/site-packages/channels/consumer.py", line 58, in __call__
    await await_many_dispatch(
  File "/usr/local/lib/python3.11/site-packages/channels/utils.py", line 57, in await_many_dispatch
    await task
redis.exceptions.TimeoutError: Timeout reading from client_staging_redis:6379
ERROR 2026-08-16 01:46:42,868 server 7 128229910542016 Exception inside application: Timeout reading from client_staging_redis:6379
Traceback (most recent call last):
  File "/usr/local/lib/python3.11/site-packages/redis/asyncio/connection.py", line 1286, in read_response
    response = await self._read_response_from_parser(
               ^^^^^^^^^^^^^^^^^^^^^^^^^^^^^^^^^^^^^^
  File "/usr/local/lib/python3.11/site-packages/redis/asyncio/connection.py", line 1335, in _read_response_from_parser
    return await self._parser.read_response(
           ^^^^^^^^^^^^^^^^^^^^^^^^^^^^^^^^^
  File "/usr/local/lib/python3.11/site-packages/redis/_parsers/resp3.py", line 185, in read_response
    response = await self._read_response(
               ^^^^^^^^^^^^^^^^^^^^^^^^^^
  File "/usr/local/lib/python3.11/site-packages/redis/_parsers/resp3.py", line 197, in _read_response
    raw = await self._readline()
          ^^^^^^^^^^^^^^^^^^^^^^
  File "/usr/local/lib/python3.11/site-packages/redis/_parsers/base.py", line 587, in _readline
    data = await self._stream.readline()
           ^^^^^^^^^^^^^^^^^^^^^^^^^^^^^
  File "/usr/local/lib/python3.11/asyncio/streams.py", line 566, in readline
    line = await self.readuntil(sep)
           ^^^^^^^^^^^^^^^^^^^^^^^^^
  File "/usr/local/lib/python3.11/asyncio/streams.py", line 658, in readuntil
    await self._wait_for_data('readuntil')
  File "/usr/local/lib/python3.11/asyncio/streams.py", line 543, in _wait_for_data
    await self._waiter
asyncio.exceptions.CancelledError

The above exception was the direct cause of the following exception:

Traceback (most recent call last):
  File "/usr/local/lib/python3.11/site-packages/redis/asyncio/connection.py", line 1283, in read_response
    async with timeout_context as active_timeout:
  File "/usr/local/lib/python3.11/asyncio/timeouts.py", line 115, in __aexit__
    raise TimeoutError from exc_val
TimeoutError

During handling of the above exception, another exception occurred:

Traceback (most recent call last):
  File "/usr/local/lib/python3.11/site-packages/channels/routing.py", line 48, in __call__
    return await application(scope, receive, send)
           ^^^^^^^^^^^^^^^^^^^^^^^^^^^^^^^^^^^^^^^
  File "/app/main/ws_auth.py", line 30, in __call__
    return await self.inner(scope, receive, send)
           ^^^^^^^^^^^^^^^^^^^^^^^^^^^^^^^^^^^^^^
  File "/usr/local/lib/python3.11/site-packages/channels/routing.py", line 118, in __call__
    return await application(
           ^^^^^^^^^^^^^^^^^^
  File "/usr/local/lib/python3.11/site-packages/channels/consumer.py", line 95, in app
    return await consumer(scope, receive, send)
           ^^^^^^^^^^^^^^^^^^^^^^^^^^^^^^^^^^^^
  File "/usr/local/lib/python3.11/site-packages/channels/consumer.py", line 58, in __call__
    await await_many_dispatch(
  File "/usr/local/lib/python3.11/site-packages/channels/utils.py", line 57, in await_many_dispatch
    await task
redis.exceptions.TimeoutError: Timeout reading from client_staging_redis:6379
ERROR 2026-08-16 01:46:52,885 server 7 128229910542016 Exception inside application: Timeout reading from client_staging_redis:6379
Traceback (most recent call last):
  File "/usr/local/lib/python3.11/site-packages/redis/asyncio/connection.py", line 1286, in read_response
    response = await self._read_response_from_parser(
               ^^^^^^^^^^^^^^^^^^^^^^^^^^^^^^^^^^^^^^
  File "/usr/local/lib/python3.11/site-packages/redis/asyncio/connection.py", line 1335, in _read_response_from_parser
    return await self._parser.read_response(
           ^^^^^^^^^^^^^^^^^^^^^^^^^^^^^^^^^
  File "/usr/local/lib/python3.11/site-packages/redis/_parsers/resp3.py", line 185, in read_response
    response = await self._read_response(
               ^^^^^^^^^^^^^^^^^^^^^^^^^^
  File "/usr/local/lib/python3.11/site-packages/redis/_parsers/resp3.py", line 197, in _read_response
    raw = await self._readline()
          ^^^^^^^^^^^^^^^^^^^^^^
  File "/usr/local/lib/python3.11/site-packages/redis/_parsers/base.py", line 587, in _readline
    data = await self._stream.readline()
           ^^^^^^^^^^^^^^^^^^^^^^^^^^^^^
  File "/usr/local/lib/python3.11/asyncio/streams.py", line 566, in readline
    line = await self.readuntil(sep)
           ^^^^^^^^^^^^^^^^^^^^^^^^^
  File "/usr/local/lib/python3.11/asyncio/streams.py", line 658, in readuntil
    await self._wait_for_data('readuntil')
  File "/usr/local/lib/python3.11/asyncio/streams.py", line 543, in _wait_for_data
    await self._waiter
asyncio.exceptions.CancelledError

The above exception was the direct cause of the following exception:

Traceback (most recent call last):
  File "/usr/local/lib/python3.11/site-packages/redis/asyncio/connection.py", line 1283, in read_response
    async with timeout_context as active_timeout:
  File "/usr/local/lib/python3.11/asyncio/timeouts.py", line 115, in __aexit__
    raise TimeoutError from exc_val
TimeoutError

During handling of the above exception, another exception occurred:

Traceback (most recent call last):
  File "/usr/local/lib/python3.11/site-packages/channels/routing.py", line 48, in __call__
    return await application(scope, receive, send)
           ^^^^^^^^^^^^^^^^^^^^^^^^^^^^^^^^^^^^^^^
  File "/app/main/ws_auth.py", line 30, in __call__
    return await self.inner(scope, receive, send)
           ^^^^^^^^^^^^^^^^^^^^^^^^^^^^^^^^^^^^^^
  File "/usr/local/lib/python3.11/site-packages/channels/routing.py", line 118, in __call__
    return await application(
           ^^^^^^^^^^^^^^^^^^
  File "/usr/local/lib/python3.11/site-packages/channels/consumer.py", line 95, in app
    return await consumer(scope, receive, send)
           ^^^^^^^^^^^^^^^^^^^^^^^^^^^^^^^^^^^^
  File "/usr/local/lib/python3.11/site-packages/channels/consumer.py", line 58, in __call__
    await await_many_dispatch(
  File "/usr/local/lib/python3.11/site-packages/channels/utils.py", line 57, in await_many_dispatch
    await task
redis.exceptions.TimeoutError: Timeout reading from client_staging_redis:6379
ERROR 2026-08-16 01:47:02,899 server 7 128229910542016 Exception inside application: Timeout reading from client_staging_redis:6379
Traceback (most recent call last):
  File "/usr/local/lib/python3.11/site-packages/redis/asyncio/connection.py", line 1286, in read_response
    response = await self._read_response_from_parser(
               ^^^^^^^^^^^^^^^^^^^^^^^^^^^^^^^^^^^^^^
  File "/usr/local/lib/python3.11/site-packages/redis/asyncio/connection.py", line 1335, in _read_response_from_parser
    return await self._parser.read_response(
           ^^^^^^^^^^^^^^^^^^^^^^^^^^^^^^^^^
  File "/usr/local/lib/python3.11/site-packages/redis/_parsers/resp3.py", line 185, in read_response
    response = await self._read_response(
               ^^^^^^^^^^^^^^^^^^^^^^^^^^
  File "/usr/local/lib/python3.11/site-packages/redis/_parsers/resp3.py", line 197, in _read_response
    raw = await self._readline()
          ^^^^^^^^^^^^^^^^^^^^^^
  File "/usr/local/lib/python3.11/site-packages/redis/_parsers/base.py", line 587, in _readline
    data = await self._stream.readline()
           ^^^^^^^^^^^^^^^^^^^^^^^^^^^^^
  File "/usr/local/lib/python3.11/asyncio/streams.py", line 566, in readline
    line = await self.readuntil(sep)
           ^^^^^^^^^^^^^^^^^^^^^^^^^
  File "/usr/local/lib/python3.11/asyncio/streams.py", line 658, in readuntil
    await self._wait_for_data('readuntil')
  File "/usr/local/lib/python3.11/asyncio/streams.py", line 543, in _wait_for_data
    await self._waiter
asyncio.exceptions.CancelledError

The above exception was the direct cause of the following exception:

Traceback (most recent call last):
  File "/usr/local/lib/python3.11/site-packages/redis/asyncio/connection.py", line 1283, in read_response
    async with timeout_context as active_timeout:
  File "/usr/local/lib/python3.11/asyncio/timeouts.py", line 115, in __aexit__
    raise TimeoutError from exc_val
TimeoutError

During handling of the above exception, another exception occurred:

Traceback (most recent call last):
  File "/usr/local/lib/python3.11/site-packages/channels/routing.py", line 48, in __call__
    return await application(scope, receive, send)
           ^^^^^^^^^^^^^^^^^^^^^^^^^^^^^^^^^^^^^^^
  File "/app/main/ws_auth.py", line 30, in __call__
    return await self.inner(scope, receive, send)
           ^^^^^^^^^^^^^^^^^^^^^^^^^^^^^^^^^^^^^^
  File "/usr/local/lib/python3.11/site-packages/channels/routing.py", line 118, in __call__
    return await application(
           ^^^^^^^^^^^^^^^^^^
  File "/usr/local/lib/python3.11/site-packages/channels/consumer.py", line 95, in app
    return await consumer(scope, receive, send)
           ^^^^^^^^^^^^^^^^^^^^^^^^^^^^^^^^^^^^
  File "/usr/local/lib/python3.11/site-packages/channels/consumer.py", line 58, in __call__
    await await_many_dispatch(
  File "/usr/local/lib/python3.11/site-packages/channels/utils.py", line 57, in await_many_dispatch
    await task
redis.exceptions.TimeoutError: Timeout reading from client_staging_redis:6379
ERROR 2026-08-16 01:47:12,915 server 7 128229910542016 Exception inside application: Timeout reading from client_staging_redis:6379
Traceback (most recent call last):
  File "/usr/local/lib/python3.11/site-packages/redis/asyncio/connection.py", line 1286, in read_response
    response = await self._read_response_from_parser(
               ^^^^^^^^^^^^^^^^^^^^^^^^^^^^^^^^^^^^^^
  File "/usr/local/lib/python3.11/site-packages/redis/asyncio/connection.py", line 1335, in _read_response_from_parser
    return await self._parser.read_response(
           ^^^^^^^^^^^^^^^^^^^^^^^^^^^^^^^^^
  File "/usr/local/lib/python3.11/site-packages/redis/_parsers/resp3.py", line 185, in read_response
    response = await self._read_response(
               ^^^^^^^^^^^^^^^^^^^^^^^^^^
  File "/usr/local/lib/python3.11/site-packages/redis/_parsers/resp3.py", line 197, in _read_response
    raw = await self._readline()
          ^^^^^^^^^^^^^^^^^^^^^^
  File "/usr/local/lib/python3.11/site-packages/redis/_parsers/base.py", line 587, in _readline
    data = await self._stream.readline()
           ^^^^^^^^^^^^^^^^^^^^^^^^^^^^^
  File "/usr/local/lib/python3.11/asyncio/streams.py", line 566, in readline
    line = await self.readuntil(sep)
           ^^^^^^^^^^^^^^^^^^^^^^^^^
  File "/usr/local/lib/python3.11/asyncio/streams.py", line 658, in readuntil
    await self._wait_for_data('readuntil')
  File "/usr/local/lib/python3.11/asyncio/streams.py", line 543, in _wait_for_data
    await self._waiter
asyncio.exceptions.CancelledError

The above exception was the direct cause of the following exception:

Traceback (most recent call last):
  File "/usr/local/lib/python3.11/site-packages/redis/asyncio/connection.py", line 1283, in read_response
    async with timeout_context as active_timeout:
  File "/usr/local/lib/python3.11/asyncio/timeouts.py", line 115, in __aexit__
    raise TimeoutError from exc_val
TimeoutError

During handling of the above exception, another exception occurred:

Traceback (most recent call last):
  File "/usr/local/lib/python3.11/site-packages/channels/routing.py", line 48, in __call__
    return await application(scope, receive, send)
           ^^^^^^^^^^^^^^^^^^^^^^^^^^^^^^^^^^^^^^^
  File "/app/main/ws_auth.py", line 30, in __call__
    return await self.inner(scope, receive, send)
           ^^^^^^^^^^^^^^^^^^^^^^^^^^^^^^^^^^^^^^
  File "/usr/local/lib/python3.11/site-packages/channels/routing.py", line 118, in __call__
    return await application(
           ^^^^^^^^^^^^^^^^^^
  File "/usr/local/lib/python3.11/site-packages/channels/consumer.py", line 95, in app
    return await consumer(scope, receive, send)
           ^^^^^^^^^^^^^^^^^^^^^^^^^^^^^^^^^^^^
  File "/usr/local/lib/python3.11/site-packages/channels/consumer.py", line 58, in __call__
    await await_many_dispatch(
  File "/usr/local/lib/python3.11/site-packages/channels/utils.py", line 57, in await_many_dispatch
    await task
redis.exceptions.TimeoutError: Timeout reading from client_staging_redis:6379
ERROR 2026-08-16 01:47:22,933 server 7 128229910542016 Exception inside application: Timeout reading from client_staging_redis:6379
Traceback (most recent call last):
  File "/usr/local/lib/python3.11/site-packages/redis/asyncio/connection.py", line 1286, in read_response
    response = await self._read_response_from_parser(
               ^^^^^^^^^^^^^^^^^^^^^^^^^^^^^^^^^^^^^^
  File "/usr/local/lib/python3.11/site-packages/redis/asyncio/connection.py", line 1335, in _read_response_from_parser
    return await self._parser.read_response(
           ^^^^^^^^^^^^^^^^^^^^^^^^^^^^^^^^^
  File "/usr/local/lib/python3.11/site-packages/redis/_parsers/resp3.py", line 185, in read_response
    response = await self._read_response(
               ^^^^^^^^^^^^^^^^^^^^^^^^^^
  File "/usr/local/lib/python3.11/site-packages/redis/_parsers/resp3.py", line 197, in _read_response
    raw = await self._readline()
          ^^^^^^^^^^^^^^^^^^^^^^
  File "/usr/local/lib/python3.11/site-packages/redis/_parsers/base.py", line 587, in _readline
    data = await self._stream.readline()
           ^^^^^^^^^^^^^^^^^^^^^^^^^^^^^
  File "/usr/local/lib/python3.11/asyncio/streams.py", line 566, in readline
    line = await self.readuntil(sep)
           ^^^^^^^^^^^^^^^^^^^^^^^^^
  File "/usr/local/lib/python3.11/asyncio/streams.py", line 658, in readuntil
    await self._wait_for_data('readuntil')
  File "/usr/local/lib/python3.11/asyncio/streams.py", line 543, in _wait_for_data
    await self._waiter
asyncio.exceptions.CancelledError

The above exception was the direct cause of the following exception:

Traceback (most recent call last):
  File "/usr/local/lib/python3.11/site-packages/redis/asyncio/connection.py", line 1283, in read_response
    async with timeout_context as active_timeout:
  File "/usr/local/lib/python3.11/asyncio/timeouts.py", line 115, in __aexit__
    raise TimeoutError from exc_val
TimeoutError

During handling of the above exception, another exception occurred:

Traceback (most recent call last):
  File "/usr/local/lib/python3.11/site-packages/channels/routing.py", line 48, in __call__
    return await application(scope, receive, send)
           ^^^^^^^^^^^^^^^^^^^^^^^^^^^^^^^^^^^^^^^
  File "/app/main/ws_auth.py", line 30, in __call__
    return await self.inner(scope, receive, send)
           ^^^^^^^^^^^^^^^^^^^^^^^^^^^^^^^^^^^^^^
  File "/usr/local/lib/python3.11/site-packages/channels/routing.py", line 118, in __call__
    return await application(
           ^^^^^^^^^^^^^^^^^^
  File "/usr/local/lib/python3.11/site-packages/channels/consumer.py", line 95, in app
    return await consumer(scope, receive, send)
           ^^^^^^^^^^^^^^^^^^^^^^^^^^^^^^^^^^^^
  File "/usr/local/lib/python3.11/site-packages/channels/consumer.py", line 58, in __call__
    await await_many_dispatch(
  File "/usr/local/lib/python3.11/site-packages/channels/utils.py", line 57, in await_many_dispatch
    await task
redis.exceptions.TimeoutError: Timeout reading from client_staging_redis:6379
ERROR 2026-08-16 01:47:42,313 server 273 138593948694208 Exception inside application: Timeout reading from client_staging_redis:6379
Traceback (most recent call last):
  File "/usr/local/lib/python3.11/site-packages/redis/asyncio/connection.py", line 1286, in read_response
    response = await self._read_response_from_parser(
               ^^^^^^^^^^^^^^^^^^^^^^^^^^^^^^^^^^^^^^
  File "/usr/local/lib/python3.11/site-packages/redis/asyncio/connection.py", line 1335, in _read_response_from_parser
    return await self._parser.read_response(
           ^^^^^^^^^^^^^^^^^^^^^^^^^^^^^^^^^
  File "/usr/local/lib/python3.11/site-packages/redis/_parsers/resp3.py", line 185, in read_response
    response = await self._read_response(
               ^^^^^^^^^^^^^^^^^^^^^^^^^^
  File "/usr/local/lib/python3.11/site-packages/redis/_parsers/resp3.py", line 197, in _read_response
    raw = await self._readline()
          ^^^^^^^^^^^^^^^^^^^^^^
  File "/usr/local/lib/python3.11/site-packages/redis/_parsers/base.py", line 587, in _readline
    data = await self._stream.readline()
           ^^^^^^^^^^^^^^^^^^^^^^^^^^^^^
  File "/usr/local/lib/python3.11/asyncio/streams.py", line 566, in readline
    line = await self.readuntil(sep)
           ^^^^^^^^^^^^^^^^^^^^^^^^^
  File "/usr/local/lib/python3.11/asyncio/streams.py", line 658, in readuntil
    await self._wait_for_data('readuntil')
  File "/usr/local/lib/python3.11/asyncio/streams.py", line 543, in _wait_for_data
    await self._waiter
asyncio.exceptions.CancelledError

The above exception was the direct cause of the following exception:

Traceback (most recent call last):
  File "/usr/local/lib/python3.11/site-packages/redis/asyncio/connection.py", line 1283, in read_response
    async with timeout_context as active_timeout:
  File "/usr/local/lib/python3.11/asyncio/timeouts.py", line 115, in __aexit__
    raise TimeoutError from exc_val
TimeoutError

During handling of the above exception, another exception occurred:

Traceback (most recent call last):
  File "/usr/local/lib/python3.11/site-packages/channels/routing.py", line 48, in __call__
    return await application(scope, receive, send)
           ^^^^^^^^^^^^^^^^^^^^^^^^^^^^^^^^^^^^^^^
  File "/app/main/ws_auth.py", line 30, in __call__
    return await self.inner(scope, receive, send)
           ^^^^^^^^^^^^^^^^^^^^^^^^^^^^^^^^^^^^^^
  File "/usr/local/lib/python3.11/site-packages/channels/routing.py", line 118, in __call__
    return await application(
           ^^^^^^^^^^^^^^^^^^
  File "/usr/local/lib/python3.11/site-packages/channels/consumer.py", line 95, in app
    return await consumer(scope, receive, send)
           ^^^^^^^^^^^^^^^^^^^^^^^^^^^^^^^^^^^^
  File "/usr/local/lib/python3.11/site-packages/channels/consumer.py", line 58, in __call__
    await await_many_dispatch(
  File "/usr/local/lib/python3.11/site-packages/channels/utils.py", line 57, in await_many_dispatch
    await task
redis.exceptions.TimeoutError: Timeout reading from client_staging_redis:6379
ERROR 2026-08-16 01:47:52,332 server 273 138593948694208 Exception inside application: Timeout reading from client_staging_redis:6379
Traceback (most recent call last):
  File "/usr/local/lib/python3.11/site-packages/redis/asyncio/connection.py", line 1286, in read_response
    response = await self._read_response_from_parser(
               ^^^^^^^^^^^^^^^^^^^^^^^^^^^^^^^^^^^^^^
  File "/usr/local/lib/python3.11/site-packages/redis/asyncio/connection.py", line 1335, in _read_response_from_parser
    return await self._parser.read_response(
           ^^^^^^^^^^^^^^^^^^^^^^^^^^^^^^^^^
  File "/usr/local/lib/python3.11/site-packages/redis/_parsers/resp3.py", line 185, in read_response
    response = await self._read_response(
               ^^^^^^^^^^^^^^^^^^^^^^^^^^
  File "/usr/local/lib/python3.11/site-packages/redis/_parsers/resp3.py", line 197, in _read_response
    raw = await self._readline()
          ^^^^^^^^^^^^^^^^^^^^^^
  File "/usr/local/lib/python3.11/site-packages/redis/_parsers/base.py", line 587, in _readline
    data = await self._stream.readline()
           ^^^^^^^^^^^^^^^^^^^^^^^^^^^^^
  File "/usr/local/lib/python3.11/asyncio/streams.py", line 566, in readline
    line = await self.readuntil(sep)
           ^^^^^^^^^^^^^^^^^^^^^^^^^
  File "/usr/local/lib/python3.11/asyncio/streams.py", line 658, in readuntil
    await self._wait_for_data('readuntil')
  File "/usr/local/lib/python3.11/asyncio/streams.py", line 543, in _wait_for_data
    await self._waiter
asyncio.exceptions.CancelledError

The above exception was the direct cause of the following exception:

Traceback (most recent call last):
  File "/usr/local/lib/python3.11/site-packages/redis/asyncio/connection.py", line 1283, in read_response
    async with timeout_context as active_timeout:
  File "/usr/local/lib/python3.11/asyncio/timeouts.py", line 115, in __aexit__
    raise TimeoutError from exc_val
TimeoutError

During handling of the above exception, another exception occurred:

Traceback (most recent call last):
  File "/usr/local/lib/python3.11/site-packages/channels/routing.py", line 48, in __call__
    return await application(scope, receive, send)
           ^^^^^^^^^^^^^^^^^^^^^^^^^^^^^^^^^^^^^^^
  File "/app/main/ws_auth.py", line 30, in __call__
    return await self.inner(scope, receive, send)
           ^^^^^^^^^^^^^^^^^^^^^^^^^^^^^^^^^^^^^^
  File "/usr/local/lib/python3.11/site-packages/channels/routing.py", line 118, in __call__
    return await application(
           ^^^^^^^^^^^^^^^^^^
  File "/usr/local/lib/python3.11/site-packages/channels/consumer.py", line 95, in app
    return await consumer(scope, receive, send)
           ^^^^^^^^^^^^^^^^^^^^^^^^^^^^^^^^^^^^
  File "/usr/local/lib/python3.11/site-packages/channels/consumer.py", line 58, in __call__
    await await_many_dispatch(
  File "/usr/local/lib/python3.11/site-packages/channels/utils.py", line 57, in await_many_dispatch
    await task
redis.exceptions.TimeoutError: Timeout reading from client_staging_redis:6379
ERROR 2026-08-16 01:48:02,344 server 273 138593948694208 Exception inside application: Timeout reading from client_staging_redis:6379
Traceback (most recent call last):
  File "/usr/local/lib/python3.11/site-packages/redis/asyncio/connection.py", line 1286, in read_response
    response = await self._read_response_from_parser(
               ^^^^^^^^^^^^^^^^^^^^^^^^^^^^^^^^^^^^^^
  File "/usr/local/lib/python3.11/site-packages/redis/asyncio/connection.py", line 1335, in _read_response_from_parser
    return await self._parser.read_response(
           ^^^^^^^^^^^^^^^^^^^^^^^^^^^^^^^^^
  File "/usr/local/lib/python3.11/site-packages/redis/_parsers/resp3.py", line 185, in read_response
    response = await self._read_response(
               ^^^^^^^^^^^^^^^^^^^^^^^^^^
  File "/usr/local/lib/python3.11/site-packages/redis/_parsers/resp3.py", line 197, in _read_response
    raw = await self._readline()
          ^^^^^^^^^^^^^^^^^^^^^^
  File "/usr/local/lib/python3.11/site-packages/redis/_parsers/base.py", line 587, in _readline
    data = await self._stream.readline()
           ^^^^^^^^^^^^^^^^^^^^^^^^^^^^^
  File "/usr/local/lib/python3.11/asyncio/streams.py", line 566, in readline
    line = await self.readuntil(sep)
           ^^^^^^^^^^^^^^^^^^^^^^^^^
  File "/usr/local/lib/python3.11/asyncio/streams.py", line 658, in readuntil
    await self._wait_for_data('readuntil')
  File "/usr/local/lib/python3.11/asyncio/streams.py", line 543, in _wait_for_data
    await self._waiter
asyncio.exceptions.CancelledError

The above exception was the direct cause of the following exception:

Traceback (most recent call last):
  File "/usr/local/lib/python3.11/site-packages/redis/asyncio/connection.py", line 1283, in read_response
    async with timeout_context as active_timeout:
  File "/usr/local/lib/python3.11/asyncio/timeouts.py", line 115, in __aexit__
    raise TimeoutError from exc_val
TimeoutError

During handling of the above exception, another exception occurred:

Traceback (most recent call last):
  File "/usr/local/lib/python3.11/site-packages/channels/routing.py", line 48, in __call__
    return await application(scope, receive, send)
           ^^^^^^^^^^^^^^^^^^^^^^^^^^^^^^^^^^^^^^^
  File "/app/main/ws_auth.py", line 30, in __call__
    return await self.inner(scope, receive, send)
           ^^^^^^^^^^^^^^^^^^^^^^^^^^^^^^^^^^^^^^
  File "/usr/local/lib/python3.11/site-packages/channels/routing.py", line 118, in __call__
    return await application(
           ^^^^^^^^^^^^^^^^^^
  File "/usr/local/lib/python3.11/site-packages/channels/consumer.py", line 95, in app
    return await consumer(scope, receive, send)
           ^^^^^^^^^^^^^^^^^^^^^^^^^^^^^^^^^^^^
  File "/usr/local/lib/python3.11/site-packages/channels/consumer.py", line 58, in __call__
    await await_many_dispatch(
  File "/usr/local/lib/python3.11/site-packages/channels/utils.py", line 57, in await_many_dispatch
    await task
redis.exceptions.TimeoutError: Timeout reading from client_staging_redis:6379
ERROR 2026-08-16 01:48:12,361 server 273 138593948694208 Exception inside application: Timeout reading from client_staging_redis:6379
Traceback (most recent call last):
  File "/usr/local/lib/python3.11/site-packages/redis/asyncio/connection.py", line 1286, in read_response
    response = await self._read_response_from_parser(
               ^^^^^^^^^^^^^^^^^^^^^^^^^^^^^^^^^^^^^^
  File "/usr/local/lib/python3.11/site-packages/redis/asyncio/connection.py", line 1335, in _read_response_from_parser
    return await self._parser.read_response(
           ^^^^^^^^^^^^^^^^^^^^^^^^^^^^^^^^^
  File "/usr/local/lib/python3.11/site-packages/redis/_parsers/resp3.py", line 185, in read_response
    response = await self._read_response(
               ^^^^^^^^^^^^^^^^^^^^^^^^^^
  File "/usr/local/lib/python3.11/site-packages/redis/_parsers/resp3.py", line 197, in _read_response
    raw = await self._readline()
          ^^^^^^^^^^^^^^^^^^^^^^
  File "/usr/local/lib/python3.11/site-packages/redis/_parsers/base.py", line 587, in _readline
    data = await self._stream.readline()
           ^^^^^^^^^^^^^^^^^^^^^^^^^^^^^
  File "/usr/local/lib/python3.11/asyncio/streams.py", line 566, in readline
    line = await self.readuntil(sep)
           ^^^^^^^^^^^^^^^^^^^^^^^^^
  File "/usr/local/lib/python3.11/asyncio/streams.py", line 658, in readuntil
    await self._wait_for_data('readuntil')
  File "/usr/local/lib/python3.11/asyncio/streams.py", line 543, in _wait_for_data
    await self._waiter
asyncio.exceptions.CancelledError

The above exception was the direct cause of the following exception:

Traceback (most recent call last):
  File "/usr/local/lib/python3.11/site-packages/redis/asyncio/connection.py", line 1283, in read_response
    async with timeout_context as active_timeout:
  File "/usr/local/lib/python3.11/asyncio/timeouts.py", line 115, in __aexit__
    raise TimeoutError from exc_val
TimeoutError

During handling of the above exception, another exception occurred:

Traceback (most recent call last):
  File "/usr/local/lib/python3.11/site-packages/channels/routing.py", line 48, in __call__
    return await application(scope, receive, send)
           ^^^^^^^^^^^^^^^^^^^^^^^^^^^^^^^^^^^^^^^
  File "/app/main/ws_auth.py", line 30, in __call__
    return await self.inner(scope, receive, send)
           ^^^^^^^^^^^^^^^^^^^^^^^^^^^^^^^^^^^^^^
  File "/usr/local/lib/python3.11/site-packages/channels/routing.py", line 118, in __call__
    return await application(
           ^^^^^^^^^^^^^^^^^^
  File "/usr/local/lib/python3.11/site-packages/channels/consumer.py", line 95, in app
    return await consumer(scope, receive, send)
           ^^^^^^^^^^^^^^^^^^^^^^^^^^^^^^^^^^^^
  File "/usr/local/lib/python3.11/site-packages/channels/consumer.py", line 58, in __call__
    await await_many_dispatch(
  File "/usr/local/lib/python3.11/site-packages/channels/utils.py", line 57, in await_many_dispatch
    await task
redis.exceptions.TimeoutError: Timeout reading from client_staging_redis:6379
ERROR 2026-08-16 01:49:22,377 server 7 126974000658112 Exception inside application: Timeout reading from client_staging_redis:6379
Traceback (most recent call last):
  File "/usr/local/lib/python3.11/site-packages/channels/utils.py", line 50, in await_many_dispatch
    await dispatch(result)
  File "/usr/local/lib/python3.11/site-packages/channels/consumer.py", line 74, in dispatch
    await handler(message)
  File "/usr/local/lib/python3.11/site-packages/channels/generic/websocket.py", line 252, in websocket_disconnect
    raise StopConsumer()
channels.exceptions.StopConsumer

During handling of the above exception, another exception occurred:

Traceback (most recent call last):
  File "/usr/local/lib/python3.11/site-packages/channels/routing.py", line 48, in __call__
    return await application(scope, receive, send)
           ^^^^^^^^^^^^^^^^^^^^^^^^^^^^^^^^^^^^^^^
  File "/app/main/ws_auth.py", line 30, in __call__
    return await self.inner(scope, receive, send)
           ^^^^^^^^^^^^^^^^^^^^^^^^^^^^^^^^^^^^^^
  File "/usr/local/lib/python3.11/site-packages/channels/routing.py", line 118, in __call__
    return await application(
           ^^^^^^^^^^^^^^^^^^
  File "/usr/local/lib/python3.11/site-packages/channels/consumer.py", line 95, in app
    return await consumer(scope, receive, send)
           ^^^^^^^^^^^^^^^^^^^^^^^^^^^^^^^^^^^^
  File "/usr/local/lib/python3.11/site-packages/channels/consumer.py", line 58, in __call__
    await await_many_dispatch(
  File "/usr/local/lib/python3.11/site-packages/channels/utils.py", line 57, in await_many_dispatch
    await task
  File "/usr/local/lib/python3.11/site-packages/channels_redis/core.py", line 340, in receive
    message_channel, message = await self.receive_single(
                               ^^^^^^^^^^^^^^^^^^^^^^^^^^
  File "/usr/local/lib/python3.11/site-packages/channels_redis/core.py", line 397, in receive_single
    content = await self._brpop_with_clean(
              ^^^^^^^^^^^^^^^^^^^^^^^^^^^^^
  File "/usr/local/lib/python3.11/site-packages/channels_redis/core.py", line 233, in _brpop_with_clean
    result = await connection.bzpopmin(channel, timeout=timeout)
             ^^^^^^^^^^^^^^^^^^^^^^^^^^^^^^^^^^^^^^^^^^^^^^^^^^^
  File "/usr/local/lib/python3.11/site-packages/redis/asyncio/client.py", line 946, in execute_command
    result = await conn.retry.call_with_retry(
             ^^^^^^^^^^^^^^^^^^^^^^^^^^^^^^^^^
  File "/usr/local/lib/python3.11/site-packages/redis/asyncio/retry.py", line 81, in call_with_retry
    raise error
  File "/usr/local/lib/python3.11/site-packages/redis/asyncio/retry.py", line 69, in call_with_retry
    return await do()
           ^^^^^^^^^^
  File "/usr/local/lib/python3.11/site-packages/redis/asyncio/client.py", line 871, in _send_command_parse_response
    return await self.parse_response(conn, command_name, **options)
           ^^^^^^^^^^^^^^^^^^^^^^^^^^^^^^^^^^^^^^^^^^^^^^^^^^^^^^^^
  File "/usr/local/lib/python3.11/site-packages/redis/asyncio/client.py", line 993, in parse_response
    response = await connection.read_response()
               ^^^^^^^^^^^^^^^^^^^^^^^^^^^^^^^^
  File "/usr/local/lib/python3.11/site-packages/redis/asyncio/connection.py", line 1310, in read_response
    raise TimeoutError(f"Timeout reading from {host_error}")
redis.exceptions.TimeoutError: Timeout reading from client_staging_redis:6379
ERROR 2026-08-16 01:49:37,440 server 7 126974000658112 Exception inside application: Timeout reading from client_staging_redis:6379
Traceback (most recent call last):
  File "/usr/local/lib/python3.11/site-packages/channels/utils.py", line 50, in await_many_dispatch
    await dispatch(result)
  File "/usr/local/lib/python3.11/site-packages/channels/consumer.py", line 74, in dispatch
    await handler(message)
  File "/usr/local/lib/python3.11/site-packages/channels/generic/websocket.py", line 252, in websocket_disconnect
    raise StopConsumer()
channels.exceptions.StopConsumer

During handling of the above exception, another exception occurred:

Traceback (most recent call last):
  File "/usr/local/lib/python3.11/site-packages/channels/routing.py", line 48, in __call__
    return await application(scope, receive, send)
           ^^^^^^^^^^^^^^^^^^^^^^^^^^^^^^^^^^^^^^^
  File "/app/main/ws_auth.py", line 30, in __call__
    return await self.inner(scope, receive, send)
           ^^^^^^^^^^^^^^^^^^^^^^^^^^^^^^^^^^^^^^
  File "/usr/local/lib/python3.11/site-packages/channels/routing.py", line 118, in __call__
    return await application(
           ^^^^^^^^^^^^^^^^^^
  File "/usr/local/lib/python3.11/site-packages/channels/consumer.py", line 95, in app
    return await consumer(scope, receive, send)
           ^^^^^^^^^^^^^^^^^^^^^^^^^^^^^^^^^^^^
  File "/usr/local/lib/python3.11/site-packages/channels/consumer.py", line 58, in __call__
    await await_many_dispatch(
  File "/usr/local/lib/python3.11/site-packages/channels/utils.py", line 57, in await_many_dispatch
    await task
  File "/usr/local/lib/python3.11/site-packages/channels_redis/core.py", line 340, in receive
    message_channel, message = await self.receive_single(
                               ^^^^^^^^^^^^^^^^^^^^^^^^^^
  File "/usr/local/lib/python3.11/site-packages/channels_redis/core.py", line 397, in receive_single
    content = await self._brpop_with_clean(
              ^^^^^^^^^^^^^^^^^^^^^^^^^^^^^
  File "/usr/local/lib/python3.11/site-packages/channels_redis/core.py", line 233, in _brpop_with_clean
    result = await connection.bzpopmin(channel, timeout=timeout)
             ^^^^^^^^^^^^^^^^^^^^^^^^^^^^^^^^^^^^^^^^^^^^^^^^^^^
  File "/usr/local/lib/python3.11/site-packages/redis/asyncio/client.py", line 946, in execute_command
    result = await conn.retry.call_with_retry(
             ^^^^^^^^^^^^^^^^^^^^^^^^^^^^^^^^^
  File "/usr/local/lib/python3.11/site-packages/redis/asyncio/retry.py", line 81, in call_with_retry
    raise error
  File "/usr/local/lib/python3.11/site-packages/redis/asyncio/retry.py", line 69, in call_with_retry
    return await do()
           ^^^^^^^^^^
  File "/usr/local/lib/python3.11/site-packages/redis/asyncio/client.py", line 871, in _send_command_parse_response
    return await self.parse_response(conn, command_name, **options)
           ^^^^^^^^^^^^^^^^^^^^^^^^^^^^^^^^^^^^^^^^^^^^^^^^^^^^^^^^
  File "/usr/local/lib/python3.11/site-packages/redis/asyncio/client.py", line 993, in parse_response
    response = await connection.read_response()
               ^^^^^^^^^^^^^^^^^^^^^^^^^^^^^^^^
  File "/usr/local/lib/python3.11/site-packages/redis/asyncio/connection.py", line 1310, in read_response
    raise TimeoutError(f"Timeout reading from {host_error}")
redis.exceptions.TimeoutError: Timeout reading from client_staging_redis:6379
ERROR 2026-08-16 01:49:47,454 server 7 126974000658112 Exception inside application: Timeout reading from client_staging_redis:6379
Traceback (most recent call last):
  File "/usr/local/lib/python3.11/site-packages/channels/utils.py", line 50, in await_many_dispatch
    await dispatch(result)
  File "/usr/local/lib/python3.11/site-packages/channels/consumer.py", line 74, in dispatch
    await handler(message)
  File "/usr/local/lib/python3.11/site-packages/channels/generic/websocket.py", line 252, in websocket_disconnect
    raise StopConsumer()
channels.exceptions.StopConsumer

During handling of the above exception, another exception occurred:

Traceback (most recent call last):
  File "/usr/local/lib/python3.11/site-packages/channels/routing.py", line 48, in __call__
    return await application(scope, receive, send)
           ^^^^^^^^^^^^^^^^^^^^^^^^^^^^^^^^^^^^^^^
  File "/app/main/ws_auth.py", line 30, in __call__
    return await self.inner(scope, receive, send)
           ^^^^^^^^^^^^^^^^^^^^^^^^^^^^^^^^^^^^^^
  File "/usr/local/lib/python3.11/site-packages/channels/routing.py", line 118, in __call__
    return await application(
           ^^^^^^^^^^^^^^^^^^
  File "/usr/local/lib/python3.11/site-packages/channels/consumer.py", line 95, in app
    return await consumer(scope, receive, send)
           ^^^^^^^^^^^^^^^^^^^^^^^^^^^^^^^^^^^^
  File "/usr/local/lib/python3.11/site-packages/channels/consumer.py", line 58, in __call__
    await await_many_dispatch(
  File "/usr/local/lib/python3.11/site-packages/channels/utils.py", line 57, in await_many_dispatch
    await task
  File "/usr/local/lib/python3.11/site-packages/channels_redis/core.py", line 340, in receive
    message_channel, message = await self.receive_single(
                               ^^^^^^^^^^^^^^^^^^^^^^^^^^
  File "/usr/local/lib/python3.11/site-packages/channels_redis/core.py", line 397, in receive_single
    content = await self._brpop_with_clean(
              ^^^^^^^^^^^^^^^^^^^^^^^^^^^^^
  File "/usr/local/lib/python3.11/site-packages/channels_redis/core.py", line 233, in _brpop_with_clean
    result = await connection.bzpopmin(channel, timeout=timeout)
             ^^^^^^^^^^^^^^^^^^^^^^^^^^^^^^^^^^^^^^^^^^^^^^^^^^^
  File "/usr/local/lib/python3.11/site-packages/redis/asyncio/client.py", line 946, in execute_command
    result = await conn.retry.call_with_retry(
             ^^^^^^^^^^^^^^^^^^^^^^^^^^^^^^^^^
  File "/usr/local/lib/python3.11/site-packages/redis/asyncio/retry.py", line 81, in call_with_retry
    raise error
  File "/usr/local/lib/python3.11/site-packages/redis/asyncio/retry.py", line 69, in call_with_retry
    return await do()
           ^^^^^^^^^^
  File "/usr/local/lib/python3.11/site-packages/redis/asyncio/client.py", line 871, in _send_command_parse_response
    return await self.parse_response(conn, command_name, **options)
           ^^^^^^^^^^^^^^^^^^^^^^^^^^^^^^^^^^^^^^^^^^^^^^^^^^^^^^^^
  File "/usr/local/lib/python3.11/site-packages/redis/asyncio/client.py", line 993, in parse_response
    response = await connection.read_response()
               ^^^^^^^^^^^^^^^^^^^^^^^^^^^^^^^^
  File "/usr/local/lib/python3.11/site-packages/redis/asyncio/connection.py", line 1310, in read_response
    raise TimeoutError(f"Timeout reading from {host_error}")
redis.exceptions.TimeoutError: Timeout reading from client_staging_redis:6379
ERROR 2026-08-16 01:50:02,475 server 7 126974000658112 Exception inside application: Timeout reading from client_staging_redis:6379
Traceback (most recent call last):
  File "/usr/local/lib/python3.11/site-packages/channels/utils.py", line 50, in await_many_dispatch
    await dispatch(result)
  File "/usr/local/lib/python3.11/site-packages/channels/consumer.py", line 74, in dispatch
    await handler(message)
  File "/usr/local/lib/python3.11/site-packages/channels/generic/websocket.py", line 252, in websocket_disconnect
    raise StopConsumer()
channels.exceptions.StopConsumer

During handling of the above exception, another exception occurred:

Traceback (most recent call last):
  File "/usr/local/lib/python3.11/site-packages/channels/routing.py", line 48, in __call__
    return await application(scope, receive, send)
           ^^^^^^^^^^^^^^^^^^^^^^^^^^^^^^^^^^^^^^^
  File "/app/main/ws_auth.py", line 30, in __call__
    return await self.inner(scope, receive, send)
           ^^^^^^^^^^^^^^^^^^^^^^^^^^^^^^^^^^^^^^
  File "/usr/local/lib/python3.11/site-packages/channels/routing.py", line 118, in __call__
    return await application(
           ^^^^^^^^^^^^^^^^^^
  File "/usr/local/lib/python3.11/site-packages/channels/consumer.py", line 95, in app
    return await consumer(scope, receive, send)
           ^^^^^^^^^^^^^^^^^^^^^^^^^^^^^^^^^^^^
  File "/usr/local/lib/python3.11/site-packages/channels/consumer.py", line 58, in __call__
    await await_many_dispatch(
  File "/usr/local/lib/python3.11/site-packages/channels/utils.py", line 57, in await_many_dispatch
    await task
  File "/usr/local/lib/python3.11/site-packages/channels_redis/core.py", line 340, in receive
    message_channel, message = await self.receive_single(
                               ^^^^^^^^^^^^^^^^^^^^^^^^^^
  File "/usr/local/lib/python3.11/site-packages/channels_redis/core.py", line 397, in receive_single
    content = await self._brpop_with_clean(
              ^^^^^^^^^^^^^^^^^^^^^^^^^^^^^
  File "/usr/local/lib/python3.11/site-packages/channels_redis/core.py", line 233, in _brpop_with_clean
    result = await connection.bzpopmin(channel, timeout=timeout)
             ^^^^^^^^^^^^^^^^^^^^^^^^^^^^^^^^^^^^^^^^^^^^^^^^^^^
  File "/usr/local/lib/python3.11/site-packages/redis/asyncio/client.py", line 946, in execute_command
    result = await conn.retry.call_with_retry(
             ^^^^^^^^^^^^^^^^^^^^^^^^^^^^^^^^^
  File "/usr/local/lib/python3.11/site-packages/redis/asyncio/retry.py", line 81, in call_with_retry
    raise error
  File "/usr/local/lib/python3.11/site-packages/redis/asyncio/retry.py", line 69, in call_with_retry
    return await do()
           ^^^^^^^^^^
  File "/usr/local/lib/python3.11/site-packages/redis/asyncio/client.py", line 871, in _send_command_parse_response
    return await self.parse_response(conn, command_name, **options)
           ^^^^^^^^^^^^^^^^^^^^^^^^^^^^^^^^^^^^^^^^^^^^^^^^^^^^^^^^
  File "/usr/local/lib/python3.11/site-packages/redis/asyncio/client.py", line 993, in parse_response
    response = await connection.read_response()
               ^^^^^^^^^^^^^^^^^^^^^^^^^^^^^^^^
  File "/usr/local/lib/python3.11/site-packages/redis/asyncio/connection.py", line 1310, in read_response
    raise TimeoutError(f"Timeout reading from {host_error}")
redis.exceptions.TimeoutError: Timeout reading from client_staging_redis:6379
ERROR 2026-08-16 01:50:22,523 server 7 126974000658112 Exception inside application: Timeout reading from client_staging_redis:6379
Traceback (most recent call last):
  File "/usr/local/lib/python3.11/site-packages/channels/utils.py", line 50, in await_many_dispatch
    await dispatch(result)
  File "/usr/local/lib/python3.11/site-packages/channels/consumer.py", line 74, in dispatch
    await handler(message)
  File "/usr/local/lib/python3.11/site-packages/channels/generic/websocket.py", line 252, in websocket_disconnect
    raise StopConsumer()
channels.exceptions.StopConsumer

During handling of the above exception, another exception occurred:

Traceback (most recent call last):
  File "/usr/local/lib/python3.11/site-packages/channels/routing.py", line 48, in __call__
    return await application(scope, receive, send)
           ^^^^^^^^^^^^^^^^^^^^^^^^^^^^^^^^^^^^^^^
  File "/app/main/ws_auth.py", line 30, in __call__
    return await self.inner(scope, receive, send)
           ^^^^^^^^^^^^^^^^^^^^^^^^^^^^^^^^^^^^^^
  File "/usr/local/lib/python3.11/site-packages/channels/routing.py", line 118, in __call__
    return await application(
           ^^^^^^^^^^^^^^^^^^
  File "/usr/local/lib/python3.11/site-packages/channels/consumer.py", line 95, in app
    return await consumer(scope, receive, send)
           ^^^^^^^^^^^^^^^^^^^^^^^^^^^^^^^^^^^^
  File "/usr/local/lib/python3.11/site-packages/channels/consumer.py", line 58, in __call__
    await await_many_dispatch(
  File "/usr/local/lib/python3.11/site-packages/channels/utils.py", line 57, in await_many_dispatch
    await task
  File "/usr/local/lib/python3.11/site-packages/channels_redis/core.py", line 340, in receive
    message_channel, message = await self.receive_single(
                               ^^^^^^^^^^^^^^^^^^^^^^^^^^
  File "/usr/local/lib/python3.11/site-packages/channels_redis/core.py", line 397, in receive_single
    content = await self._brpop_with_clean(
              ^^^^^^^^^^^^^^^^^^^^^^^^^^^^^
  File "/usr/local/lib/python3.11/site-packages/channels_redis/core.py", line 233, in _brpop_with_clean
    result = await connection.bzpopmin(channel, timeout=timeout)
             ^^^^^^^^^^^^^^^^^^^^^^^^^^^^^^^^^^^^^^^^^^^^^^^^^^^
  File "/usr/local/lib/python3.11/site-packages/redis/asyncio/client.py", line 946, in execute_command
    result = await conn.retry.call_with_retry(
             ^^^^^^^^^^^^^^^^^^^^^^^^^^^^^^^^^
  File "/usr/local/lib/python3.11/site-packages/redis/asyncio/retry.py", line 81, in call_with_retry
    raise error
  File "/usr/local/lib/python3.11/site-packages/redis/asyncio/retry.py", line 69, in call_with_retry
    return await do()
           ^^^^^^^^^^
  File "/usr/local/lib/python3.11/site-packages/redis/asyncio/client.py", line 871, in _send_command_parse_response
    return await self.parse_response(conn, command_name, **options)
           ^^^^^^^^^^^^^^^^^^^^^^^^^^^^^^^^^^^^^^^^^^^^^^^^^^^^^^^^
  File "/usr/local/lib/python3.11/site-packages/redis/asyncio/client.py", line 993, in parse_response
    response = await connection.read_response()
               ^^^^^^^^^^^^^^^^^^^^^^^^^^^^^^^^
  File "/usr/local/lib/python3.11/site-packages/redis/asyncio/connection.py", line 1310, in read_response
    raise TimeoutError(f"Timeout reading from {host_error}")
redis.exceptions.TimeoutError: Timeout reading from client_staging_redis:6379
ERROR 2026-08-16 01:50:32,542 server 7 126974000658112 Exception inside application: Timeout reading from client_staging_redis:6379
Traceback (most recent call last):
  File "/usr/local/lib/python3.11/site-packages/channels/utils.py", line 50, in await_many_dispatch
    await dispatch(result)
  File "/usr/local/lib/python3.11/site-packages/channels/consumer.py", line 74, in dispatch
    await handler(message)
  File "/usr/local/lib/python3.11/site-packages/channels/generic/websocket.py", line 252, in websocket_disconnect
    raise StopConsumer()
channels.exceptions.StopConsumer

During handling of the above exception, another exception occurred:

Traceback (most recent call last):
  File "/usr/local/lib/python3.11/site-packages/channels/routing.py", line 48, in __call__
    return await application(scope, receive, send)
           ^^^^^^^^^^^^^^^^^^^^^^^^^^^^^^^^^^^^^^^
  File "/app/main/ws_auth.py", line 30, in __call__
    return await self.inner(scope, receive, send)
           ^^^^^^^^^^^^^^^^^^^^^^^^^^^^^^^^^^^^^^
  File "/usr/local/lib/python3.11/site-packages/channels/routing.py", line 118, in __call__
    return await application(
           ^^^^^^^^^^^^^^^^^^
  File "/usr/local/lib/python3.11/site-packages/channels/consumer.py", line 95, in app
    return await consumer(scope, receive, send)
           ^^^^^^^^^^^^^^^^^^^^^^^^^^^^^^^^^^^^
  File "/usr/local/lib/python3.11/site-packages/channels/consumer.py", line 58, in __call__
    await await_many_dispatch(
  File "/usr/local/lib/python3.11/site-packages/channels/utils.py", line 57, in await_many_dispatch
    await task
  File "/usr/local/lib/python3.11/site-packages/channels_redis/core.py", line 340, in receive
    message_channel, message = await self.receive_single(
                               ^^^^^^^^^^^^^^^^^^^^^^^^^^
  File "/usr/local/lib/python3.11/site-packages/channels_redis/core.py", line 397, in receive_single
    content = await self._brpop_with_clean(
              ^^^^^^^^^^^^^^^^^^^^^^^^^^^^^
  File "/usr/local/lib/python3.11/site-packages/channels_redis/core.py", line 233, in _brpop_with_clean
    result = await connection.bzpopmin(channel, timeout=timeout)
             ^^^^^^^^^^^^^^^^^^^^^^^^^^^^^^^^^^^^^^^^^^^^^^^^^^^
  File "/usr/local/lib/python3.11/site-packages/redis/asyncio/client.py", line 946, in execute_command
    result = await conn.retry.call_with_retry(
             ^^^^^^^^^^^^^^^^^^^^^^^^^^^^^^^^^
  File "/usr/local/lib/python3.11/site-packages/redis/asyncio/retry.py", line 81, in call_with_retry
    raise error
  File "/usr/local/lib/python3.11/site-packages/redis/asyncio/retry.py", line 69, in call_with_retry
    return await do()
           ^^^^^^^^^^
  File "/usr/local/lib/python3.11/site-packages/redis/asyncio/client.py", line 871, in _send_command_parse_response
    return await self.parse_response(conn, command_name, **options)
           ^^^^^^^^^^^^^^^^^^^^^^^^^^^^^^^^^^^^^^^^^^^^^^^^^^^^^^^^
  File "/usr/local/lib/python3.11/site-packages/redis/asyncio/client.py", line 993, in parse_response
    response = await connection.read_response()
               ^^^^^^^^^^^^^^^^^^^^^^^^^^^^^^^^
  File "/usr/local/lib/python3.11/site-packages/redis/asyncio/connection.py", line 1310, in read_response
    raise TimeoutError(f"Timeout reading from {host_error}")
redis.exceptions.TimeoutError: Timeout reading from client_staging_redis:6379
ERROR 2026-08-16 01:50:42,579 server 7 126974000658112 Exception inside application: Timeout reading from client_staging_redis:6379
Traceback (most recent call last):
  File "/usr/local/lib/python3.11/site-packages/channels/utils.py", line 50, in await_many_dispatch
    await dispatch(result)
  File "/usr/local/lib/python3.11/site-packages/channels/consumer.py", line 74, in dispatch
    await handler(message)
  File "/usr/local/lib/python3.11/site-packages/channels/generic/websocket.py", line 252, in websocket_disconnect
    raise StopConsumer()
channels.exceptions.StopConsumer

During handling of the above exception, another exception occurred:

Traceback (most recent call last):
  File "/usr/local/lib/python3.11/site-packages/channels/routing.py", line 48, in __call__
    return await application(scope, receive, send)
           ^^^^^^^^^^^^^^^^^^^^^^^^^^^^^^^^^^^^^^^
  File "/app/main/ws_auth.py", line 30, in __call__
    return await self.inner(scope, receive, send)
           ^^^^^^^^^^^^^^^^^^^^^^^^^^^^^^^^^^^^^^
  File "/usr/local/lib/python3.11/site-packages/channels/routing.py", line 118, in __call__
    return await application(
           ^^^^^^^^^^^^^^^^^^
  File "/usr/local/lib/python3.11/site-packages/channels/consumer.py", line 95, in app
    return await consumer(scope, receive, send)
           ^^^^^^^^^^^^^^^^^^^^^^^^^^^^^^^^^^^^
  File "/usr/local/lib/python3.11/site-packages/channels/consumer.py", line 58, in __call__
    await await_many_dispatch(
  File "/usr/local/lib/python3.11/site-packages/channels/utils.py", line 57, in await_many_dispatch
    await task
  File "/usr/local/lib/python3.11/site-packages/channels_redis/core.py", line 340, in receive
    message_channel, message = await self.receive_single(
                               ^^^^^^^^^^^^^^^^^^^^^^^^^^
  File "/usr/local/lib/python3.11/site-packages/channels_redis/core.py", line 397, in receive_single
    content = await self._brpop_with_clean(
              ^^^^^^^^^^^^^^^^^^^^^^^^^^^^^
  File "/usr/local/lib/python3.11/site-packages/channels_redis/core.py", line 233, in _brpop_with_clean
    result = await connection.bzpopmin(channel, timeout=timeout)
             ^^^^^^^^^^^^^^^^^^^^^^^^^^^^^^^^^^^^^^^^^^^^^^^^^^^
  File "/usr/local/lib/python3.11/site-packages/redis/asyncio/client.py", line 946, in execute_command
    result = await conn.retry.call_with_retry(
             ^^^^^^^^^^^^^^^^^^^^^^^^^^^^^^^^^
  File "/usr/local/lib/python3.11/site-packages/redis/asyncio/retry.py", line 81, in call_with_retry
    raise error
  File "/usr/local/lib/python3.11/site-packages/redis/asyncio/retry.py", line 69, in call_with_retry
    return await do()
           ^^^^^^^^^^
  File "/usr/local/lib/python3.11/site-packages/redis/asyncio/client.py", line 871, in _send_command_parse_response
    return await self.parse_response(conn, command_name, **options)
           ^^^^^^^^^^^^^^^^^^^^^^^^^^^^^^^^^^^^^^^^^^^^^^^^^^^^^^^^
  File "/usr/local/lib/python3.11/site-packages/redis/asyncio/client.py", line 993, in parse_response
    response = await connection.read_response()
               ^^^^^^^^^^^^^^^^^^^^^^^^^^^^^^^^
  File "/usr/local/lib/python3.11/site-packages/redis/asyncio/connection.py", line 1310, in read_response
    raise TimeoutError(f"Timeout reading from {host_error}")
redis.exceptions.TimeoutError: Timeout reading from client_staging_redis:6379
ERROR 2026-08-16 01:50:47,586 server 7 126974000658112 Exception inside application: Timeout reading from client_staging_redis:6379
Traceback (most recent call last):
  File "/usr/local/lib/python3.11/site-packages/channels/utils.py", line 50, in await_many_dispatch
    await dispatch(result)
  File "/usr/local/lib/python3.11/site-packages/channels/consumer.py", line 74, in dispatch
    await handler(message)
  File "/usr/local/lib/python3.11/site-packages/channels/generic/websocket.py", line 252, in websocket_disconnect
    raise StopConsumer()
channels.exceptions.StopConsumer

During handling of the above exception, another exception occurred:

Traceback (most recent call last):
  File "/usr/local/lib/python3.11/site-packages/channels/routing.py", line 48, in __call__
    return await application(scope, receive, send)
           ^^^^^^^^^^^^^^^^^^^^^^^^^^^^^^^^^^^^^^^
  File "/app/main/ws_auth.py", line 30, in __call__
    return await self.inner(scope, receive, send)
           ^^^^^^^^^^^^^^^^^^^^^^^^^^^^^^^^^^^^^^
  File "/usr/local/lib/python3.11/site-packages/channels/routing.py", line 118, in __call__
    return await application(
           ^^^^^^^^^^^^^^^^^^
  File "/usr/local/lib/python3.11/site-packages/channels/consumer.py", line 95, in app
    return await consumer(scope, receive, send)
           ^^^^^^^^^^^^^^^^^^^^^^^^^^^^^^^^^^^^
  File "/usr/local/lib/python3.11/site-packages/channels/consumer.py", line 58, in __call__
    await await_many_dispatch(
  File "/usr/local/lib/python3.11/site-packages/channels/utils.py", line 57, in await_many_dispatch
    await task
  File "/usr/local/lib/python3.11/site-packages/channels_redis/core.py", line 340, in receive
    message_channel, message = await self.receive_single(
                               ^^^^^^^^^^^^^^^^^^^^^^^^^^
  File "/usr/local/lib/python3.11/site-packages/channels_redis/core.py", line 397, in receive_single
    content = await self._brpop_with_clean(
              ^^^^^^^^^^^^^^^^^^^^^^^^^^^^^
  File "/usr/local/lib/python3.11/site-packages/channels_redis/core.py", line 233, in _brpop_with_clean
    result = await connection.bzpopmin(channel, timeout=timeout)
             ^^^^^^^^^^^^^^^^^^^^^^^^^^^^^^^^^^^^^^^^^^^^^^^^^^^
  File "/usr/local/lib/python3.11/site-packages/redis/asyncio/client.py", line 946, in execute_command
    result = await conn.retry.call_with_retry(
             ^^^^^^^^^^^^^^^^^^^^^^^^^^^^^^^^^
  File "/usr/local/lib/python3.11/site-packages/redis/asyncio/retry.py", line 81, in call_with_retry
    raise error
  File "/usr/local/lib/python3.11/site-packages/redis/asyncio/retry.py", line 69, in call_with_retry
    return await do()
           ^^^^^^^^^^
  File "/usr/local/lib/python3.11/site-packages/redis/asyncio/client.py", line 871, in _send_command_parse_response
    return await self.parse_response(conn, command_name, **options)
           ^^^^^^^^^^^^^^^^^^^^^^^^^^^^^^^^^^^^^^^^^^^^^^^^^^^^^^^^
  File "/usr/local/lib/python3.11/site-packages/redis/asyncio/client.py", line 993, in parse_response
    response = await connection.read_response()
               ^^^^^^^^^^^^^^^^^^^^^^^^^^^^^^^^
  File "/usr/local/lib/python3.11/site-packages/redis/asyncio/connection.py", line 1310, in read_response
    raise TimeoutError(f"Timeout reading from {host_error}")
redis.exceptions.TimeoutError: Timeout reading from client_staging_redis:6379
ERROR 2026-08-16 01:50:57,595 server 7 126974000658112 Exception inside application: Timeout reading from client_staging_redis:6379
Traceback (most recent call last):
  File "/usr/local/lib/python3.11/site-packages/channels/utils.py", line 50, in await_many_dispatch
    await dispatch(result)
  File "/usr/local/lib/python3.11/site-packages/channels/consumer.py", line 74, in dispatch
    await handler(message)
  File "/usr/local/lib/python3.11/site-packages/channels/generic/websocket.py", line 252, in websocket_disconnect
    raise StopConsumer()
channels.exceptions.StopConsumer

During handling of the above exception, another exception occurred:

Traceback (most recent call last):
  File "/usr/local/lib/python3.11/site-packages/channels/routing.py", line 48, in __call__
    return await application(scope, receive, send)
           ^^^^^^^^^^^^^^^^^^^^^^^^^^^^^^^^^^^^^^^
  File "/app/main/ws_auth.py", line 30, in __call__
    return await self.inner(scope, receive, send)
           ^^^^^^^^^^^^^^^^^^^^^^^^^^^^^^^^^^^^^^
  File "/usr/local/lib/python3.11/site-packages/channels/routing.py", line 118, in __call__
    return await application(
           ^^^^^^^^^^^^^^^^^^
  File "/usr/local/lib/python3.11/site-packages/channels/consumer.py", line 95, in app
    return await consumer(scope, receive, send)
           ^^^^^^^^^^^^^^^^^^^^^^^^^^^^^^^^^^^^
  File "/usr/local/lib/python3.11/site-packages/channels/consumer.py", line 58, in __call__
    await await_many_dispatch(
  File "/usr/local/lib/python3.11/site-packages/channels/utils.py", line 57, in await_many_dispatch
    await task
  File "/usr/local/lib/python3.11/site-packages/channels_redis/core.py", line 340, in receive
    message_channel, message = await self.receive_single(
                               ^^^^^^^^^^^^^^^^^^^^^^^^^^
  File "/usr/local/lib/python3.11/site-packages/channels_redis/core.py", line 397, in receive_single
    content = await self._brpop_with_clean(
              ^^^^^^^^^^^^^^^^^^^^^^^^^^^^^
  File "/usr/local/lib/python3.11/site-packages/channels_redis/core.py", line 233, in _brpop_with_clean
    result = await connection.bzpopmin(channel, timeout=timeout)
             ^^^^^^^^^^^^^^^^^^^^^^^^^^^^^^^^^^^^^^^^^^^^^^^^^^^
  File "/usr/local/lib/python3.11/site-packages/redis/asyncio/client.py", line 946, in execute_command
    result = await conn.retry.call_with_retry(
             ^^^^^^^^^^^^^^^^^^^^^^^^^^^^^^^^^
  File "/usr/local/lib/python3.11/site-packages/redis/asyncio/retry.py", line 81, in call_with_retry
    raise error
  File "/usr/local/lib/python3.11/site-packages/redis/asyncio/retry.py", line 69, in call_with_retry
    return await do()
           ^^^^^^^^^^
  File "/usr/local/lib/python3.11/site-packages/redis/asyncio/client.py", line 871, in _send_command_parse_response
    return await self.parse_response(conn, command_name, **options)
           ^^^^^^^^^^^^^^^^^^^^^^^^^^^^^^^^^^^^^^^^^^^^^^^^^^^^^^^^
  File "/usr/local/lib/python3.11/site-packages/redis/asyncio/client.py", line 993, in parse_response
    response = await connection.read_response()
               ^^^^^^^^^^^^^^^^^^^^^^^^^^^^^^^^
  File "/usr/local/lib/python3.11/site-packages/redis/asyncio/connection.py", line 1310, in read_response
    raise TimeoutError(f"Timeout reading from {host_error}")
redis.exceptions.TimeoutError: Timeout reading from client_staging_redis:6379
ERROR 2026-08-16 01:51:17,658 server 7 126974000658112 Exception inside application: Timeout reading from client_staging_redis:6379
Traceback (most recent call last):
  File "/usr/local/lib/python3.11/site-packages/channels/utils.py", line 50, in await_many_dispatch
    await dispatch(result)
  File "/usr/local/lib/python3.11/site-packages/channels/consumer.py", line 74, in dispatch
    await handler(message)
  File "/usr/local/lib/python3.11/site-packages/channels/generic/websocket.py", line 252, in websocket_disconnect
    raise StopConsumer()
channels.exceptions.StopConsumer

During handling of the above exception, another exception occurred:

Traceback (most recent call last):
  File "/usr/local/lib/python3.11/site-packages/channels/routing.py", line 48, in __call__
    return await application(scope, receive, send)
           ^^^^^^^^^^^^^^^^^^^^^^^^^^^^^^^^^^^^^^^
  File "/app/main/ws_auth.py", line 30, in __call__
    return await self.inner(scope, receive, send)
           ^^^^^^^^^^^^^^^^^^^^^^^^^^^^^^^^^^^^^^
  File "/usr/local/lib/python3.11/site-packages/channels/routing.py", line 118, in __call__
    return await application(
           ^^^^^^^^^^^^^^^^^^
  File "/usr/local/lib/python3.11/site-packages/channels/consumer.py", line 95, in app
    return await consumer(scope, receive, send)
           ^^^^^^^^^^^^^^^^^^^^^^^^^^^^^^^^^^^^
  File "/usr/local/lib/python3.11/site-packages/channels/consumer.py", line 58, in __call__
    await await_many_dispatch(
  File "/usr/local/lib/python3.11/site-packages/channels/utils.py", line 57, in await_many_dispatch
    await task
  File "/usr/local/lib/python3.11/site-packages/channels_redis/core.py", line 340, in receive
    message_channel, message = await self.receive_single(
                               ^^^^^^^^^^^^^^^^^^^^^^^^^^
  File "/usr/local/lib/python3.11/site-packages/channels_redis/core.py", line 397, in receive_single
    content = await self._brpop_with_clean(
              ^^^^^^^^^^^^^^^^^^^^^^^^^^^^^
  File "/usr/local/lib/python3.11/site-packages/channels_redis/core.py", line 233, in _brpop_with_clean
    result = await connection.bzpopmin(channel, timeout=timeout)
             ^^^^^^^^^^^^^^^^^^^^^^^^^^^^^^^^^^^^^^^^^^^^^^^^^^^
  File "/usr/local/lib/python3.11/site-packages/redis/asyncio/client.py", line 946, in execute_command
    result = await conn.retry.call_with_retry(
             ^^^^^^^^^^^^^^^^^^^^^^^^^^^^^^^^^
  File "/usr/local/lib/python3.11/site-packages/redis/asyncio/retry.py", line 81, in call_with_retry
    raise error
  File "/usr/local/lib/python3.11/site-packages/redis/asyncio/retry.py", line 69, in call_with_retry
    return await do()
           ^^^^^^^^^^
  File "/usr/local/lib/python3.11/site-packages/redis/asyncio/client.py", line 871, in _send_command_parse_response
    return await self.parse_response(conn, command_name, **options)
           ^^^^^^^^^^^^^^^^^^^^^^^^^^^^^^^^^^^^^^^^^^^^^^^^^^^^^^^^
  File "/usr/local/lib/python3.11/site-packages/redis/asyncio/client.py", line 993, in parse_response
    response = await connection.read_response()
               ^^^^^^^^^^^^^^^^^^^^^^^^^^^^^^^^
  File "/usr/local/lib/python3.11/site-packages/redis/asyncio/connection.py", line 1310, in read_response
    raise TimeoutError(f"Timeout reading from {host_error}")
redis.exceptions.TimeoutError: Timeout reading from client_staging_redis:6379
ERROR 2026-08-16 01:51:22,664 server 7 126974000658112 Exception inside application: Timeout reading from client_staging_redis:6379
Traceback (most recent call last):
  File "/usr/local/lib/python3.11/site-packages/channels/utils.py", line 50, in await_many_dispatch
    await dispatch(result)
  File "/usr/local/lib/python3.11/site-packages/channels/consumer.py", line 74, in dispatch
    await handler(message)
  File "/usr/local/lib/python3.11/site-packages/channels/generic/websocket.py", line 252, in websocket_disconnect
    raise StopConsumer()
channels.exceptions.StopConsumer

During handling of the above exception, another exception occurred:

Traceback (most recent call last):
  File "/usr/local/lib/python3.11/site-packages/channels/routing.py", line 48, in __call__
    return await application(scope, receive, send)
           ^^^^^^^^^^^^^^^^^^^^^^^^^^^^^^^^^^^^^^^
  File "/app/main/ws_auth.py", line 30, in __call__
    return await self.inner(scope, receive, send)
           ^^^^^^^^^^^^^^^^^^^^^^^^^^^^^^^^^^^^^^
  File "/usr/local/lib/python3.11/site-packages/channels/routing.py", line 118, in __call__
    return await application(
           ^^^^^^^^^^^^^^^^^^
  File "/usr/local/lib/python3.11/site-packages/channels/consumer.py", line 95, in app
    return await consumer(scope, receive, send)
           ^^^^^^^^^^^^^^^^^^^^^^^^^^^^^^^^^^^^
  File "/usr/local/lib/python3.11/site-packages/channels/consumer.py", line 58, in __call__
    await await_many_dispatch(
  File "/usr/local/lib/python3.11/site-packages/channels/utils.py", line 57, in await_many_dispatch
    await task
  File "/usr/local/lib/python3.11/site-packages/channels_redis/core.py", line 340, in receive
    message_channel, message = await self.receive_single(
                               ^^^^^^^^^^^^^^^^^^^^^^^^^^
  File "/usr/local/lib/python3.11/site-packages/channels_redis/core.py", line 397, in receive_single
    content = await self._brpop_with_clean(
              ^^^^^^^^^^^^^^^^^^^^^^^^^^^^^
  File "/usr/local/lib/python3.11/site-packages/channels_redis/core.py", line 233, in _brpop_with_clean
    result = await connection.bzpopmin(channel, timeout=timeout)
             ^^^^^^^^^^^^^^^^^^^^^^^^^^^^^^^^^^^^^^^^^^^^^^^^^^^
  File "/usr/local/lib/python3.11/site-packages/redis/asyncio/client.py", line 946, in execute_command
    result = await conn.retry.call_with_retry(
             ^^^^^^^^^^^^^^^^^^^^^^^^^^^^^^^^^
  File "/usr/local/lib/python3.11/site-packages/redis/asyncio/retry.py", line 81, in call_with_retry
    raise error
  File "/usr/local/lib/python3.11/site-packages/redis/asyncio/retry.py", line 69, in call_with_retry
    return await do()
           ^^^^^^^^^^
  File "/usr/local/lib/python3.11/site-packages/redis/asyncio/client.py", line 871, in _send_command_parse_response
    return await self.parse_response(conn, command_name, **options)
           ^^^^^^^^^^^^^^^^^^^^^^^^^^^^^^^^^^^^^^^^^^^^^^^^^^^^^^^^
  File "/usr/local/lib/python3.11/site-packages/redis/asyncio/client.py", line 993, in parse_response
    response = await connection.read_response()
               ^^^^^^^^^^^^^^^^^^^^^^^^^^^^^^^^
  File "/usr/local/lib/python3.11/site-packages/redis/asyncio/connection.py", line 1310, in read_response
    raise TimeoutError(f"Timeout reading from {host_error}")
redis.exceptions.TimeoutError: Timeout reading from client_staging_redis:6379
ERROR 2026-08-16 01:51:33,674 server 7 126974000658112 Exception inside application: Timeout reading from client_staging_redis:6379
Traceback (most recent call last):
  File "/usr/local/lib/python3.11/site-packages/channels/utils.py", line 50, in await_many_dispatch
    await dispatch(result)
  File "/usr/local/lib/python3.11/site-packages/channels/consumer.py", line 74, in dispatch
    await handler(message)
  File "/usr/local/lib/python3.11/site-packages/channels/generic/websocket.py", line 252, in websocket_disconnect
    raise StopConsumer()
channels.exceptions.StopConsumer

During handling of the above exception, another exception occurred:

Traceback (most recent call last):
  File "/usr/local/lib/python3.11/site-packages/channels/routing.py", line 48, in __call__
    return await application(scope, receive, send)
           ^^^^^^^^^^^^^^^^^^^^^^^^^^^^^^^^^^^^^^^
  File "/app/main/ws_auth.py", line 30, in __call__
    return await self.inner(scope, receive, send)
           ^^^^^^^^^^^^^^^^^^^^^^^^^^^^^^^^^^^^^^
  File "/usr/local/lib/python3.11/site-packages/channels/routing.py", line 118, in __call__
    return await application(
           ^^^^^^^^^^^^^^^^^^
  File "/usr/local/lib/python3.11/site-packages/channels/consumer.py", line 95, in app
    return await consumer(scope, receive, send)
           ^^^^^^^^^^^^^^^^^^^^^^^^^^^^^^^^^^^^
  File "/usr/local/lib/python3.11/site-packages/channels/consumer.py", line 58, in __call__
    await await_many_dispatch(
  File "/usr/local/lib/python3.11/site-packages/channels/utils.py", line 57, in await_many_dispatch
    await task
  File "/usr/local/lib/python3.11/site-packages/channels_redis/core.py", line 340, in receive
    message_channel, message = await self.receive_single(
                               ^^^^^^^^^^^^^^^^^^^^^^^^^^
  File "/usr/local/lib/python3.11/site-packages/channels_redis/core.py", line 397, in receive_single
    content = await self._brpop_with_clean(
              ^^^^^^^^^^^^^^^^^^^^^^^^^^^^^
  File "/usr/local/lib/python3.11/site-packages/channels_redis/core.py", line 233, in _brpop_with_clean
    result = await connection.bzpopmin(channel, timeout=timeout)
             ^^^^^^^^^^^^^^^^^^^^^^^^^^^^^^^^^^^^^^^^^^^^^^^^^^^
  File "/usr/local/lib/python3.11/site-packages/redis/asyncio/client.py", line 946, in execute_command
    result = await conn.retry.call_with_retry(
             ^^^^^^^^^^^^^^^^^^^^^^^^^^^^^^^^^
  File "/usr/local/lib/python3.11/site-packages/redis/asyncio/retry.py", line 81, in call_with_retry
    raise error
  File "/usr/local/lib/python3.11/site-packages/redis/asyncio/retry.py", line 69, in call_with_retry
    return await do()
           ^^^^^^^^^^
  File "/usr/local/lib/python3.11/site-packages/redis/asyncio/client.py", line 871, in _send_command_parse_response
    return await self.parse_response(conn, command_name, **options)
           ^^^^^^^^^^^^^^^^^^^^^^^^^^^^^^^^^^^^^^^^^^^^^^^^^^^^^^^^
  File "/usr/local/lib/python3.11/site-packages/redis/asyncio/client.py", line 993, in parse_response
    response = await connection.read_response()
               ^^^^^^^^^^^^^^^^^^^^^^^^^^^^^^^^
  File "/usr/local/lib/python3.11/site-packages/redis/asyncio/connection.py", line 1310, in read_response
    raise TimeoutError(f"Timeout reading from {host_error}")
redis.exceptions.TimeoutError: Timeout reading from client_staging_redis:6379
ERROR 2026-08-16 01:51:55,746 server 7 126974000658112 Exception inside application: Timeout reading from client_staging_redis:6379
Traceback (most recent call last):
  File "/usr/local/lib/python3.11/site-packages/channels/utils.py", line 50, in await_many_dispatch
    await dispatch(result)
  File "/usr/local/lib/python3.11/site-packages/channels/consumer.py", line 74, in dispatch
    await handler(message)
  File "/usr/local/lib/python3.11/site-packages/channels/generic/websocket.py", line 252, in websocket_disconnect
    raise StopConsumer()
channels.exceptions.StopConsumer

During handling of the above exception, another exception occurred:

Traceback (most recent call last):
  File "/usr/local/lib/python3.11/site-packages/channels/routing.py", line 48, in __call__
    return await application(scope, receive, send)
           ^^^^^^^^^^^^^^^^^^^^^^^^^^^^^^^^^^^^^^^
  File "/app/main/ws_auth.py", line 30, in __call__
    return await self.inner(scope, receive, send)
           ^^^^^^^^^^^^^^^^^^^^^^^^^^^^^^^^^^^^^^
  File "/usr/local/lib/python3.11/site-packages/channels/routing.py", line 118, in __call__
    return await application(
           ^^^^^^^^^^^^^^^^^^
  File "/usr/local/lib/python3.11/site-packages/channels/consumer.py", line 95, in app
    return await consumer(scope, receive, send)
           ^^^^^^^^^^^^^^^^^^^^^^^^^^^^^^^^^^^^
  File "/usr/local/lib/python3.11/site-packages/channels/consumer.py", line 58, in __call__
    await await_many_dispatch(
  File "/usr/local/lib/python3.11/site-packages/channels/utils.py", line 57, in await_many_dispatch
    await task
  File "/usr/local/lib/python3.11/site-packages/channels_redis/core.py", line 340, in receive
    message_channel, message = await self.receive_single(
                               ^^^^^^^^^^^^^^^^^^^^^^^^^^
  File "/usr/local/lib/python3.11/site-packages/channels_redis/core.py", line 397, in receive_single
    content = await self._brpop_with_clean(
              ^^^^^^^^^^^^^^^^^^^^^^^^^^^^^
  File "/usr/local/lib/python3.11/site-packages/channels_redis/core.py", line 233, in _brpop_with_clean
    result = await connection.bzpopmin(channel, timeout=timeout)
             ^^^^^^^^^^^^^^^^^^^^^^^^^^^^^^^^^^^^^^^^^^^^^^^^^^^
  File "/usr/local/lib/python3.11/site-packages/redis/asyncio/client.py", line 946, in execute_command
    result = await conn.retry.call_with_retry(
             ^^^^^^^^^^^^^^^^^^^^^^^^^^^^^^^^^
  File "/usr/local/lib/python3.11/site-packages/redis/asyncio/retry.py", line 81, in call_with_retry
    raise error
  File "/usr/local/lib/python3.11/site-packages/redis/asyncio/retry.py", line 69, in call_with_retry
    return await do()
           ^^^^^^^^^^
  File "/usr/local/lib/python3.11/site-packages/redis/asyncio/client.py", line 871, in _send_command_parse_response
    return await self.parse_response(conn, command_name, **options)
           ^^^^^^^^^^^^^^^^^^^^^^^^^^^^^^^^^^^^^^^^^^^^^^^^^^^^^^^^
  File "/usr/local/lib/python3.11/site-packages/redis/asyncio/client.py", line 993, in parse_response
    response = await connection.read_response()
               ^^^^^^^^^^^^^^^^^^^^^^^^^^^^^^^^
  File "/usr/local/lib/python3.11/site-packages/redis/asyncio/connection.py", line 1310, in read_response
    raise TimeoutError(f"Timeout reading from {host_error}")
redis.exceptions.TimeoutError: Timeout reading from client_staging_redis:6379
ERROR 2026-08-16 01:52:13,798 server 7 126974000658112 Exception inside application: Timeout reading from client_staging_redis:6379
Traceback (most recent call last):
  File "/usr/local/lib/python3.11/site-packages/channels/utils.py", line 50, in await_many_dispatch
    await dispatch(result)
  File "/usr/local/lib/python3.11/site-packages/channels/consumer.py", line 74, in dispatch
    await handler(message)
  File "/usr/local/lib/python3.11/site-packages/channels/generic/websocket.py", line 252, in websocket_disconnect
    raise StopConsumer()
channels.exceptions.StopConsumer

During handling of the above exception, another exception occurred:

Traceback (most recent call last):
  File "/usr/local/lib/python3.11/site-packages/channels/routing.py", line 48, in __call__
    return await application(scope, receive, send)
           ^^^^^^^^^^^^^^^^^^^^^^^^^^^^^^^^^^^^^^^
  File "/app/main/ws_auth.py", line 30, in __call__
    return await self.inner(scope, receive, send)
           ^^^^^^^^^^^^^^^^^^^^^^^^^^^^^^^^^^^^^^
  File "/usr/local/lib/python3.11/site-packages/channels/routing.py", line 118, in __call__
    return await application(
           ^^^^^^^^^^^^^^^^^^
  File "/usr/local/lib/python3.11/site-packages/channels/consumer.py", line 95, in app
    return await consumer(scope, receive, send)
           ^^^^^^^^^^^^^^^^^^^^^^^^^^^^^^^^^^^^
  File "/usr/local/lib/python3.11/site-packages/channels/consumer.py", line 58, in __call__
    await await_many_dispatch(
  File "/usr/local/lib/python3.11/site-packages/channels/utils.py", line 57, in await_many_dispatch
    await task
  File "/usr/local/lib/python3.11/site-packages/channels_redis/core.py", line 340, in receive
    message_channel, message = await self.receive_single(
                               ^^^^^^^^^^^^^^^^^^^^^^^^^^
  File "/usr/local/lib/python3.11/site-packages/channels_redis/core.py", line 397, in receive_single
    content = await self._brpop_with_clean(
              ^^^^^^^^^^^^^^^^^^^^^^^^^^^^^
  File "/usr/local/lib/python3.11/site-packages/channels_redis/core.py", line 233, in _brpop_with_clean
    result = await connection.bzpopmin(channel, timeout=timeout)
             ^^^^^^^^^^^^^^^^^^^^^^^^^^^^^^^^^^^^^^^^^^^^^^^^^^^
  File "/usr/local/lib/python3.11/site-packages/redis/asyncio/client.py", line 946, in execute_command
    result = await conn.retry.call_with_retry(
             ^^^^^^^^^^^^^^^^^^^^^^^^^^^^^^^^^
  File "/usr/local/lib/python3.11/site-packages/redis/asyncio/retry.py", line 81, in call_with_retry
    raise error
  File "/usr/local/lib/python3.11/site-packages/redis/asyncio/retry.py", line 69, in call_with_retry
    return await do()
           ^^^^^^^^^^
  File "/usr/local/lib/python3.11/site-packages/redis/asyncio/client.py", line 871, in _send_command_parse_response
    return await self.parse_response(conn, command_name, **options)
           ^^^^^^^^^^^^^^^^^^^^^^^^^^^^^^^^^^^^^^^^^^^^^^^^^^^^^^^^
  File "/usr/local/lib/python3.11/site-packages/redis/asyncio/client.py", line 993, in parse_response
    response = await connection.read_response()
               ^^^^^^^^^^^^^^^^^^^^^^^^^^^^^^^^
  File "/usr/local/lib/python3.11/site-packages/redis/asyncio/connection.py", line 1310, in read_response
    raise TimeoutError(f"Timeout reading from {host_error}")
redis.exceptions.TimeoutError: Timeout reading from client_staging_redis:6379
ERROR 2026-08-16 01:52:18,810 server 7 126974000658112 Exception inside application: Timeout reading from client_staging_redis:6379
Traceback (most recent call last):
  File "/usr/local/lib/python3.11/site-packages/redis/asyncio/connection.py", line 1286, in read_response
    response = await self._read_response_from_parser(
               ^^^^^^^^^^^^^^^^^^^^^^^^^^^^^^^^^^^^^^
  File "/usr/local/lib/python3.11/site-packages/redis/asyncio/connection.py", line 1335, in _read_response_from_parser
    return await self._parser.read_response(
           ^^^^^^^^^^^^^^^^^^^^^^^^^^^^^^^^^
  File "/usr/local/lib/python3.11/site-packages/redis/_parsers/resp3.py", line 185, in read_response
    response = await self._read_response(
               ^^^^^^^^^^^^^^^^^^^^^^^^^^
  File "/usr/local/lib/python3.11/site-packages/redis/_parsers/resp3.py", line 197, in _read_response
    raw = await self._readline()
          ^^^^^^^^^^^^^^^^^^^^^^
  File "/usr/local/lib/python3.11/site-packages/redis/_parsers/base.py", line 587, in _readline
    data = await self._stream.readline()
           ^^^^^^^^^^^^^^^^^^^^^^^^^^^^^
  File "/usr/local/lib/python3.11/asyncio/streams.py", line 566, in readline
    line = await self.readuntil(sep)
           ^^^^^^^^^^^^^^^^^^^^^^^^^
  File "/usr/local/lib/python3.11/asyncio/streams.py", line 658, in readuntil
    await self._wait_for_data('readuntil')
  File "/usr/local/lib/python3.11/asyncio/streams.py", line 543, in _wait_for_data
    await self._waiter
asyncio.exceptions.CancelledError

The above exception was the direct cause of the following exception:

Traceback (most recent call last):
  File "/usr/local/lib/python3.11/site-packages/redis/asyncio/connection.py", line 1283, in read_response
    async with timeout_context as active_timeout:
  File "/usr/local/lib/python3.11/asyncio/timeouts.py", line 115, in __aexit__
    raise TimeoutError from exc_val
TimeoutError

During handling of the above exception, another exception occurred:

Traceback (most recent call last):
  File "/usr/local/lib/python3.11/site-packages/channels/routing.py", line 48, in __call__
    return await application(scope, receive, send)
           ^^^^^^^^^^^^^^^^^^^^^^^^^^^^^^^^^^^^^^^
  File "/app/main/ws_auth.py", line 30, in __call__
    return await self.inner(scope, receive, send)
           ^^^^^^^^^^^^^^^^^^^^^^^^^^^^^^^^^^^^^^
  File "/usr/local/lib/python3.11/site-packages/channels/routing.py", line 118, in __call__
    return await application(
           ^^^^^^^^^^^^^^^^^^
  File "/usr/local/lib/python3.11/site-packages/channels/consumer.py", line 95, in app
    return await consumer(scope, receive, send)
           ^^^^^^^^^^^^^^^^^^^^^^^^^^^^^^^^^^^^
  File "/usr/local/lib/python3.11/site-packages/channels/consumer.py", line 58, in __call__
    await await_many_dispatch(
  File "/usr/local/lib/python3.11/site-packages/channels/utils.py", line 57, in await_many_dispatch
    await task
redis.exceptions.TimeoutError: Timeout reading from client_staging_redis:6379
ERROR 2026-08-16 01:52:28,826 server 7 126974000658112 Exception inside application: Timeout reading from client_staging_redis:6379
Traceback (most recent call last):
  File "/usr/local/lib/python3.11/site-packages/redis/asyncio/connection.py", line 1286, in read_response
    response = await self._read_response_from_parser(
               ^^^^^^^^^^^^^^^^^^^^^^^^^^^^^^^^^^^^^^
  File "/usr/local/lib/python3.11/site-packages/redis/asyncio/connection.py", line 1335, in _read_response_from_parser
    return await self._parser.read_response(
           ^^^^^^^^^^^^^^^^^^^^^^^^^^^^^^^^^
  File "/usr/local/lib/python3.11/site-packages/redis/_parsers/resp3.py", line 185, in read_response
    response = await self._read_response(
               ^^^^^^^^^^^^^^^^^^^^^^^^^^
  File "/usr/local/lib/python3.11/site-packages/redis/_parsers/resp3.py", line 197, in _read_response
    raw = await self._readline()
          ^^^^^^^^^^^^^^^^^^^^^^
  File "/usr/local/lib/python3.11/site-packages/redis/_parsers/base.py", line 587, in _readline
    data = await self._stream.readline()
           ^^^^^^^^^^^^^^^^^^^^^^^^^^^^^
  File "/usr/local/lib/python3.11/asyncio/streams.py", line 566, in readline
    line = await self.readuntil(sep)
           ^^^^^^^^^^^^^^^^^^^^^^^^^
  File "/usr/local/lib/python3.11/asyncio/streams.py", line 658, in readuntil
    await self._wait_for_data('readuntil')
  File "/usr/local/lib/python3.11/asyncio/streams.py", line 543, in _wait_for_data
    await self._waiter
asyncio.exceptions.CancelledError

The above exception was the direct cause of the following exception:

Traceback (most recent call last):
  File "/usr/local/lib/python3.11/site-packages/redis/asyncio/connection.py", line 1283, in read_response
    async with timeout_context as active_timeout:
  File "/usr/local/lib/python3.11/asyncio/timeouts.py", line 115, in __aexit__
    raise TimeoutError from exc_val
TimeoutError

During handling of the above exception, another exception occurred:

Traceback (most recent call last):
  File "/usr/local/lib/python3.11/site-packages/channels/routing.py", line 48, in __call__
    return await application(scope, receive, send)
           ^^^^^^^^^^^^^^^^^^^^^^^^^^^^^^^^^^^^^^^
  File "/app/main/ws_auth.py", line 30, in __call__
    return await self.inner(scope, receive, send)
           ^^^^^^^^^^^^^^^^^^^^^^^^^^^^^^^^^^^^^^
  File "/usr/local/lib/python3.11/site-packages/channels/routing.py", line 118, in __call__
    return await application(
           ^^^^^^^^^^^^^^^^^^
  File "/usr/local/lib/python3.11/site-packages/channels/consumer.py", line 95, in app
    return await consumer(scope, receive, send)
           ^^^^^^^^^^^^^^^^^^^^^^^^^^^^^^^^^^^^
  File "/usr/local/lib/python3.11/site-packages/channels/consumer.py", line 58, in __call__
    await await_many_dispatch(
  File "/usr/local/lib/python3.11/site-packages/channels/utils.py", line 57, in await_many_dispatch
    await task
redis.exceptions.TimeoutError: Timeout reading from client_staging_redis:6379
ERROR 2026-08-16 01:52:38,864 server 7 126974000658112 Exception inside application: Timeout reading from client_staging_redis:6379
Traceback (most recent call last):
  File "/usr/local/lib/python3.11/site-packages/redis/asyncio/connection.py", line 1286, in read_response
    response = await self._read_response_from_parser(
               ^^^^^^^^^^^^^^^^^^^^^^^^^^^^^^^^^^^^^^
  File "/usr/local/lib/python3.11/site-packages/redis/asyncio/connection.py", line 1335, in _read_response_from_parser
    return await self._parser.read_response(
           ^^^^^^^^^^^^^^^^^^^^^^^^^^^^^^^^^
  File "/usr/local/lib/python3.11/site-packages/redis/_parsers/resp3.py", line 185, in read_response
    response = await self._read_response(
               ^^^^^^^^^^^^^^^^^^^^^^^^^^
  File "/usr/local/lib/python3.11/site-packages/redis/_parsers/resp3.py", line 197, in _read_response
    raw = await self._readline()
          ^^^^^^^^^^^^^^^^^^^^^^
  File "/usr/local/lib/python3.11/site-packages/redis/_parsers/base.py", line 587, in _readline
    data = await self._stream.readline()
           ^^^^^^^^^^^^^^^^^^^^^^^^^^^^^
  File "/usr/local/lib/python3.11/asyncio/streams.py", line 566, in readline
    line = await self.readuntil(sep)
           ^^^^^^^^^^^^^^^^^^^^^^^^^
  File "/usr/local/lib/python3.11/asyncio/streams.py", line 658, in readuntil
    await self._wait_for_data('readuntil')
  File "/usr/local/lib/python3.11/asyncio/streams.py", line 543, in _wait_for_data
    await self._waiter
asyncio.exceptions.CancelledError

The above exception was the direct cause of the following exception:

Traceback (most recent call last):
  File "/usr/local/lib/python3.11/site-packages/redis/asyncio/connection.py", line 1283, in read_response
    async with timeout_context as active_timeout:
  File "/usr/local/lib/python3.11/asyncio/timeouts.py", line 115, in __aexit__
    raise TimeoutError from exc_val
TimeoutError

During handling of the above exception, another exception occurred:

Traceback (most recent call last):
  File "/usr/local/lib/python3.11/site-packages/channels/routing.py", line 48, in __call__
    return await application(scope, receive, send)
           ^^^^^^^^^^^^^^^^^^^^^^^^^^^^^^^^^^^^^^^
  File "/app/main/ws_auth.py", line 30, in __call__
    return await self.inner(scope, receive, send)
           ^^^^^^^^^^^^^^^^^^^^^^^^^^^^^^^^^^^^^^
  File "/usr/local/lib/python3.11/site-packages/channels/routing.py", line 118, in __call__
    return await application(
           ^^^^^^^^^^^^^^^^^^
  File "/usr/local/lib/python3.11/site-packages/channels/consumer.py", line 95, in app
    return await consumer(scope, receive, send)
           ^^^^^^^^^^^^^^^^^^^^^^^^^^^^^^^^^^^^
  File "/usr/local/lib/python3.11/site-packages/channels/consumer.py", line 58, in __call__
    await await_many_dispatch(
  File "/usr/local/lib/python3.11/site-packages/channels/utils.py", line 57, in await_many_dispatch
    await task
redis.exceptions.TimeoutError: Timeout reading from client_staging_redis:6379
ERROR 2026-08-16 01:52:48,876 server 7 126974000658112 Exception inside application: Timeout reading from client_staging_redis:6379
Traceback (most recent call last):
  File "/usr/local/lib/python3.11/site-packages/redis/asyncio/connection.py", line 1286, in read_response
    response = await self._read_response_from_parser(
               ^^^^^^^^^^^^^^^^^^^^^^^^^^^^^^^^^^^^^^
  File "/usr/local/lib/python3.11/site-packages/redis/asyncio/connection.py", line 1335, in _read_response_from_parser
    return await self._parser.read_response(
           ^^^^^^^^^^^^^^^^^^^^^^^^^^^^^^^^^
  File "/usr/local/lib/python3.11/site-packages/redis/_parsers/resp3.py", line 185, in read_response
    response = await self._read_response(
               ^^^^^^^^^^^^^^^^^^^^^^^^^^
  File "/usr/local/lib/python3.11/site-packages/redis/_parsers/resp3.py", line 197, in _read_response
    raw = await self._readline()
          ^^^^^^^^^^^^^^^^^^^^^^
  File "/usr/local/lib/python3.11/site-packages/redis/_parsers/base.py", line 587, in _readline
    data = await self._stream.readline()
           ^^^^^^^^^^^^^^^^^^^^^^^^^^^^^
  File "/usr/local/lib/python3.11/asyncio/streams.py", line 566, in readline
    line = await self.readuntil(sep)
           ^^^^^^^^^^^^^^^^^^^^^^^^^
  File "/usr/local/lib/python3.11/asyncio/streams.py", line 658, in readuntil
    await self._wait_for_data('readuntil')
  File "/usr/local/lib/python3.11/asyncio/streams.py", line 543, in _wait_for_data
    await self._waiter
asyncio.exceptions.CancelledError

The above exception was the direct cause of the following exception:

Traceback (most recent call last):
  File "/usr/local/lib/python3.11/site-packages/redis/asyncio/connection.py", line 1283, in read_response
    async with timeout_context as active_timeout:
  File "/usr/local/lib/python3.11/asyncio/timeouts.py", line 115, in __aexit__
    raise TimeoutError from exc_val
TimeoutError

During handling of the above exception, another exception occurred:

Traceback (most recent call last):
  File "/usr/local/lib/python3.11/site-packages/channels/routing.py", line 48, in __call__
    return await application(scope, receive, send)
           ^^^^^^^^^^^^^^^^^^^^^^^^^^^^^^^^^^^^^^^
  File "/app/main/ws_auth.py", line 30, in __call__
    return await self.inner(scope, receive, send)
           ^^^^^^^^^^^^^^^^^^^^^^^^^^^^^^^^^^^^^^
  File "/usr/local/lib/python3.11/site-packages/channels/routing.py", line 118, in __call__
    return await application(
           ^^^^^^^^^^^^^^^^^^
  File "/usr/local/lib/python3.11/site-packages/channels/consumer.py", line 95, in app
    return await consumer(scope, receive, send)
           ^^^^^^^^^^^^^^^^^^^^^^^^^^^^^^^^^^^^
  File "/usr/local/lib/python3.11/site-packages/channels/consumer.py", line 58, in __call__
    await await_many_dispatch(
  File "/usr/local/lib/python3.11/site-packages/channels/utils.py", line 57, in await_many_dispatch
    await task
redis.exceptions.TimeoutError: Timeout reading from client_staging_redis:6379
ERROR 2026-08-16 01:52:58,889 server 7 126974000658112 Exception inside application: Timeout reading from client_staging_redis:6379
Traceback (most recent call last):
  File "/usr/local/lib/python3.11/site-packages/redis/asyncio/connection.py", line 1286, in read_response
    response = await self._read_response_from_parser(
               ^^^^^^^^^^^^^^^^^^^^^^^^^^^^^^^^^^^^^^
  File "/usr/local/lib/python3.11/site-packages/redis/asyncio/connection.py", line 1335, in _read_response_from_parser
    return await self._parser.read_response(
           ^^^^^^^^^^^^^^^^^^^^^^^^^^^^^^^^^
  File "/usr/local/lib/python3.11/site-packages/redis/_parsers/resp3.py", line 185, in read_response
    response = await self._read_response(
               ^^^^^^^^^^^^^^^^^^^^^^^^^^
  File "/usr/local/lib/python3.11/site-packages/redis/_parsers/resp3.py", line 197, in _read_response
    raw = await self._readline()
          ^^^^^^^^^^^^^^^^^^^^^^
  File "/usr/local/lib/python3.11/site-packages/redis/_parsers/base.py", line 587, in _readline
    data = await self._stream.readline()
           ^^^^^^^^^^^^^^^^^^^^^^^^^^^^^
  File "/usr/local/lib/python3.11/asyncio/streams.py", line 566, in readline
    line = await self.readuntil(sep)
           ^^^^^^^^^^^^^^^^^^^^^^^^^
  File "/usr/local/lib/python3.11/asyncio/streams.py", line 658, in readuntil
    await self._wait_for_data('readuntil')
  File "/usr/local/lib/python3.11/asyncio/streams.py", line 543, in _wait_for_data
    await self._waiter
asyncio.exceptions.CancelledError

The above exception was the direct cause of the following exception:

Traceback (most recent call last):
  File "/usr/local/lib/python3.11/site-packages/redis/asyncio/connection.py", line 1283, in read_response
    async with timeout_context as active_timeout:
  File "/usr/local/lib/python3.11/asyncio/timeouts.py", line 115, in __aexit__
    raise TimeoutError from exc_val
TimeoutError

During handling of the above exception, another exception occurred:

Traceback (most recent call last):
  File "/usr/local/lib/python3.11/site-packages/channels/routing.py", line 48, in __call__
    return await application(scope, receive, send)
           ^^^^^^^^^^^^^^^^^^^^^^^^^^^^^^^^^^^^^^^
  File "/app/main/ws_auth.py", line 30, in __call__
    return await self.inner(scope, receive, send)
           ^^^^^^^^^^^^^^^^^^^^^^^^^^^^^^^^^^^^^^
  File "/usr/local/lib/python3.11/site-packages/channels/routing.py", line 118, in __call__
    return await application(
           ^^^^^^^^^^^^^^^^^^
  File "/usr/local/lib/python3.11/site-packages/channels/consumer.py", line 95, in app
    return await consumer(scope, receive, send)
           ^^^^^^^^^^^^^^^^^^^^^^^^^^^^^^^^^^^^
  File "/usr/local/lib/python3.11/site-packages/channels/consumer.py", line 58, in __call__
    await await_many_dispatch(
  File "/usr/local/lib/python3.11/site-packages/channels/utils.py", line 57, in await_many_dispatch
    await task
redis.exceptions.TimeoutError: Timeout reading from client_staging_redis:6379
ERROR 2026-08-16 01:53:21,959 server 7 126974000658112 Exception inside application: Timeout reading from client_staging_redis:6379
Traceback (most recent call last):
  File "/usr/local/lib/python3.11/site-packages/redis/asyncio/connection.py", line 1286, in read_response
    response = await self._read_response_from_parser(
               ^^^^^^^^^^^^^^^^^^^^^^^^^^^^^^^^^^^^^^
  File "/usr/local/lib/python3.11/site-packages/redis/asyncio/connection.py", line 1335, in _read_response_from_parser
    return await self._parser.read_response(
           ^^^^^^^^^^^^^^^^^^^^^^^^^^^^^^^^^
  File "/usr/local/lib/python3.11/site-packages/redis/_parsers/resp3.py", line 185, in read_response
    response = await self._read_response(
               ^^^^^^^^^^^^^^^^^^^^^^^^^^
  File "/usr/local/lib/python3.11/site-packages/redis/_parsers/resp3.py", line 197, in _read_response
    raw = await self._readline()
          ^^^^^^^^^^^^^^^^^^^^^^
  File "/usr/local/lib/python3.11/site-packages/redis/_parsers/base.py", line 587, in _readline
    data = await self._stream.readline()
           ^^^^^^^^^^^^^^^^^^^^^^^^^^^^^
  File "/usr/local/lib/python3.11/asyncio/streams.py", line 566, in readline
    line = await self.readuntil(sep)
           ^^^^^^^^^^^^^^^^^^^^^^^^^
  File "/usr/local/lib/python3.11/asyncio/streams.py", line 658, in readuntil
    await self._wait_for_data('readuntil')
  File "/usr/local/lib/python3.11/asyncio/streams.py", line 543, in _wait_for_data
    await self._waiter
asyncio.exceptions.CancelledError

The above exception was the direct cause of the following exception:

Traceback (most recent call last):
  File "/usr/local/lib/python3.11/site-packages/redis/asyncio/connection.py", line 1283, in read_response
    async with timeout_context as active_timeout:
  File "/usr/local/lib/python3.11/asyncio/timeouts.py", line 115, in __aexit__
    raise TimeoutError from exc_val
TimeoutError

During handling of the above exception, another exception occurred:

Traceback (most recent call last):
  File "/usr/local/lib/python3.11/site-packages/channels/routing.py", line 48, in __call__
    return await application(scope, receive, send)
           ^^^^^^^^^^^^^^^^^^^^^^^^^^^^^^^^^^^^^^^
  File "/app/main/ws_auth.py", line 30, in __call__
    return await self.inner(scope, receive, send)
           ^^^^^^^^^^^^^^^^^^^^^^^^^^^^^^^^^^^^^^
  File "/usr/local/lib/python3.11/site-packages/channels/routing.py", line 118, in __call__
    return await application(
           ^^^^^^^^^^^^^^^^^^
  File "/usr/local/lib/python3.11/site-packages/channels/consumer.py", line 95, in app
    return await consumer(scope, receive, send)
           ^^^^^^^^^^^^^^^^^^^^^^^^^^^^^^^^^^^^
  File "/usr/local/lib/python3.11/site-packages/channels/consumer.py", line 58, in __call__
    await await_many_dispatch(
  File "/usr/local/lib/python3.11/site-packages/channels/utils.py", line 57, in await_many_dispatch
    await task
redis.exceptions.TimeoutError: Timeout reading from client_staging_redis:6379
ERROR 2026-08-16 01:53:31,970 server 7 126974000658112 Exception inside application: Timeout reading from client_staging_redis:6379
Traceback (most recent call last):
  File "/usr/local/lib/python3.11/site-packages/redis/asyncio/connection.py", line 1286, in read_response
    response = await self._read_response_from_parser(
               ^^^^^^^^^^^^^^^^^^^^^^^^^^^^^^^^^^^^^^
  File "/usr/local/lib/python3.11/site-packages/redis/asyncio/connection.py", line 1335, in _read_response_from_parser
    return await self._parser.read_response(
           ^^^^^^^^^^^^^^^^^^^^^^^^^^^^^^^^^
  File "/usr/local/lib/python3.11/site-packages/redis/_parsers/resp3.py", line 185, in read_response
    response = await self._read_response(
               ^^^^^^^^^^^^^^^^^^^^^^^^^^
  File "/usr/local/lib/python3.11/site-packages/redis/_parsers/resp3.py", line 197, in _read_response
    raw = await self._readline()
          ^^^^^^^^^^^^^^^^^^^^^^
  File "/usr/local/lib/python3.11/site-packages/redis/_parsers/base.py", line 587, in _readline
    data = await self._stream.readline()
           ^^^^^^^^^^^^^^^^^^^^^^^^^^^^^
  File "/usr/local/lib/python3.11/asyncio/streams.py", line 566, in readline
    line = await self.readuntil(sep)
           ^^^^^^^^^^^^^^^^^^^^^^^^^
  File "/usr/local/lib/python3.11/asyncio/streams.py", line 658, in readuntil
    await self._wait_for_data('readuntil')
  File "/usr/local/lib/python3.11/asyncio/streams.py", line 543, in _wait_for_data
    await self._waiter
asyncio.exceptions.CancelledError

The above exception was the direct cause of the following exception:

Traceback (most recent call last):
  File "/usr/local/lib/python3.11/site-packages/redis/asyncio/connection.py", line 1283, in read_response
    async with timeout_context as active_timeout:
  File "/usr/local/lib/python3.11/asyncio/timeouts.py", line 115, in __aexit__
    raise TimeoutError from exc_val
TimeoutError

During handling of the above exception, another exception occurred:

Traceback (most recent call last):
  File "/usr/local/lib/python3.11/site-packages/channels/routing.py", line 48, in __call__
    return await application(scope, receive, send)
           ^^^^^^^^^^^^^^^^^^^^^^^^^^^^^^^^^^^^^^^
  File "/app/main/ws_auth.py", line 30, in __call__
    return await self.inner(scope, receive, send)
           ^^^^^^^^^^^^^^^^^^^^^^^^^^^^^^^^^^^^^^
  File "/usr/local/lib/python3.11/site-packages/channels/routing.py", line 118, in __call__
    return await application(
           ^^^^^^^^^^^^^^^^^^
  File "/usr/local/lib/python3.11/site-packages/channels/consumer.py", line 95, in app
    return await consumer(scope, receive, send)
           ^^^^^^^^^^^^^^^^^^^^^^^^^^^^^^^^^^^^
  File "/usr/local/lib/python3.11/site-packages/channels/consumer.py", line 58, in __call__
    await await_many_dispatch(
  File "/usr/local/lib/python3.11/site-packages/channels/utils.py", line 57, in await_many_dispatch
    await task
redis.exceptions.TimeoutError: Timeout reading from client_staging_redis:6379
ERROR 2026-08-16 01:53:47,028 server 7 126974000658112 Exception inside application: Timeout reading from client_staging_redis:6379
Traceback (most recent call last):
  File "/usr/local/lib/python3.11/site-packages/redis/asyncio/connection.py", line 1286, in read_response
    response = await self._read_response_from_parser(
               ^^^^^^^^^^^^^^^^^^^^^^^^^^^^^^^^^^^^^^
  File "/usr/local/lib/python3.11/site-packages/redis/asyncio/connection.py", line 1335, in _read_response_from_parser
    return await self._parser.read_response(
           ^^^^^^^^^^^^^^^^^^^^^^^^^^^^^^^^^
  File "/usr/local/lib/python3.11/site-packages/redis/_parsers/resp3.py", line 185, in read_response
    response = await self._read_response(
               ^^^^^^^^^^^^^^^^^^^^^^^^^^
  File "/usr/local/lib/python3.11/site-packages/redis/_parsers/resp3.py", line 197, in _read_response
    raw = await self._readline()
          ^^^^^^^^^^^^^^^^^^^^^^
  File "/usr/local/lib/python3.11/site-packages/redis/_parsers/base.py", line 587, in _readline
    data = await self._stream.readline()
           ^^^^^^^^^^^^^^^^^^^^^^^^^^^^^
  File "/usr/local/lib/python3.11/asyncio/streams.py", line 566, in readline
    line = await self.readuntil(sep)
           ^^^^^^^^^^^^^^^^^^^^^^^^^
  File "/usr/local/lib/python3.11/asyncio/streams.py", line 658, in readuntil
    await self._wait_for_data('readuntil')
  File "/usr/local/lib/python3.11/asyncio/streams.py", line 543, in _wait_for_data
    await self._waiter
asyncio.exceptions.CancelledError

The above exception was the direct cause of the following exception:

Traceback (most recent call last):
  File "/usr/local/lib/python3.11/site-packages/redis/asyncio/connection.py", line 1283, in read_response
    async with timeout_context as active_timeout:
  File "/usr/local/lib/python3.11/asyncio/timeouts.py", line 115, in __aexit__
    raise TimeoutError from exc_val
TimeoutError

During handling of the above exception, another exception occurred:

Traceback (most recent call last):
  File "/usr/local/lib/python3.11/site-packages/channels/routing.py", line 48, in __call__
    return await application(scope, receive, send)
           ^^^^^^^^^^^^^^^^^^^^^^^^^^^^^^^^^^^^^^^
  File "/app/main/ws_auth.py", line 30, in __call__
    return await self.inner(scope, receive, send)
           ^^^^^^^^^^^^^^^^^^^^^^^^^^^^^^^^^^^^^^
  File "/usr/local/lib/python3.11/site-packages/channels/routing.py", line 118, in __call__
    return await application(
           ^^^^^^^^^^^^^^^^^^
  File "/usr/local/lib/python3.11/site-packages/channels/consumer.py", line 95, in app
    return await consumer(scope, receive, send)
           ^^^^^^^^^^^^^^^^^^^^^^^^^^^^^^^^^^^^
  File "/usr/local/lib/python3.11/site-packages/channels/consumer.py", line 58, in __call__
    await await_many_dispatch(
  File "/usr/local/lib/python3.11/site-packages/channels/utils.py", line 57, in await_many_dispatch
    await task
redis.exceptions.TimeoutError: Timeout reading from client_staging_redis:6379
ERROR 2026-08-16 01:53:57,039 server 7 126974000658112 Exception inside application: Timeout reading from client_staging_redis:6379
Traceback (most recent call last):
  File "/usr/local/lib/python3.11/site-packages/redis/asyncio/connection.py", line 1286, in read_response
    response = await self._read_response_from_parser(
               ^^^^^^^^^^^^^^^^^^^^^^^^^^^^^^^^^^^^^^
  File "/usr/local/lib/python3.11/site-packages/redis/asyncio/connection.py", line 1335, in _read_response_from_parser
    return await self._parser.read_response(
           ^^^^^^^^^^^^^^^^^^^^^^^^^^^^^^^^^
  File "/usr/local/lib/python3.11/site-packages/redis/_parsers/resp3.py", line 185, in read_response
    response = await self._read_response(
               ^^^^^^^^^^^^^^^^^^^^^^^^^^
  File "/usr/local/lib/python3.11/site-packages/redis/_parsers/resp3.py", line 197, in _read_response
    raw = await self._readline()
          ^^^^^^^^^^^^^^^^^^^^^^
  File "/usr/local/lib/python3.11/site-packages/redis/_parsers/base.py", line 587, in _readline
    data = await self._stream.readline()
           ^^^^^^^^^^^^^^^^^^^^^^^^^^^^^
  File "/usr/local/lib/python3.11/asyncio/streams.py", line 566, in readline
    line = await self.readuntil(sep)
           ^^^^^^^^^^^^^^^^^^^^^^^^^
  File "/usr/local/lib/python3.11/asyncio/streams.py", line 658, in readuntil
    await self._wait_for_data('readuntil')
  File "/usr/local/lib/python3.11/asyncio/streams.py", line 543, in _wait_for_data
    await self._waiter
asyncio.exceptions.CancelledError

The above exception was the direct cause of the following exception:

Traceback (most recent call last):
  File "/usr/local/lib/python3.11/site-packages/redis/asyncio/connection.py", line 1283, in read_response
    async with timeout_context as active_timeout:
  File "/usr/local/lib/python3.11/asyncio/timeouts.py", line 115, in __aexit__
    raise TimeoutError from exc_val
TimeoutError

During handling of the above exception, another exception occurred:

Traceback (most recent call last):
  File "/usr/local/lib/python3.11/site-packages/channels/routing.py", line 48, in __call__
    return await application(scope, receive, send)
           ^^^^^^^^^^^^^^^^^^^^^^^^^^^^^^^^^^^^^^^
  File "/app/main/ws_auth.py", line 30, in __call__
    return await self.inner(scope, receive, send)
           ^^^^^^^^^^^^^^^^^^^^^^^^^^^^^^^^^^^^^^
  File "/usr/local/lib/python3.11/site-packages/channels/routing.py", line 118, in __call__
    return await application(
           ^^^^^^^^^^^^^^^^^^
  File "/usr/local/lib/python3.11/site-packages/channels/consumer.py", line 95, in app
    return await consumer(scope, receive, send)
           ^^^^^^^^^^^^^^^^^^^^^^^^^^^^^^^^^^^^
  File "/usr/local/lib/python3.11/site-packages/channels/consumer.py", line 58, in __call__
    await await_many_dispatch(
  File "/usr/local/lib/python3.11/site-packages/channels/utils.py", line 57, in await_many_dispatch
    await task
redis.exceptions.TimeoutError: Timeout reading from client_staging_redis:6379
ERROR 2026-08-16 01:54:07,052 server 7 126974000658112 Exception inside application: Timeout reading from client_staging_redis:6379
Traceback (most recent call last):
  File "/usr/local/lib/python3.11/site-packages/redis/asyncio/connection.py", line 1286, in read_response
    response = await self._read_response_from_parser(
               ^^^^^^^^^^^^^^^^^^^^^^^^^^^^^^^^^^^^^^
  File "/usr/local/lib/python3.11/site-packages/redis/asyncio/connection.py", line 1335, in _read_response_from_parser
    return await self._parser.read_response(
           ^^^^^^^^^^^^^^^^^^^^^^^^^^^^^^^^^
  File "/usr/local/lib/python3.11/site-packages/redis/_parsers/resp3.py", line 185, in read_response
    response = await self._read_response(
               ^^^^^^^^^^^^^^^^^^^^^^^^^^
  File "/usr/local/lib/python3.11/site-packages/redis/_parsers/resp3.py", line 197, in _read_response
    raw = await self._readline()
          ^^^^^^^^^^^^^^^^^^^^^^
  File "/usr/local/lib/python3.11/site-packages/redis/_parsers/base.py", line 587, in _readline
    data = await self._stream.readline()
           ^^^^^^^^^^^^^^^^^^^^^^^^^^^^^
  File "/usr/local/lib/python3.11/asyncio/streams.py", line 566, in readline
    line = await self.readuntil(sep)
           ^^^^^^^^^^^^^^^^^^^^^^^^^
  File "/usr/local/lib/python3.11/asyncio/streams.py", line 658, in readuntil
    await self._wait_for_data('readuntil')
  File "/usr/local/lib/python3.11/asyncio/streams.py", line 543, in _wait_for_data
    await self._waiter
asyncio.exceptions.CancelledError

The above exception was the direct cause of the following exception:

Traceback (most recent call last):
  File "/usr/local/lib/python3.11/site-packages/redis/asyncio/connection.py", line 1283, in read_response
    async with timeout_context as active_timeout:
  File "/usr/local/lib/python3.11/asyncio/timeouts.py", line 115, in __aexit__
    raise TimeoutError from exc_val
TimeoutError

During handling of the above exception, another exception occurred:

Traceback (most recent call last):
  File "/usr/local/lib/python3.11/site-packages/channels/routing.py", line 48, in __call__
    return await application(scope, receive, send)
           ^^^^^^^^^^^^^^^^^^^^^^^^^^^^^^^^^^^^^^^
  File "/app/main/ws_auth.py", line 30, in __call__
    return await self.inner(scope, receive, send)
           ^^^^^^^^^^^^^^^^^^^^^^^^^^^^^^^^^^^^^^
  File "/usr/local/lib/python3.11/site-packages/channels/routing.py", line 118, in __call__
    return await application(
           ^^^^^^^^^^^^^^^^^^
  File "/usr/local/lib/python3.11/site-packages/channels/consumer.py", line 95, in app
    return await consumer(scope, receive, send)
           ^^^^^^^^^^^^^^^^^^^^^^^^^^^^^^^^^^^^
  File "/usr/local/lib/python3.11/site-packages/channels/consumer.py", line 58, in __call__
    await await_many_dispatch(
  File "/usr/local/lib/python3.11/site-packages/channels/utils.py", line 57, in await_many_dispatch
    await task
redis.exceptions.TimeoutError: Timeout reading from client_staging_redis:6379
ERROR 2026-08-16 01:54:18,065 server 7 126974000658112 Exception inside application: Timeout reading from client_staging_redis:6379
Traceback (most recent call last):
  File "/usr/local/lib/python3.11/site-packages/redis/asyncio/connection.py", line 1286, in read_response
    response = await self._read_response_from_parser(
               ^^^^^^^^^^^^^^^^^^^^^^^^^^^^^^^^^^^^^^
  File "/usr/local/lib/python3.11/site-packages/redis/asyncio/connection.py", line 1335, in _read_response_from_parser
    return await self._parser.read_response(
           ^^^^^^^^^^^^^^^^^^^^^^^^^^^^^^^^^
  File "/usr/local/lib/python3.11/site-packages/redis/_parsers/resp3.py", line 185, in read_response
    response = await self._read_response(
               ^^^^^^^^^^^^^^^^^^^^^^^^^^
  File "/usr/local/lib/python3.11/site-packages/redis/_parsers/resp3.py", line 197, in _read_response
    raw = await self._readline()
          ^^^^^^^^^^^^^^^^^^^^^^
  File "/usr/local/lib/python3.11/site-packages/redis/_parsers/base.py", line 587, in _readline
    data = await self._stream.readline()
           ^^^^^^^^^^^^^^^^^^^^^^^^^^^^^
  File "/usr/local/lib/python3.11/asyncio/streams.py", line 566, in readline
    line = await self.readuntil(sep)
           ^^^^^^^^^^^^^^^^^^^^^^^^^
  File "/usr/local/lib/python3.11/asyncio/streams.py", line 658, in readuntil
    await self._wait_for_data('readuntil')
  File "/usr/local/lib/python3.11/asyncio/streams.py", line 543, in _wait_for_data
    await self._waiter
asyncio.exceptions.CancelledError

The above exception was the direct cause of the following exception:

Traceback (most recent call last):
  File "/usr/local/lib/python3.11/site-packages/redis/asyncio/connection.py", line 1283, in read_response
    async with timeout_context as active_timeout:
  File "/usr/local/lib/python3.11/asyncio/timeouts.py", line 115, in __aexit__
    raise TimeoutError from exc_val
TimeoutError

During handling of the above exception, another exception occurred:

Traceback (most recent call last):
  File "/usr/local/lib/python3.11/site-packages/channels/routing.py", line 48, in __call__
    return await application(scope, receive, send)
           ^^^^^^^^^^^^^^^^^^^^^^^^^^^^^^^^^^^^^^^
  File "/app/main/ws_auth.py", line 30, in __call__
    return await self.inner(scope, receive, send)
           ^^^^^^^^^^^^^^^^^^^^^^^^^^^^^^^^^^^^^^
  File "/usr/local/lib/python3.11/site-packages/channels/routing.py", line 118, in __call__
    return await application(
           ^^^^^^^^^^^^^^^^^^
  File "/usr/local/lib/python3.11/site-packages/channels/consumer.py", line 95, in app
    return await consumer(scope, receive, send)
           ^^^^^^^^^^^^^^^^^^^^^^^^^^^^^^^^^^^^
  File "/usr/local/lib/python3.11/site-packages/channels/consumer.py", line 58, in __call__
    await await_many_dispatch(
  File "/usr/local/lib/python3.11/site-packages/channels/utils.py", line 57, in await_many_dispatch
    await task
redis.exceptions.TimeoutError: Timeout reading from client_staging_redis:6379
ERROR 2026-08-16 01:54:28,077 server 7 126974000658112 Exception inside application: Timeout reading from client_staging_redis:6379
Traceback (most recent call last):
  File "/usr/local/lib/python3.11/site-packages/redis/asyncio/connection.py", line 1286, in read_response
    response = await self._read_response_from_parser(
               ^^^^^^^^^^^^^^^^^^^^^^^^^^^^^^^^^^^^^^
  File "/usr/local/lib/python3.11/site-packages/redis/asyncio/connection.py", line 1335, in _read_response_from_parser
    return await self._parser.read_response(
           ^^^^^^^^^^^^^^^^^^^^^^^^^^^^^^^^^
  File "/usr/local/lib/python3.11/site-packages/redis/_parsers/resp3.py", line 185, in read_response
    response = await self._read_response(
               ^^^^^^^^^^^^^^^^^^^^^^^^^^
  File "/usr/local/lib/python3.11/site-packages/redis/_parsers/resp3.py", line 197, in _read_response
    raw = await self._readline()
          ^^^^^^^^^^^^^^^^^^^^^^
  File "/usr/local/lib/python3.11/site-packages/redis/_parsers/base.py", line 587, in _readline
    data = await self._stream.readline()
           ^^^^^^^^^^^^^^^^^^^^^^^^^^^^^
  File "/usr/local/lib/python3.11/asyncio/streams.py", line 566, in readline
    line = await self.readuntil(sep)
           ^^^^^^^^^^^^^^^^^^^^^^^^^
  File "/usr/local/lib/python3.11/asyncio/streams.py", line 658, in readuntil
    await self._wait_for_data('readuntil')
  File "/usr/local/lib/python3.11/asyncio/streams.py", line 543, in _wait_for_data
    await self._waiter
asyncio.exceptions.CancelledError

The above exception was the direct cause of the following exception:

Traceback (most recent call last):
  File "/usr/local/lib/python3.11/site-packages/redis/asyncio/connection.py", line 1283, in read_response
    async with timeout_context as active_timeout:
  File "/usr/local/lib/python3.11/asyncio/timeouts.py", line 115, in __aexit__
    raise TimeoutError from exc_val
TimeoutError

During handling of the above exception, another exception occurred:

Traceback (most recent call last):
  File "/usr/local/lib/python3.11/site-packages/channels/routing.py", line 48, in __call__
    return await application(scope, receive, send)
           ^^^^^^^^^^^^^^^^^^^^^^^^^^^^^^^^^^^^^^^
  File "/app/main/ws_auth.py", line 30, in __call__
    return await self.inner(scope, receive, send)
           ^^^^^^^^^^^^^^^^^^^^^^^^^^^^^^^^^^^^^^
  File "/usr/local/lib/python3.11/site-packages/channels/routing.py", line 118, in __call__
    return await application(
           ^^^^^^^^^^^^^^^^^^
  File "/usr/local/lib/python3.11/site-packages/channels/consumer.py", line 95, in app
    return await consumer(scope, receive, send)
           ^^^^^^^^^^^^^^^^^^^^^^^^^^^^^^^^^^^^
  File "/usr/local/lib/python3.11/site-packages/channels/consumer.py", line 58, in __call__
    await await_many_dispatch(
  File "/usr/local/lib/python3.11/site-packages/channels/utils.py", line 57, in await_many_dispatch
    await task
redis.exceptions.TimeoutError: Timeout reading from client_staging_redis:6379
ERROR 2026-08-16 01:54:44,103 server 7 126974000658112 Exception inside application: Timeout reading from client_staging_redis:6379
Traceback (most recent call last):
  File "/usr/local/lib/python3.11/site-packages/redis/asyncio/connection.py", line 1286, in read_response
    response = await self._read_response_from_parser(
               ^^^^^^^^^^^^^^^^^^^^^^^^^^^^^^^^^^^^^^
  File "/usr/local/lib/python3.11/site-packages/redis/asyncio/connection.py", line 1335, in _read_response_from_parser
    return await self._parser.read_response(
           ^^^^^^^^^^^^^^^^^^^^^^^^^^^^^^^^^
  File "/usr/local/lib/python3.11/site-packages/redis/_parsers/resp3.py", line 185, in read_response
    response = await self._read_response(
               ^^^^^^^^^^^^^^^^^^^^^^^^^^
  File "/usr/local/lib/python3.11/site-packages/redis/_parsers/resp3.py", line 197, in _read_response
    raw = await self._readline()
          ^^^^^^^^^^^^^^^^^^^^^^
  File "/usr/local/lib/python3.11/site-packages/redis/_parsers/base.py", line 587, in _readline
    data = await self._stream.readline()
           ^^^^^^^^^^^^^^^^^^^^^^^^^^^^^
  File "/usr/local/lib/python3.11/asyncio/streams.py", line 566, in readline
    line = await self.readuntil(sep)
           ^^^^^^^^^^^^^^^^^^^^^^^^^
  File "/usr/local/lib/python3.11/asyncio/streams.py", line 658, in readuntil
    await self._wait_for_data('readuntil')
  File "/usr/local/lib/python3.11/asyncio/streams.py", line 543, in _wait_for_data
    await self._waiter
asyncio.exceptions.CancelledError

The above exception was the direct cause of the following exception:

Traceback (most recent call last):
  File "/usr/local/lib/python3.11/site-packages/redis/asyncio/connection.py", line 1283, in read_response
    async with timeout_context as active_timeout:
  File "/usr/local/lib/python3.11/asyncio/timeouts.py", line 115, in __aexit__
    raise TimeoutError from exc_val
TimeoutError

During handling of the above exception, another exception occurred:

Traceback (most recent call last):
  File "/usr/local/lib/python3.11/site-packages/channels/routing.py", line 48, in __call__
    return await application(scope, receive, send)
           ^^^^^^^^^^^^^^^^^^^^^^^^^^^^^^^^^^^^^^^
  File "/app/main/ws_auth.py", line 30, in __call__
    return await self.inner(scope, receive, send)
           ^^^^^^^^^^^^^^^^^^^^^^^^^^^^^^^^^^^^^^
  File "/usr/local/lib/python3.11/site-packages/channels/routing.py", line 118, in __call__
    return await application(
           ^^^^^^^^^^^^^^^^^^
  File "/usr/local/lib/python3.11/site-packages/channels/consumer.py", line 95, in app
    return await consumer(scope, receive, send)
           ^^^^^^^^^^^^^^^^^^^^^^^^^^^^^^^^^^^^
  File "/usr/local/lib/python3.11/site-packages/channels/consumer.py", line 58, in __call__
    await await_many_dispatch(
  File "/usr/local/lib/python3.11/site-packages/channels/utils.py", line 57, in await_many_dispatch
    await task
redis.exceptions.TimeoutError: Timeout reading from client_staging_redis:6379
ERROR 2026-08-16 01:54:55,118 server 7 126974000658112 Exception inside application: Timeout reading from client_staging_redis:6379
Traceback (most recent call last):
  File "/usr/local/lib/python3.11/site-packages/redis/asyncio/connection.py", line 1286, in read_response
    response = await self._read_response_from_parser(
               ^^^^^^^^^^^^^^^^^^^^^^^^^^^^^^^^^^^^^^
  File "/usr/local/lib/python3.11/site-packages/redis/asyncio/connection.py", line 1335, in _read_response_from_parser
    return await self._parser.read_response(
           ^^^^^^^^^^^^^^^^^^^^^^^^^^^^^^^^^
  File "/usr/local/lib/python3.11/site-packages/redis/_parsers/resp3.py", line 185, in read_response
    response = await self._read_response(
               ^^^^^^^^^^^^^^^^^^^^^^^^^^
  File "/usr/local/lib/python3.11/site-packages/redis/_parsers/resp3.py", line 197, in _read_response
    raw = await self._readline()
          ^^^^^^^^^^^^^^^^^^^^^^
  File "/usr/local/lib/python3.11/site-packages/redis/_parsers/base.py", line 587, in _readline
    data = await self._stream.readline()
           ^^^^^^^^^^^^^^^^^^^^^^^^^^^^^
  File "/usr/local/lib/python3.11/asyncio/streams.py", line 566, in readline
    line = await self.readuntil(sep)
           ^^^^^^^^^^^^^^^^^^^^^^^^^
  File "/usr/local/lib/python3.11/asyncio/streams.py", line 658, in readuntil
    await self._wait_for_data('readuntil')
  File "/usr/local/lib/python3.11/asyncio/streams.py", line 543, in _wait_for_data
    await self._waiter
asyncio.exceptions.CancelledError

The above exception was the direct cause of the following exception:

Traceback (most recent call last):
  File "/usr/local/lib/python3.11/site-packages/redis/asyncio/connection.py", line 1283, in read_response
    async with timeout_context as active_timeout:
  File "/usr/local/lib/python3.11/asyncio/timeouts.py", line 115, in __aexit__
    raise TimeoutError from exc_val
TimeoutError

During handling of the above exception, another exception occurred:

Traceback (most recent call last):
  File "/usr/local/lib/python3.11/site-packages/channels/routing.py", line 48, in __call__
    return await application(scope, receive, send)
           ^^^^^^^^^^^^^^^^^^^^^^^^^^^^^^^^^^^^^^^
  File "/app/main/ws_auth.py", line 30, in __call__
    return await self.inner(scope, receive, send)
           ^^^^^^^^^^^^^^^^^^^^^^^^^^^^^^^^^^^^^^
  File "/usr/local/lib/python3.11/site-packages/channels/routing.py", line 118, in __call__
    return await application(
           ^^^^^^^^^^^^^^^^^^
  File "/usr/local/lib/python3.11/site-packages/channels/consumer.py", line 95, in app
    return await consumer(scope, receive, send)
           ^^^^^^^^^^^^^^^^^^^^^^^^^^^^^^^^^^^^
  File "/usr/local/lib/python3.11/site-packages/channels/consumer.py", line 58, in __call__
    await await_many_dispatch(
  File "/usr/local/lib/python3.11/site-packages/channels/utils.py", line 57, in await_many_dispatch
    await task
redis.exceptions.TimeoutError: Timeout reading from client_staging_redis:6379
ERROR 2026-08-16 01:55:06,128 server 7 126974000658112 Exception inside application: Timeout reading from client_staging_redis:6379
Traceback (most recent call last):
  File "/usr/local/lib/python3.11/site-packages/redis/asyncio/connection.py", line 1286, in read_response
    response = await self._read_response_from_parser(
               ^^^^^^^^^^^^^^^^^^^^^^^^^^^^^^^^^^^^^^
  File "/usr/local/lib/python3.11/site-packages/redis/asyncio/connection.py", line 1335, in _read_response_from_parser
    return await self._parser.read_response(
           ^^^^^^^^^^^^^^^^^^^^^^^^^^^^^^^^^
  File "/usr/local/lib/python3.11/site-packages/redis/_parsers/resp3.py", line 185, in read_response
    response = await self._read_response(
               ^^^^^^^^^^^^^^^^^^^^^^^^^^
  File "/usr/local/lib/python3.11/site-packages/redis/_parsers/resp3.py", line 197, in _read_response
    raw = await self._readline()
          ^^^^^^^^^^^^^^^^^^^^^^
  File "/usr/local/lib/python3.11/site-packages/redis/_parsers/base.py", line 587, in _readline
    data = await self._stream.readline()
           ^^^^^^^^^^^^^^^^^^^^^^^^^^^^^
  File "/usr/local/lib/python3.11/asyncio/streams.py", line 566, in readline
    line = await self.readuntil(sep)
           ^^^^^^^^^^^^^^^^^^^^^^^^^
  File "/usr/local/lib/python3.11/asyncio/streams.py", line 658, in readuntil
    await self._wait_for_data('readuntil')
  File "/usr/local/lib/python3.11/asyncio/streams.py", line 543, in _wait_for_data
    await self._waiter
asyncio.exceptions.CancelledError

The above exception was the direct cause of the following exception:

Traceback (most recent call last):
  File "/usr/local/lib/python3.11/site-packages/redis/asyncio/connection.py", line 1283, in read_response
    async with timeout_context as active_timeout:
  File "/usr/local/lib/python3.11/asyncio/timeouts.py", line 115, in __aexit__
    raise TimeoutError from exc_val
TimeoutError

During handling of the above exception, another exception occurred:

Traceback (most recent call last):
  File "/usr/local/lib/python3.11/site-packages/channels/routing.py", line 48, in __call__
    return await application(scope, receive, send)
           ^^^^^^^^^^^^^^^^^^^^^^^^^^^^^^^^^^^^^^^
  File "/app/main/ws_auth.py", line 30, in __call__
    return await self.inner(scope, receive, send)
           ^^^^^^^^^^^^^^^^^^^^^^^^^^^^^^^^^^^^^^
  File "/usr/local/lib/python3.11/site-packages/channels/routing.py", line 118, in __call__
    return await application(
           ^^^^^^^^^^^^^^^^^^
  File "/usr/local/lib/python3.11/site-packages/channels/consumer.py", line 95, in app
    return await consumer(scope, receive, send)
           ^^^^^^^^^^^^^^^^^^^^^^^^^^^^^^^^^^^^
  File "/usr/local/lib/python3.11/site-packages/channels/consumer.py", line 58, in __call__
    await await_many_dispatch(
  File "/usr/local/lib/python3.11/site-packages/channels/utils.py", line 57, in await_many_dispatch
    await task
redis.exceptions.TimeoutError: Timeout reading from client_staging_redis:6379
ERROR 2026-08-16 01:55:17,166 server 7 126974000658112 Exception inside application: Timeout reading from client_staging_redis:6379
Traceback (most recent call last):
  File "/usr/local/lib/python3.11/site-packages/redis/asyncio/connection.py", line 1286, in read_response
    response = await self._read_response_from_parser(
               ^^^^^^^^^^^^^^^^^^^^^^^^^^^^^^^^^^^^^^
  File "/usr/local/lib/python3.11/site-packages/redis/asyncio/connection.py", line 1335, in _read_response_from_parser
    return await self._parser.read_response(
           ^^^^^^^^^^^^^^^^^^^^^^^^^^^^^^^^^
  File "/usr/local/lib/python3.11/site-packages/redis/_parsers/resp3.py", line 185, in read_response
    response = await self._read_response(
               ^^^^^^^^^^^^^^^^^^^^^^^^^^
  File "/usr/local/lib/python3.11/site-packages/redis/_parsers/resp3.py", line 197, in _read_response
    raw = await self._readline()
          ^^^^^^^^^^^^^^^^^^^^^^
  File "/usr/local/lib/python3.11/site-packages/redis/_parsers/base.py", line 587, in _readline
    data = await self._stream.readline()
           ^^^^^^^^^^^^^^^^^^^^^^^^^^^^^
  File "/usr/local/lib/python3.11/asyncio/streams.py", line 566, in readline
    line = await self.readuntil(sep)
           ^^^^^^^^^^^^^^^^^^^^^^^^^
  File "/usr/local/lib/python3.11/asyncio/streams.py", line 658, in readuntil
    await self._wait_for_data('readuntil')
  File "/usr/local/lib/python3.11/asyncio/streams.py", line 543, in _wait_for_data
    await self._waiter
asyncio.exceptions.CancelledError

The above exception was the direct cause of the following exception:

Traceback (most recent call last):
  File "/usr/local/lib/python3.11/site-packages/redis/asyncio/connection.py", line 1283, in read_response
    async with timeout_context as active_timeout:
  File "/usr/local/lib/python3.11/asyncio/timeouts.py", line 115, in __aexit__
    raise TimeoutError from exc_val
TimeoutError

During handling of the above exception, another exception occurred:

Traceback (most recent call last):
  File "/usr/local/lib/python3.11/site-packages/channels/routing.py", line 48, in __call__
    return await application(scope, receive, send)
           ^^^^^^^^^^^^^^^^^^^^^^^^^^^^^^^^^^^^^^^
  File "/app/main/ws_auth.py", line 30, in __call__
    return await self.inner(scope, receive, send)
           ^^^^^^^^^^^^^^^^^^^^^^^^^^^^^^^^^^^^^^
  File "/usr/local/lib/python3.11/site-packages/channels/routing.py", line 118, in __call__
    return await application(
           ^^^^^^^^^^^^^^^^^^
  File "/usr/local/lib/python3.11/site-packages/channels/consumer.py", line 95, in app
    return await consumer(scope, receive, send)
           ^^^^^^^^^^^^^^^^^^^^^^^^^^^^^^^^^^^^
  File "/usr/local/lib/python3.11/site-packages/channels/consumer.py", line 58, in __call__
    await await_many_dispatch(
  File "/usr/local/lib/python3.11/site-packages/channels/utils.py", line 57, in await_many_dispatch
    await task
redis.exceptions.TimeoutError: Timeout reading from client_staging_redis:6379
ERROR 2026-08-16 01:55:28,175 server 7 126974000658112 Exception inside application: Timeout reading from client_staging_redis:6379
Traceback (most recent call last):
  File "/usr/local/lib/python3.11/site-packages/redis/asyncio/connection.py", line 1286, in read_response
    response = await self._read_response_from_parser(
               ^^^^^^^^^^^^^^^^^^^^^^^^^^^^^^^^^^^^^^
  File "/usr/local/lib/python3.11/site-packages/redis/asyncio/connection.py", line 1335, in _read_response_from_parser
    return await self._parser.read_response(
           ^^^^^^^^^^^^^^^^^^^^^^^^^^^^^^^^^
  File "/usr/local/lib/python3.11/site-packages/redis/_parsers/resp3.py", line 185, in read_response
    response = await self._read_response(
               ^^^^^^^^^^^^^^^^^^^^^^^^^^
  File "/usr/local/lib/python3.11/site-packages/redis/_parsers/resp3.py", line 197, in _read_response
    raw = await self._readline()
          ^^^^^^^^^^^^^^^^^^^^^^
  File "/usr/local/lib/python3.11/site-packages/redis/_parsers/base.py", line 587, in _readline
    data = await self._stream.readline()
           ^^^^^^^^^^^^^^^^^^^^^^^^^^^^^
  File "/usr/local/lib/python3.11/asyncio/streams.py", line 566, in readline
    line = await self.readuntil(sep)
           ^^^^^^^^^^^^^^^^^^^^^^^^^
  File "/usr/local/lib/python3.11/asyncio/streams.py", line 658, in readuntil
    await self._wait_for_data('readuntil')
  File "/usr/local/lib/python3.11/asyncio/streams.py", line 543, in _wait_for_data
    await self._waiter
asyncio.exceptions.CancelledError

The above exception was the direct cause of the following exception:

Traceback (most recent call last):
  File "/usr/local/lib/python3.11/site-packages/redis/asyncio/connection.py", line 1283, in read_response
    async with timeout_context as active_timeout:
  File "/usr/local/lib/python3.11/asyncio/timeouts.py", line 115, in __aexit__
    raise TimeoutError from exc_val
TimeoutError

During handling of the above exception, another exception occurred:

Traceback (most recent call last):
  File "/usr/local/lib/python3.11/site-packages/channels/routing.py", line 48, in __call__
    return await application(scope, receive, send)
           ^^^^^^^^^^^^^^^^^^^^^^^^^^^^^^^^^^^^^^^
  File "/app/main/ws_auth.py", line 30, in __call__
    return await self.inner(scope, receive, send)
           ^^^^^^^^^^^^^^^^^^^^^^^^^^^^^^^^^^^^^^
  File "/usr/local/lib/python3.11/site-packages/channels/routing.py", line 118, in __call__
    return await application(
           ^^^^^^^^^^^^^^^^^^
  File "/usr/local/lib/python3.11/site-packages/channels/consumer.py", line 95, in app
    return await consumer(scope, receive, send)
           ^^^^^^^^^^^^^^^^^^^^^^^^^^^^^^^^^^^^
  File "/usr/local/lib/python3.11/site-packages/channels/consumer.py", line 58, in __call__
    await await_many_dispatch(
  File "/usr/local/lib/python3.11/site-packages/channels/utils.py", line 57, in await_many_dispatch
    await task
redis.exceptions.TimeoutError: Timeout reading from client_staging_redis:6379
ERROR 2026-08-16 01:55:39,192 server 7 126974000658112 Exception inside application: Timeout reading from client_staging_redis:6379
Traceback (most recent call last):
  File "/usr/local/lib/python3.11/site-packages/redis/asyncio/connection.py", line 1286, in read_response
    response = await self._read_response_from_parser(
               ^^^^^^^^^^^^^^^^^^^^^^^^^^^^^^^^^^^^^^
  File "/usr/local/lib/python3.11/site-packages/redis/asyncio/connection.py", line 1335, in _read_response_from_parser
    return await self._parser.read_response(
           ^^^^^^^^^^^^^^^^^^^^^^^^^^^^^^^^^
  File "/usr/local/lib/python3.11/site-packages/redis/_parsers/resp3.py", line 185, in read_response
    response = await self._read_response(
               ^^^^^^^^^^^^^^^^^^^^^^^^^^
  File "/usr/local/lib/python3.11/site-packages/redis/_parsers/resp3.py", line 197, in _read_response
    raw = await self._readline()
          ^^^^^^^^^^^^^^^^^^^^^^
  File "/usr/local/lib/python3.11/site-packages/redis/_parsers/base.py", line 587, in _readline
    data = await self._stream.readline()
           ^^^^^^^^^^^^^^^^^^^^^^^^^^^^^
  File "/usr/local/lib/python3.11/asyncio/streams.py", line 566, in readline
    line = await self.readuntil(sep)
           ^^^^^^^^^^^^^^^^^^^^^^^^^
  File "/usr/local/lib/python3.11/asyncio/streams.py", line 658, in readuntil
    await self._wait_for_data('readuntil')
  File "/usr/local/lib/python3.11/asyncio/streams.py", line 543, in _wait_for_data
    await self._waiter
asyncio.exceptions.CancelledError

The above exception was the direct cause of the following exception:

Traceback (most recent call last):
  File "/usr/local/lib/python3.11/site-packages/redis/asyncio/connection.py", line 1283, in read_response
    async with timeout_context as active_timeout:
  File "/usr/local/lib/python3.11/asyncio/timeouts.py", line 115, in __aexit__
    raise TimeoutError from exc_val
TimeoutError

During handling of the above exception, another exception occurred:

Traceback (most recent call last):
  File "/usr/local/lib/python3.11/site-packages/channels/routing.py", line 48, in __call__
    return await application(scope, receive, send)
           ^^^^^^^^^^^^^^^^^^^^^^^^^^^^^^^^^^^^^^^
  File "/app/main/ws_auth.py", line 30, in __call__
    return await self.inner(scope, receive, send)
           ^^^^^^^^^^^^^^^^^^^^^^^^^^^^^^^^^^^^^^
  File "/usr/local/lib/python3.11/site-packages/channels/routing.py", line 118, in __call__
    return await application(
           ^^^^^^^^^^^^^^^^^^
  File "/usr/local/lib/python3.11/site-packages/channels/consumer.py", line 95, in app
    return await consumer(scope, receive, send)
           ^^^^^^^^^^^^^^^^^^^^^^^^^^^^^^^^^^^^
  File "/usr/local/lib/python3.11/site-packages/channels/consumer.py", line 58, in __call__
    await await_many_dispatch(
  File "/usr/local/lib/python3.11/site-packages/channels/utils.py", line 57, in await_many_dispatch
    await task
redis.exceptions.TimeoutError: Timeout reading from client_staging_redis:6379
ERROR 2026-08-16 01:55:50,206 server 7 126974000658112 Exception inside application: Timeout reading from client_staging_redis:6379
Traceback (most recent call last):
  File "/usr/local/lib/python3.11/site-packages/redis/asyncio/connection.py", line 1286, in read_response
    response = await self._read_response_from_parser(
               ^^^^^^^^^^^^^^^^^^^^^^^^^^^^^^^^^^^^^^
  File "/usr/local/lib/python3.11/site-packages/redis/asyncio/connection.py", line 1335, in _read_response_from_parser
    return await self._parser.read_response(
           ^^^^^^^^^^^^^^^^^^^^^^^^^^^^^^^^^
  File "/usr/local/lib/python3.11/site-packages/redis/_parsers/resp3.py", line 185, in read_response
    response = await self._read_response(
               ^^^^^^^^^^^^^^^^^^^^^^^^^^
  File "/usr/local/lib/python3.11/site-packages/redis/_parsers/resp3.py", line 197, in _read_response
    raw = await self._readline()
          ^^^^^^^^^^^^^^^^^^^^^^
  File "/usr/local/lib/python3.11/site-packages/redis/_parsers/base.py", line 587, in _readline
    data = await self._stream.readline()
           ^^^^^^^^^^^^^^^^^^^^^^^^^^^^^
  File "/usr/local/lib/python3.11/asyncio/streams.py", line 566, in readline
    line = await self.readuntil(sep)
           ^^^^^^^^^^^^^^^^^^^^^^^^^
  File "/usr/local/lib/python3.11/asyncio/streams.py", line 658, in readuntil
    await self._wait_for_data('readuntil')
  File "/usr/local/lib/python3.11/asyncio/streams.py", line 543, in _wait_for_data
    await self._waiter
asyncio.exceptions.CancelledError

The above exception was the direct cause of the following exception:

Traceback (most recent call last):
  File "/usr/local/lib/python3.11/site-packages/redis/asyncio/connection.py", line 1283, in read_response
    async with timeout_context as active_timeout:
  File "/usr/local/lib/python3.11/asyncio/timeouts.py", line 115, in __aexit__
    raise TimeoutError from exc_val
TimeoutError

During handling of the above exception, another exception occurred:

Traceback (most recent call last):
  File "/usr/local/lib/python3.11/site-packages/channels/routing.py", line 48, in __call__
    return await application(scope, receive, send)
           ^^^^^^^^^^^^^^^^^^^^^^^^^^^^^^^^^^^^^^^
  File "/app/main/ws_auth.py", line 30, in __call__
    return await self.inner(scope, receive, send)
           ^^^^^^^^^^^^^^^^^^^^^^^^^^^^^^^^^^^^^^
  File "/usr/local/lib/python3.11/site-packages/channels/routing.py", line 118, in __call__
    return await application(
           ^^^^^^^^^^^^^^^^^^
  File "/usr/local/lib/python3.11/site-packages/channels/consumer.py", line 95, in app
    return await consumer(scope, receive, send)
           ^^^^^^^^^^^^^^^^^^^^^^^^^^^^^^^^^^^^
  File "/usr/local/lib/python3.11/site-packages/channels/consumer.py", line 58, in __call__
    await await_many_dispatch(
  File "/usr/local/lib/python3.11/site-packages/channels/utils.py", line 57, in await_many_dispatch
    await task
redis.exceptions.TimeoutError: Timeout reading from client_staging_redis:6379
ERROR 2026-08-16 01:56:01,219 server 7 126974000658112 Exception inside application: Timeout reading from client_staging_redis:6379
Traceback (most recent call last):
  File "/usr/local/lib/python3.11/site-packages/redis/asyncio/connection.py", line 1286, in read_response
    response = await self._read_response_from_parser(
               ^^^^^^^^^^^^^^^^^^^^^^^^^^^^^^^^^^^^^^
  File "/usr/local/lib/python3.11/site-packages/redis/asyncio/connection.py", line 1335, in _read_response_from_parser
    return await self._parser.read_response(
           ^^^^^^^^^^^^^^^^^^^^^^^^^^^^^^^^^
  File "/usr/local/lib/python3.11/site-packages/redis/_parsers/resp3.py", line 185, in read_response
    response = await self._read_response(
               ^^^^^^^^^^^^^^^^^^^^^^^^^^
  File "/usr/local/lib/python3.11/site-packages/redis/_parsers/resp3.py", line 197, in _read_response
    raw = await self._readline()
          ^^^^^^^^^^^^^^^^^^^^^^
  File "/usr/local/lib/python3.11/site-packages/redis/_parsers/base.py", line 587, in _readline
    data = await self._stream.readline()
           ^^^^^^^^^^^^^^^^^^^^^^^^^^^^^
  File "/usr/local/lib/python3.11/asyncio/streams.py", line 566, in readline
    line = await self.readuntil(sep)
           ^^^^^^^^^^^^^^^^^^^^^^^^^
  File "/usr/local/lib/python3.11/asyncio/streams.py", line 658, in readuntil
    await self._wait_for_data('readuntil')
  File "/usr/local/lib/python3.11/asyncio/streams.py", line 543, in _wait_for_data
    await self._waiter
asyncio.exceptions.CancelledError

The above exception was the direct cause of the following exception:

Traceback (most recent call last):
  File "/usr/local/lib/python3.11/site-packages/redis/asyncio/connection.py", line 1283, in read_response
    async with timeout_context as active_timeout:
  File "/usr/local/lib/python3.11/asyncio/timeouts.py", line 115, in __aexit__
    raise TimeoutError from exc_val
TimeoutError

During handling of the above exception, another exception occurred:

Traceback (most recent call last):
  File "/usr/local/lib/python3.11/site-packages/channels/routing.py", line 48, in __call__
    return await application(scope, receive, send)
           ^^^^^^^^^^^^^^^^^^^^^^^^^^^^^^^^^^^^^^^
  File "/app/main/ws_auth.py", line 30, in __call__
    return await self.inner(scope, receive, send)
           ^^^^^^^^^^^^^^^^^^^^^^^^^^^^^^^^^^^^^^
  File "/usr/local/lib/python3.11/site-packages/channels/routing.py", line 118, in __call__
    return await application(
           ^^^^^^^^^^^^^^^^^^
  File "/usr/local/lib/python3.11/site-packages/channels/consumer.py", line 95, in app
    return await consumer(scope, receive, send)
           ^^^^^^^^^^^^^^^^^^^^^^^^^^^^^^^^^^^^
  File "/usr/local/lib/python3.11/site-packages/channels/consumer.py", line 58, in __call__
    await await_many_dispatch(
  File "/usr/local/lib/python3.11/site-packages/channels/utils.py", line 57, in await_many_dispatch
    await task
redis.exceptions.TimeoutError: Timeout reading from client_staging_redis:6379
ERROR 2026-08-16 01:56:16,257 server 7 126974000658112 Exception inside application: Timeout reading from client_staging_redis:6379
Traceback (most recent call last):
  File "/usr/local/lib/python3.11/site-packages/redis/asyncio/connection.py", line 1286, in read_response
    response = await self._read_response_from_parser(
               ^^^^^^^^^^^^^^^^^^^^^^^^^^^^^^^^^^^^^^
  File "/usr/local/lib/python3.11/site-packages/redis/asyncio/connection.py", line 1335, in _read_response_from_parser
    return await self._parser.read_response(
           ^^^^^^^^^^^^^^^^^^^^^^^^^^^^^^^^^
  File "/usr/local/lib/python3.11/site-packages/redis/_parsers/resp3.py", line 185, in read_response
    response = await self._read_response(
               ^^^^^^^^^^^^^^^^^^^^^^^^^^
  File "/usr/local/lib/python3.11/site-packages/redis/_parsers/resp3.py", line 197, in _read_response
    raw = await self._readline()
          ^^^^^^^^^^^^^^^^^^^^^^
  File "/usr/local/lib/python3.11/site-packages/redis/_parsers/base.py", line 587, in _readline
    data = await self._stream.readline()
           ^^^^^^^^^^^^^^^^^^^^^^^^^^^^^
  File "/usr/local/lib/python3.11/asyncio/streams.py", line 566, in readline
    line = await self.readuntil(sep)
           ^^^^^^^^^^^^^^^^^^^^^^^^^
  File "/usr/local/lib/python3.11/asyncio/streams.py", line 658, in readuntil
    await self._wait_for_data('readuntil')
  File "/usr/local/lib/python3.11/asyncio/streams.py", line 543, in _wait_for_data
    await self._waiter
asyncio.exceptions.CancelledError

The above exception was the direct cause of the following exception:

Traceback (most recent call last):
  File "/usr/local/lib/python3.11/site-packages/redis/asyncio/connection.py", line 1283, in read_response
    async with timeout_context as active_timeout:
  File "/usr/local/lib/python3.11/asyncio/timeouts.py", line 115, in __aexit__
    raise TimeoutError from exc_val
TimeoutError

During handling of the above exception, another exception occurred:

Traceback (most recent call last):
  File "/usr/local/lib/python3.11/site-packages/channels/routing.py", line 48, in __call__
    return await application(scope, receive, send)
           ^^^^^^^^^^^^^^^^^^^^^^^^^^^^^^^^^^^^^^^
  File "/app/main/ws_auth.py", line 30, in __call__
    return await self.inner(scope, receive, send)
           ^^^^^^^^^^^^^^^^^^^^^^^^^^^^^^^^^^^^^^
  File "/usr/local/lib/python3.11/site-packages/channels/routing.py", line 118, in __call__
    return await application(
           ^^^^^^^^^^^^^^^^^^
  File "/usr/local/lib/python3.11/site-packages/channels/consumer.py", line 95, in app
    return await consumer(scope, receive, send)
           ^^^^^^^^^^^^^^^^^^^^^^^^^^^^^^^^^^^^
  File "/usr/local/lib/python3.11/site-packages/channels/consumer.py", line 58, in __call__
    await await_many_dispatch(
  File "/usr/local/lib/python3.11/site-packages/channels/utils.py", line 57, in await_many_dispatch
    await task
redis.exceptions.TimeoutError: Timeout reading from client_staging_redis:6379
ERROR 2026-08-16 01:56:27,269 server 7 126974000658112 Exception inside application: Timeout reading from client_staging_redis:6379
Traceback (most recent call last):
  File "/usr/local/lib/python3.11/site-packages/redis/asyncio/connection.py", line 1286, in read_response
    response = await self._read_response_from_parser(
               ^^^^^^^^^^^^^^^^^^^^^^^^^^^^^^^^^^^^^^
  File "/usr/local/lib/python3.11/site-packages/redis/asyncio/connection.py", line 1335, in _read_response_from_parser
    return await self._parser.read_response(
           ^^^^^^^^^^^^^^^^^^^^^^^^^^^^^^^^^
  File "/usr/local/lib/python3.11/site-packages/redis/_parsers/resp3.py", line 185, in read_response
    response = await self._read_response(
               ^^^^^^^^^^^^^^^^^^^^^^^^^^
  File "/usr/local/lib/python3.11/site-packages/redis/_parsers/resp3.py", line 197, in _read_response
    raw = await self._readline()
          ^^^^^^^^^^^^^^^^^^^^^^
  File "/usr/local/lib/python3.11/site-packages/redis/_parsers/base.py", line 587, in _readline
    data = await self._stream.readline()
           ^^^^^^^^^^^^^^^^^^^^^^^^^^^^^
  File "/usr/local/lib/python3.11/asyncio/streams.py", line 566, in readline
    line = await self.readuntil(sep)
           ^^^^^^^^^^^^^^^^^^^^^^^^^
  File "/usr/local/lib/python3.11/asyncio/streams.py", line 658, in readuntil
    await self._wait_for_data('readuntil')
  File "/usr/local/lib/python3.11/asyncio/streams.py", line 543, in _wait_for_data
    await self._waiter
asyncio.exceptions.CancelledError

The above exception was the direct cause of the following exception:

Traceback (most recent call last):
  File "/usr/local/lib/python3.11/site-packages/redis/asyncio/connection.py", line 1283, in read_response
    async with timeout_context as active_timeout:
  File "/usr/local/lib/python3.11/asyncio/timeouts.py", line 115, in __aexit__
    raise TimeoutError from exc_val
TimeoutError

During handling of the above exception, another exception occurred:

Traceback (most recent call last):
  File "/usr/local/lib/python3.11/site-packages/channels/routing.py", line 48, in __call__
    return await application(scope, receive, send)
           ^^^^^^^^^^^^^^^^^^^^^^^^^^^^^^^^^^^^^^^
  File "/app/main/ws_auth.py", line 30, in __call__
    return await self.inner(scope, receive, send)
           ^^^^^^^^^^^^^^^^^^^^^^^^^^^^^^^^^^^^^^
  File "/usr/local/lib/python3.11/site-packages/channels/routing.py", line 118, in __call__
    return await application(
           ^^^^^^^^^^^^^^^^^^
  File "/usr/local/lib/python3.11/site-packages/channels/consumer.py", line 95, in app
    return await consumer(scope, receive, send)
           ^^^^^^^^^^^^^^^^^^^^^^^^^^^^^^^^^^^^
  File "/usr/local/lib/python3.11/site-packages/channels/consumer.py", line 58, in __call__
    await await_many_dispatch(
  File "/usr/local/lib/python3.11/site-packages/channels/utils.py", line 57, in await_many_dispatch
    await task
redis.exceptions.TimeoutError: Timeout reading from client_staging_redis:6379
ERROR 2026-08-16 01:56:37,281 server 7 126974000658112 Exception inside application: Timeout reading from client_staging_redis:6379
Traceback (most recent call last):
  File "/usr/local/lib/python3.11/site-packages/redis/asyncio/connection.py", line 1286, in read_response
    response = await self._read_response_from_parser(
               ^^^^^^^^^^^^^^^^^^^^^^^^^^^^^^^^^^^^^^
  File "/usr/local/lib/python3.11/site-packages/redis/asyncio/connection.py", line 1335, in _read_response_from_parser
    return await self._parser.read_response(
           ^^^^^^^^^^^^^^^^^^^^^^^^^^^^^^^^^
  File "/usr/local/lib/python3.11/site-packages/redis/_parsers/resp3.py", line 185, in read_response
    response = await self._read_response(
               ^^^^^^^^^^^^^^^^^^^^^^^^^^
  File "/usr/local/lib/python3.11/site-packages/redis/_parsers/resp3.py", line 197, in _read_response
    raw = await self._readline()
          ^^^^^^^^^^^^^^^^^^^^^^
  File "/usr/local/lib/python3.11/site-packages/redis/_parsers/base.py", line 587, in _readline
    data = await self._stream.readline()
           ^^^^^^^^^^^^^^^^^^^^^^^^^^^^^
  File "/usr/local/lib/python3.11/asyncio/streams.py", line 566, in readline
    line = await self.readuntil(sep)
           ^^^^^^^^^^^^^^^^^^^^^^^^^
  File "/usr/local/lib/python3.11/asyncio/streams.py", line 658, in readuntil
    await self._wait_for_data('readuntil')
  File "/usr/local/lib/python3.11/asyncio/streams.py", line 543, in _wait_for_data
    await self._waiter
asyncio.exceptions.CancelledError

The above exception was the direct cause of the following exception:

Traceback (most recent call last):
  File "/usr/local/lib/python3.11/site-packages/redis/asyncio/connection.py", line 1283, in read_response
    async with timeout_context as active_timeout:
  File "/usr/local/lib/python3.11/asyncio/timeouts.py", line 115, in __aexit__
    raise TimeoutError from exc_val
TimeoutError

During handling of the above exception, another exception occurred:

Traceback (most recent call last):
  File "/usr/local/lib/python3.11/site-packages/channels/routing.py", line 48, in __call__
    return await application(scope, receive, send)
           ^^^^^^^^^^^^^^^^^^^^^^^^^^^^^^^^^^^^^^^
  File "/app/main/ws_auth.py", line 30, in __call__
    return await self.inner(scope, receive, send)
           ^^^^^^^^^^^^^^^^^^^^^^^^^^^^^^^^^^^^^^
  File "/usr/local/lib/python3.11/site-packages/channels/routing.py", line 118, in __call__
    return await application(
           ^^^^^^^^^^^^^^^^^^
  File "/usr/local/lib/python3.11/site-packages/channels/consumer.py", line 95, in app
    return await consumer(scope, receive, send)
           ^^^^^^^^^^^^^^^^^^^^^^^^^^^^^^^^^^^^
  File "/usr/local/lib/python3.11/site-packages/channels/consumer.py", line 58, in __call__
    await await_many_dispatch(
  File "/usr/local/lib/python3.11/site-packages/channels/utils.py", line 57, in await_many_dispatch
    await task
redis.exceptions.TimeoutError: Timeout reading from client_staging_redis:6379
ERROR 2026-08-17 00:52:46,717 log 2792 125024325322432 Internal Server Error: /api/v1/support/customers/get_customers_list/
Traceback (most recent call last):
  File "/usr/local/lib/python3.11/site-packages/django/db/backends/utils.py", line 105, in _execute
    return self.cursor.execute(sql, params)
           ^^^^^^^^^^^^^^^^^^^^^^^^^^^^^^^^
psycopg2.errors.UndefinedColumn: column main_fleet.complimentary_sparkle_quota does not exist
LINE 1: ..."has_used_trial", "main_fleet"."trial_used_date", "main_flee...
                                                             ^


The above exception was the direct cause of the following exception:

Traceback (most recent call last):
  File "/usr/local/lib/python3.11/site-packages/asgiref/sync.py", line 577, in thread_handler
    raise exc_info[1]
  File "/usr/local/lib/python3.11/site-packages/django/core/handlers/exception.py", line 42, in inner
    response = await get_response(request)
               ^^^^^^^^^^^^^^^^^^^^^^^^^^^
  File "/usr/local/lib/python3.11/site-packages/asgiref/sync.py", line 577, in thread_handler
    raise exc_info[1]
  File "/usr/local/lib/python3.11/site-packages/django/core/handlers/base.py", line 253, in _get_response_async
    response = await wrapped_callback(
               ^^^^^^^^^^^^^^^^^^^^^^^
  File "/usr/local/lib/python3.11/site-packages/asgiref/sync.py", line 526, in __call__
    ret = await asyncio.shield(exec_coro)
          ^^^^^^^^^^^^^^^^^^^^^^^^^^^^^^^
  File "/usr/local/lib/python3.11/site-packages/asgiref/current_thread_executor.py", line 35, in run
    result = self.fn(*self.args, **self.kwargs)
             ^^^^^^^^^^^^^^^^^^^^^^^^^^^^^^^^^^
  File "/usr/local/lib/python3.11/site-packages/asgiref/sync.py", line 581, in thread_handler
    return func(*args, **kwargs)
           ^^^^^^^^^^^^^^^^^^^^^
  File "/usr/local/lib/python3.11/site-packages/asgiref/sync.py", line 508, in func
    return context.run(run_child)
           ^^^^^^^^^^^^^^^^^^^^^^
  File "/usr/local/lib/python3.11/site-packages/asgiref/sync.py", line 506, in run_child
    return child()
           ^^^^^^^
  File "/usr/local/lib/python3.11/site-packages/django/views/decorators/csrf.py", line 65, in _view_wrapper
    return view_func(request, *args, **kwargs)
           ^^^^^^^^^^^^^^^^^^^^^^^^^^^^^^^^^^^
  File "/usr/local/lib/python3.11/site-packages/django/views/generic/base.py", line 105, in view
    return self.dispatch(request, *args, **kwargs)
           ^^^^^^^^^^^^^^^^^^^^^^^^^^^^^^^^^^^^^^^
  File "/usr/local/lib/python3.11/site-packages/rest_framework/views.py", line 526, in dispatch
    response = self.handle_exception(exc)
               ^^^^^^^^^^^^^^^^^^^^^^^^^^
  File "/usr/local/lib/python3.11/site-packages/rest_framework/views.py", line 474, in handle_exception
    self.raise_uncaught_exception(exc)
  File "/usr/local/lib/python3.11/site-packages/rest_framework/views.py", line 485, in raise_uncaught_exception
    raise exc
  File "/usr/local/lib/python3.11/site-packages/rest_framework/views.py", line 523, in dispatch
    response = handler(request, *args, **kwargs)
               ^^^^^^^^^^^^^^^^^^^^^^^^^^^^^^^^^
  File "/app/main/views/support/support_customers.py", line 882, in get
    return handler(request, **kwargs)
           ^^^^^^^^^^^^^^^^^^^^^^^^^^
  File "/app/main/views/support/support_customers.py", line 908, in _get_customers_list
    customers = [_serialize_fleet_list_item(f) for f in fleets]
                ^^^^^^^^^^^^^^^^^^^^^^^^^^^^^^^^^^^^^^^^^^^^^^^
  File "/usr/local/lib/python3.11/site-packages/django/db/models/query.py", line 386, in __iter__
    self._fetch_all()
  File "/usr/local/lib/python3.11/site-packages/django/db/models/query.py", line 1954, in _fetch_all
    self._result_cache = list(self._iterable_class(self))
                         ^^^^^^^^^^^^^^^^^^^^^^^^^^^^^^^^
  File "/usr/local/lib/python3.11/site-packages/django/db/models/query.py", line 93, in __iter__
    results = compiler.execute_sql(
              ^^^^^^^^^^^^^^^^^^^^^
  File "/usr/local/lib/python3.11/site-packages/django/db/models/sql/compiler.py", line 1623, in execute_sql
    cursor.execute(sql, params)
  File "/usr/local/lib/python3.11/site-packages/django/db/backends/utils.py", line 79, in execute
    return self._execute_with_wrappers(
           ^^^^^^^^^^^^^^^^^^^^^^^^^^^^
  File "/usr/local/lib/python3.11/site-packages/django/db/backends/utils.py", line 92, in _execute_with_wrappers
    return executor(sql, params, many, context)
           ^^^^^^^^^^^^^^^^^^^^^^^^^^^^^^^^^^^^
  File "/usr/local/lib/python3.11/site-packages/django/db/backends/utils.py", line 100, in _execute
    with self.db.wrap_database_errors:
  File "/usr/local/lib/python3.11/site-packages/django/db/utils.py", line 91, in __exit__
    raise dj_exc_value.with_traceback(traceback) from exc_value
  File "/usr/local/lib/python3.11/site-packages/django/db/backends/utils.py", line 105, in _execute
    return self.cursor.execute(sql, params)
           ^^^^^^^^^^^^^^^^^^^^^^^^^^^^^^^^
django.db.utils.ProgrammingError: column main_fleet.complimentary_sparkle_quota does not exist
LINE 1: ..."has_used_trial", "main_fleet"."trial_used_date", "main_flee...
                                                             ^

ERROR 2026-08-17 00:52:46,739 runserver 2792 125024610842304 HTTP GET /api/v1/support/customers/get_customers_list/?segment=fleets 500 [0.04, 172.18.0.16:51132]
ERROR 2026-08-17 01:01:31,232 log 7 132586952271552 Internal Server Error: /api/v1/support/customers/get_customers_list/
Traceback (most recent call last):
  File "/usr/local/lib/python3.11/site-packages/django/db/backends/utils.py", line 105, in _execute
    return self.cursor.execute(sql, params)
           ^^^^^^^^^^^^^^^^^^^^^^^^^^^^^^^^
psycopg2.errors.UndefinedColumn: column main_fleet.complimentary_sparkle_quota does not exist
LINE 1: ..."has_used_trial", "main_fleet"."trial_used_date", "main_flee...
                                                             ^


The above exception was the direct cause of the following exception:

Traceback (most recent call last):
  File "/usr/local/lib/python3.11/site-packages/asgiref/sync.py", line 577, in thread_handler
    raise exc_info[1]
  File "/usr/local/lib/python3.11/site-packages/django/core/handlers/exception.py", line 42, in inner
    response = await get_response(request)
               ^^^^^^^^^^^^^^^^^^^^^^^^^^^
  File "/usr/local/lib/python3.11/site-packages/asgiref/sync.py", line 577, in thread_handler
    raise exc_info[1]
  File "/usr/local/lib/python3.11/site-packages/django/core/handlers/base.py", line 253, in _get_response_async
    response = await wrapped_callback(
               ^^^^^^^^^^^^^^^^^^^^^^^
  File "/usr/local/lib/python3.11/site-packages/asgiref/sync.py", line 526, in __call__
    ret = await asyncio.shield(exec_coro)
          ^^^^^^^^^^^^^^^^^^^^^^^^^^^^^^^
  File "/usr/local/lib/python3.11/site-packages/asgiref/current_thread_executor.py", line 35, in run
    result = self.fn(*self.args, **self.kwargs)
             ^^^^^^^^^^^^^^^^^^^^^^^^^^^^^^^^^^
  File "/usr/local/lib/python3.11/site-packages/asgiref/sync.py", line 581, in thread_handler
    return func(*args, **kwargs)
           ^^^^^^^^^^^^^^^^^^^^^
  File "/usr/local/lib/python3.11/site-packages/asgiref/sync.py", line 508, in func
    return context.run(run_child)
           ^^^^^^^^^^^^^^^^^^^^^^
  File "/usr/local/lib/python3.11/site-packages/asgiref/sync.py", line 506, in run_child
    return child()
           ^^^^^^^
  File "/usr/local/lib/python3.11/site-packages/django/views/decorators/csrf.py", line 65, in _view_wrapper
    return view_func(request, *args, **kwargs)
           ^^^^^^^^^^^^^^^^^^^^^^^^^^^^^^^^^^^
  File "/usr/local/lib/python3.11/site-packages/django/views/generic/base.py", line 105, in view
    return self.dispatch(request, *args, **kwargs)
           ^^^^^^^^^^^^^^^^^^^^^^^^^^^^^^^^^^^^^^^
  File "/usr/local/lib/python3.11/site-packages/rest_framework/views.py", line 526, in dispatch
    response = self.handle_exception(exc)
               ^^^^^^^^^^^^^^^^^^^^^^^^^^
  File "/usr/local/lib/python3.11/site-packages/rest_framework/views.py", line 474, in handle_exception
    self.raise_uncaught_exception(exc)
  File "/usr/local/lib/python3.11/site-packages/rest_framework/views.py", line 485, in raise_uncaught_exception
    raise exc
  File "/usr/local/lib/python3.11/site-packages/rest_framework/views.py", line 523, in dispatch
    response = handler(request, *args, **kwargs)
               ^^^^^^^^^^^^^^^^^^^^^^^^^^^^^^^^^
  File "/app/main/views/support/support_customers.py", line 882, in get
    return handler(request, **kwargs)
           ^^^^^^^^^^^^^^^^^^^^^^^^^^
  File "/app/main/views/support/support_customers.py", line 908, in _get_customers_list
    customers = [_serialize_fleet_list_item(f) for f in fleets]
                ^^^^^^^^^^^^^^^^^^^^^^^^^^^^^^^^^^^^^^^^^^^^^^^
  File "/usr/local/lib/python3.11/site-packages/django/db/models/query.py", line 386, in __iter__
    self._fetch_all()
  File "/usr/local/lib/python3.11/site-packages/django/db/models/query.py", line 1954, in _fetch_all
    self._result_cache = list(self._iterable_class(self))
                         ^^^^^^^^^^^^^^^^^^^^^^^^^^^^^^^^
  File "/usr/local/lib/python3.11/site-packages/django/db/models/query.py", line 93, in __iter__
    results = compiler.execute_sql(
              ^^^^^^^^^^^^^^^^^^^^^
  File "/usr/local/lib/python3.11/site-packages/django/db/models/sql/compiler.py", line 1623, in execute_sql
    cursor.execute(sql, params)
  File "/usr/local/lib/python3.11/site-packages/django/db/backends/utils.py", line 79, in execute
    return self._execute_with_wrappers(
           ^^^^^^^^^^^^^^^^^^^^^^^^^^^^
  File "/usr/local/lib/python3.11/site-packages/django/db/backends/utils.py", line 92, in _execute_with_wrappers
    return executor(sql, params, many, context)
           ^^^^^^^^^^^^^^^^^^^^^^^^^^^^^^^^^^^^
  File "/usr/local/lib/python3.11/site-packages/django/db/backends/utils.py", line 100, in _execute
    with self.db.wrap_database_errors:
  File "/usr/local/lib/python3.11/site-packages/django/db/utils.py", line 91, in __exit__
    raise dj_exc_value.with_traceback(traceback) from exc_value
  File "/usr/local/lib/python3.11/site-packages/django/db/backends/utils.py", line 105, in _execute
    return self.cursor.execute(sql, params)
           ^^^^^^^^^^^^^^^^^^^^^^^^^^^^^^^^
django.db.utils.ProgrammingError: column main_fleet.complimentary_sparkle_quota does not exist
LINE 1: ..."has_used_trial", "main_fleet"."trial_used_date", "main_flee...
                                                             ^

ERROR 2026-08-17 01:01:31,248 runserver 7 132586987091648 HTTP GET /api/v1/support/customers/get_customers_list/?segment=fleets 500 [0.04, 172.18.0.16:55100]
ERROR 2026-08-17 01:02:57,573 log 7 132586952271552 Internal Server Error: /api/v1/support/customers/get_fleet_detail/
Traceback (most recent call last):
  File "/usr/local/lib/python3.11/site-packages/asgiref/sync.py", line 577, in thread_handler
    raise exc_info[1]
  File "/usr/local/lib/python3.11/site-packages/django/core/handlers/exception.py", line 42, in inner
    response = await get_response(request)
               ^^^^^^^^^^^^^^^^^^^^^^^^^^^
  File "/usr/local/lib/python3.11/site-packages/asgiref/sync.py", line 577, in thread_handler
    raise exc_info[1]
  File "/usr/local/lib/python3.11/site-packages/django/core/handlers/base.py", line 253, in _get_response_async
    response = await wrapped_callback(
               ^^^^^^^^^^^^^^^^^^^^^^^
  File "/usr/local/lib/python3.11/site-packages/asgiref/sync.py", line 526, in __call__
    ret = await asyncio.shield(exec_coro)
          ^^^^^^^^^^^^^^^^^^^^^^^^^^^^^^^
  File "/usr/local/lib/python3.11/site-packages/asgiref/current_thread_executor.py", line 35, in run
    result = self.fn(*self.args, **self.kwargs)
             ^^^^^^^^^^^^^^^^^^^^^^^^^^^^^^^^^^
  File "/usr/local/lib/python3.11/site-packages/asgiref/sync.py", line 581, in thread_handler
    return func(*args, **kwargs)
           ^^^^^^^^^^^^^^^^^^^^^
  File "/usr/local/lib/python3.11/site-packages/asgiref/sync.py", line 508, in func
    return context.run(run_child)
           ^^^^^^^^^^^^^^^^^^^^^^
  File "/usr/local/lib/python3.11/site-packages/asgiref/sync.py", line 506, in run_child
    return child()
           ^^^^^^^
  File "/usr/local/lib/python3.11/site-packages/django/views/decorators/csrf.py", line 65, in _view_wrapper
    return view_func(request, *args, **kwargs)
           ^^^^^^^^^^^^^^^^^^^^^^^^^^^^^^^^^^^
  File "/usr/local/lib/python3.11/site-packages/django/views/generic/base.py", line 105, in view
    return self.dispatch(request, *args, **kwargs)
           ^^^^^^^^^^^^^^^^^^^^^^^^^^^^^^^^^^^^^^^
  File "/usr/local/lib/python3.11/site-packages/rest_framework/views.py", line 526, in dispatch
    response = self.handle_exception(exc)
               ^^^^^^^^^^^^^^^^^^^^^^^^^^
  File "/usr/local/lib/python3.11/site-packages/rest_framework/views.py", line 474, in handle_exception
    self.raise_uncaught_exception(exc)
  File "/usr/local/lib/python3.11/site-packages/rest_framework/views.py", line 485, in raise_uncaught_exception
    raise exc
  File "/usr/local/lib/python3.11/site-packages/rest_framework/views.py", line 523, in dispatch
    response = handler(request, *args, **kwargs)
               ^^^^^^^^^^^^^^^^^^^^^^^^^^^^^^^^^
  File "/app/main/views/support/support_customers.py", line 882, in get
    return handler(request, **kwargs)
           ^^^^^^^^^^^^^^^^^^^^^^^^^^
  File "/app/main/views/support/support_customers.py", line 936, in _get_fleet_detail
    return Response({"data": {"customer": _serialize_fleet_detail(fleet)}})
                                          ^^^^^^^^^^^^^^^^^^^^^^^^^^^^^^
  File "/app/main/views/support/support_customers.py", line 607, in _serialize_fleet_detail
    "subscription": _serialize_fleet_subscription(sub, sync_from_stripe=True),
                    ^^^^^^^^^^^^^^^^^^^^^^^^^^^^^^^^^^^^^^^^^^^^^^^^^^^^^^^^^
  File "/app/main/views/support/support_customers.py", line 380, in _serialize_fleet_subscription
    stripe_snap = sync_local_subscription_from_stripe(sub) if sync_from_stripe else {}
                  ^^^^^^^^^^^^^^^^^^^^^^^^^^^^^^^^^^^^^^^^
  File "/app/main/utils/subscription_sync.py", line 120, in sync_local_subscription_from_stripe
    period_end = stripe_period_end(data) or _timestamp_to_dt(data.get("trial_end"))
                 ^^^^^^^^^^^^^^^^^^^^^^^
  File "/app/main/utils/subscription_sync.py", line 51, in stripe_period_end
    return _timestamp_to_dt(items[0].get("current_period_end"))
           ^^^^^^^^^^^^^^^^^^^^^^^^^^^^^^^^^^^^^^^^^^^^^^^^^^^^
  File "/app/main/utils/subscription_sync.py", line 39, in _timestamp_to_dt
    return datetime.fromtimestamp(int(value), tz=timezone.utc)
                                                 ^^^^^^^^^^^^
AttributeError: module 'django.utils.timezone' has no attribute 'utc'
ERROR 2026-08-17 01:02:57,584 runserver 7 132586987091648 HTTP GET /api/v1/support/customers/get_fleet_detail/?customer_id=010c30ee-2af8-4a47-87d5-999a0289f298 500 [0.34, 172.18.0.16:33424]
ERROR 2026-08-17 01:03:13,080 log 7 132586952271552 Internal Server Error: /api/v1/support/customers/get_fleet_detail/
Traceback (most recent call last):
  File "/usr/local/lib/python3.11/site-packages/asgiref/sync.py", line 577, in thread_handler
    raise exc_info[1]
  File "/usr/local/lib/python3.11/site-packages/django/core/handlers/exception.py", line 42, in inner
    response = await get_response(request)
               ^^^^^^^^^^^^^^^^^^^^^^^^^^^
  File "/usr/local/lib/python3.11/site-packages/asgiref/sync.py", line 577, in thread_handler
    raise exc_info[1]
  File "/usr/local/lib/python3.11/site-packages/django/core/handlers/base.py", line 253, in _get_response_async
    response = await wrapped_callback(
               ^^^^^^^^^^^^^^^^^^^^^^^
  File "/usr/local/lib/python3.11/site-packages/asgiref/sync.py", line 526, in __call__
    ret = await asyncio.shield(exec_coro)
          ^^^^^^^^^^^^^^^^^^^^^^^^^^^^^^^
  File "/usr/local/lib/python3.11/site-packages/asgiref/current_thread_executor.py", line 35, in run
    result = self.fn(*self.args, **self.kwargs)
             ^^^^^^^^^^^^^^^^^^^^^^^^^^^^^^^^^^
  File "/usr/local/lib/python3.11/site-packages/asgiref/sync.py", line 581, in thread_handler
    return func(*args, **kwargs)
           ^^^^^^^^^^^^^^^^^^^^^
  File "/usr/local/lib/python3.11/site-packages/asgiref/sync.py", line 508, in func
    return context.run(run_child)
           ^^^^^^^^^^^^^^^^^^^^^^
  File "/usr/local/lib/python3.11/site-packages/asgiref/sync.py", line 506, in run_child
    return child()
           ^^^^^^^
  File "/usr/local/lib/python3.11/site-packages/django/views/decorators/csrf.py", line 65, in _view_wrapper
    return view_func(request, *args, **kwargs)
           ^^^^^^^^^^^^^^^^^^^^^^^^^^^^^^^^^^^
  File "/usr/local/lib/python3.11/site-packages/django/views/generic/base.py", line 105, in view
    return self.dispatch(request, *args, **kwargs)
           ^^^^^^^^^^^^^^^^^^^^^^^^^^^^^^^^^^^^^^^
  File "/usr/local/lib/python3.11/site-packages/rest_framework/views.py", line 526, in dispatch
    response = self.handle_exception(exc)
               ^^^^^^^^^^^^^^^^^^^^^^^^^^
  File "/usr/local/lib/python3.11/site-packages/rest_framework/views.py", line 474, in handle_exception
    self.raise_uncaught_exception(exc)
  File "/usr/local/lib/python3.11/site-packages/rest_framework/views.py", line 485, in raise_uncaught_exception
    raise exc
  File "/usr/local/lib/python3.11/site-packages/rest_framework/views.py", line 523, in dispatch
    response = handler(request, *args, **kwargs)
               ^^^^^^^^^^^^^^^^^^^^^^^^^^^^^^^^^
  File "/app/main/views/support/support_customers.py", line 882, in get
    return handler(request, **kwargs)
           ^^^^^^^^^^^^^^^^^^^^^^^^^^
  File "/app/main/views/support/support_customers.py", line 936, in _get_fleet_detail
    return Response({"data": {"customer": _serialize_fleet_detail(fleet)}})
                                          ^^^^^^^^^^^^^^^^^^^^^^^^^^^^^^
  File "/app/main/views/support/support_customers.py", line 607, in _serialize_fleet_detail
    "subscription": _serialize_fleet_subscription(sub, sync_from_stripe=True),
                    ^^^^^^^^^^^^^^^^^^^^^^^^^^^^^^^^^^^^^^^^^^^^^^^^^^^^^^^^^
  File "/app/main/views/support/support_customers.py", line 380, in _serialize_fleet_subscription
    stripe_snap = sync_local_subscription_from_stripe(sub) if sync_from_stripe else {}
                  ^^^^^^^^^^^^^^^^^^^^^^^^^^^^^^^^^^^^^^^^
  File "/app/main/utils/subscription_sync.py", line 120, in sync_local_subscription_from_stripe
    period_end = stripe_period_end(data) or _timestamp_to_dt(data.get("trial_end"))
                 ^^^^^^^^^^^^^^^^^^^^^^^
  File "/app/main/utils/subscription_sync.py", line 51, in stripe_period_end
    return _timestamp_to_dt(items[0].get("current_period_end"))
           ^^^^^^^^^^^^^^^^^^^^^^^^^^^^^^^^^^^^^^^^^^^^^^^^^^^^
  File "/app/main/utils/subscription_sync.py", line 39, in _timestamp_to_dt
    return datetime.fromtimestamp(int(value), tz=timezone.utc)
                                                 ^^^^^^^^^^^^
AttributeError: module 'django.utils.timezone' has no attribute 'utc'
ERROR 2026-08-17 01:03:13,091 runserver 7 132586987091648 HTTP GET /api/v1/support/customers/get_fleet_detail/?customer_id=010c30ee-2af8-4a47-87d5-999a0289f298 500 [0.24, 172.18.0.16:49520]
ERROR 2026-09-01 16:34:27,127 log 7 132515100616384 Internal Server Error: /api/v1/guest/create_payment_sheet/
Traceback (most recent call last):
  File "/usr/local/lib/python3.11/site-packages/django/db/backends/utils.py", line 105, in _execute
    return self.cursor.execute(sql, params)
           ^^^^^^^^^^^^^^^^^^^^^^^^^^^^^^^^
psycopg2.errors.UndefinedColumn: column main_user.is_guest does not exist
LINE 1: ...."is_fleet_owner", "main_user"."is_branch_admin", "main_user...
                                                             ^


The above exception was the direct cause of the following exception:

Traceback (most recent call last):
  File "/usr/local/lib/python3.11/site-packages/asgiref/sync.py", line 577, in thread_handler
    raise exc_info[1]
  File "/usr/local/lib/python3.11/site-packages/django/core/handlers/exception.py", line 42, in inner
    response = await get_response(request)
               ^^^^^^^^^^^^^^^^^^^^^^^^^^^
  File "/usr/local/lib/python3.11/site-packages/asgiref/sync.py", line 577, in thread_handler
    raise exc_info[1]
  File "/usr/local/lib/python3.11/site-packages/django/core/handlers/base.py", line 253, in _get_response_async
    response = await wrapped_callback(
               ^^^^^^^^^^^^^^^^^^^^^^^
  File "/usr/local/lib/python3.11/site-packages/asgiref/sync.py", line 526, in __call__
    ret = await asyncio.shield(exec_coro)
          ^^^^^^^^^^^^^^^^^^^^^^^^^^^^^^^
  File "/usr/local/lib/python3.11/site-packages/asgiref/current_thread_executor.py", line 35, in run
    result = self.fn(*self.args, **self.kwargs)
             ^^^^^^^^^^^^^^^^^^^^^^^^^^^^^^^^^^
  File "/usr/local/lib/python3.11/site-packages/asgiref/sync.py", line 581, in thread_handler
    return func(*args, **kwargs)
           ^^^^^^^^^^^^^^^^^^^^^
  File "/usr/local/lib/python3.11/site-packages/asgiref/sync.py", line 508, in func
    return context.run(run_child)
           ^^^^^^^^^^^^^^^^^^^^^^
  File "/usr/local/lib/python3.11/site-packages/asgiref/sync.py", line 506, in run_child
    return child()
           ^^^^^^^
  File "/usr/local/lib/python3.11/site-packages/django/views/decorators/csrf.py", line 65, in _view_wrapper
    return view_func(request, *args, **kwargs)
           ^^^^^^^^^^^^^^^^^^^^^^^^^^^^^^^^^^^
  File "/usr/local/lib/python3.11/site-packages/django/views/generic/base.py", line 105, in view
    return self.dispatch(request, *args, **kwargs)
           ^^^^^^^^^^^^^^^^^^^^^^^^^^^^^^^^^^^^^^^
  File "/usr/local/lib/python3.11/site-packages/rest_framework/views.py", line 526, in dispatch
    response = self.handle_exception(exc)
               ^^^^^^^^^^^^^^^^^^^^^^^^^^
  File "/usr/local/lib/python3.11/site-packages/rest_framework/views.py", line 474, in handle_exception
    self.raise_uncaught_exception(exc)
  File "/usr/local/lib/python3.11/site-packages/rest_framework/views.py", line 485, in raise_uncaught_exception
    raise exc
  File "/usr/local/lib/python3.11/site-packages/rest_framework/views.py", line 523, in dispatch
    response = handler(request, *args, **kwargs)
               ^^^^^^^^^^^^^^^^^^^^^^^^^^^^^^^^^
  File "/usr/local/lib/python3.11/site-packages/django/utils/decorators.py", line 48, in _wrapper
    return bound_method(*args, **kwargs)
           ^^^^^^^^^^^^^^^^^^^^^^^^^^^^^
  File "/usr/local/lib/python3.11/site-packages/django_ratelimit/decorators.py", line 27, in _wrapped
    return fn(request, *args, **kw)
           ^^^^^^^^^^^^^^^^^^^^^^^^
  File "/app/main/views/guest_booking.py", line 194, in post
    return handler(request)
           ^^^^^^^^^^^^^^^^
  File "/app/main/views/guest_booking.py", line 480, in create_payment_sheet
    user = get_or_create_guest_user(name=name, email=email, phone=phone)
           ^^^^^^^^^^^^^^^^^^^^^^^^^^^^^^^^^^^^^^^^^^^^^^^^^^^^^^^^^^^^^
  File "/app/main/services/guest.py", line 189, in get_or_create_guest_user
    existing = User.objects.filter(email__iexact=cleaned_email).first()
               ^^^^^^^^^^^^^^^^^^^^^^^^^^^^^^^^^^^^^^^^^^^^^^^^^^^^^^^^
  File "/usr/local/lib/python3.11/site-packages/django/db/models/query.py", line 1106, in first
    for obj in queryset[:1]:
  File "/usr/local/lib/python3.11/site-packages/django/db/models/query.py", line 386, in __iter__
    self._fetch_all()
  File "/usr/local/lib/python3.11/site-packages/django/db/models/query.py", line 1954, in _fetch_all
    self._result_cache = list(self._iterable_class(self))
                         ^^^^^^^^^^^^^^^^^^^^^^^^^^^^^^^^
  File "/usr/local/lib/python3.11/site-packages/django/db/models/query.py", line 93, in __iter__
    results = compiler.execute_sql(
              ^^^^^^^^^^^^^^^^^^^^^
  File "/usr/local/lib/python3.11/site-packages/django/db/models/sql/compiler.py", line 1623, in execute_sql
    cursor.execute(sql, params)
  File "/usr/local/lib/python3.11/site-packages/django/db/backends/utils.py", line 79, in execute
    return self._execute_with_wrappers(
           ^^^^^^^^^^^^^^^^^^^^^^^^^^^^
  File "/usr/local/lib/python3.11/site-packages/django/db/backends/utils.py", line 92, in _execute_with_wrappers
    return executor(sql, params, many, context)
           ^^^^^^^^^^^^^^^^^^^^^^^^^^^^^^^^^^^^
  File "/usr/local/lib/python3.11/site-packages/django/db/backends/utils.py", line 100, in _execute
    with self.db.wrap_database_errors:
  File "/usr/local/lib/python3.11/site-packages/django/db/utils.py", line 91, in __exit__
    raise dj_exc_value.with_traceback(traceback) from exc_value
  File "/usr/local/lib/python3.11/site-packages/django/db/backends/utils.py", line 105, in _execute
    return self.cursor.execute(sql, params)
           ^^^^^^^^^^^^^^^^^^^^^^^^^^^^^^^^
django.db.utils.ProgrammingError: column main_user.is_guest does not exist
LINE 1: ...."is_fleet_owner", "main_user"."is_branch_admin", "main_user...
                                                             ^

ERROR 2026-09-01 16:34:27,169 runserver 7 132515211015872 HTTP POST /api/v1/guest/create_payment_sheet/ 500 [0.07, 172.18.0.14:54618]
ERROR 2026-09-01 16:34:32,054 log 7 132515100616384 Internal Server Error: /api/v1/guest/create_payment_sheet/
Traceback (most recent call last):
  File "/usr/local/lib/python3.11/site-packages/django/db/backends/utils.py", line 105, in _execute
    return self.cursor.execute(sql, params)
           ^^^^^^^^^^^^^^^^^^^^^^^^^^^^^^^^
psycopg2.errors.UndefinedColumn: column main_user.is_guest does not exist
LINE 1: ...."is_fleet_owner", "main_user"."is_branch_admin", "main_user...
                                                             ^


The above exception was the direct cause of the following exception:

Traceback (most recent call last):
  File "/usr/local/lib/python3.11/site-packages/asgiref/sync.py", line 577, in thread_handler
    raise exc_info[1]
  File "/usr/local/lib/python3.11/site-packages/django/core/handlers/exception.py", line 42, in inner
    response = await get_response(request)
               ^^^^^^^^^^^^^^^^^^^^^^^^^^^
  File "/usr/local/lib/python3.11/site-packages/asgiref/sync.py", line 577, in thread_handler
    raise exc_info[1]
  File "/usr/local/lib/python3.11/site-packages/django/core/handlers/base.py", line 253, in _get_response_async
    response = await wrapped_callback(
               ^^^^^^^^^^^^^^^^^^^^^^^
  File "/usr/local/lib/python3.11/site-packages/asgiref/sync.py", line 526, in __call__
    ret = await asyncio.shield(exec_coro)
          ^^^^^^^^^^^^^^^^^^^^^^^^^^^^^^^
  File "/usr/local/lib/python3.11/site-packages/asgiref/current_thread_executor.py", line 35, in run
    result = self.fn(*self.args, **self.kwargs)
             ^^^^^^^^^^^^^^^^^^^^^^^^^^^^^^^^^^
  File "/usr/local/lib/python3.11/site-packages/asgiref/sync.py", line 581, in thread_handler
    return func(*args, **kwargs)
           ^^^^^^^^^^^^^^^^^^^^^
  File "/usr/local/lib/python3.11/site-packages/asgiref/sync.py", line 508, in func
    return context.run(run_child)
           ^^^^^^^^^^^^^^^^^^^^^^
  File "/usr/local/lib/python3.11/site-packages/asgiref/sync.py", line 506, in run_child
    return child()
           ^^^^^^^
  File "/usr/local/lib/python3.11/site-packages/django/views/decorators/csrf.py", line 65, in _view_wrapper
    return view_func(request, *args, **kwargs)
           ^^^^^^^^^^^^^^^^^^^^^^^^^^^^^^^^^^^
  File "/usr/local/lib/python3.11/site-packages/django/views/generic/base.py", line 105, in view
    return self.dispatch(request, *args, **kwargs)
           ^^^^^^^^^^^^^^^^^^^^^^^^^^^^^^^^^^^^^^^
  File "/usr/local/lib/python3.11/site-packages/rest_framework/views.py", line 526, in dispatch
    response = self.handle_exception(exc)
               ^^^^^^^^^^^^^^^^^^^^^^^^^^
  File "/usr/local/lib/python3.11/site-packages/rest_framework/views.py", line 474, in handle_exception
    self.raise_uncaught_exception(exc)
  File "/usr/local/lib/python3.11/site-packages/rest_framework/views.py", line 485, in raise_uncaught_exception
    raise exc
  File "/usr/local/lib/python3.11/site-packages/rest_framework/views.py", line 523, in dispatch
    response = handler(request, *args, **kwargs)
               ^^^^^^^^^^^^^^^^^^^^^^^^^^^^^^^^^
  File "/usr/local/lib/python3.11/site-packages/django/utils/decorators.py", line 48, in _wrapper
    return bound_method(*args, **kwargs)
           ^^^^^^^^^^^^^^^^^^^^^^^^^^^^^
  File "/usr/local/lib/python3.11/site-packages/django_ratelimit/decorators.py", line 27, in _wrapped
    return fn(request, *args, **kw)
           ^^^^^^^^^^^^^^^^^^^^^^^^
  File "/app/main/views/guest_booking.py", line 194, in post
    return handler(request)
           ^^^^^^^^^^^^^^^^
  File "/app/main/views/guest_booking.py", line 480, in create_payment_sheet
    user = get_or_create_guest_user(name=name, email=email, phone=phone)
           ^^^^^^^^^^^^^^^^^^^^^^^^^^^^^^^^^^^^^^^^^^^^^^^^^^^^^^^^^^^^^
  File "/app/main/services/guest.py", line 189, in get_or_create_guest_user
    existing = User.objects.filter(email__iexact=cleaned_email).first()
               ^^^^^^^^^^^^^^^^^^^^^^^^^^^^^^^^^^^^^^^^^^^^^^^^^^^^^^^^
  File "/usr/local/lib/python3.11/site-packages/django/db/models/query.py", line 1106, in first
    for obj in queryset[:1]:
  File "/usr/local/lib/python3.11/site-packages/django/db/models/query.py", line 386, in __iter__
    self._fetch_all()
  File "/usr/local/lib/python3.11/site-packages/django/db/models/query.py", line 1954, in _fetch_all
    self._result_cache = list(self._iterable_class(self))
                         ^^^^^^^^^^^^^^^^^^^^^^^^^^^^^^^^
  File "/usr/local/lib/python3.11/site-packages/django/db/models/query.py", line 93, in __iter__
    results = compiler.execute_sql(
              ^^^^^^^^^^^^^^^^^^^^^
  File "/usr/local/lib/python3.11/site-packages/django/db/models/sql/compiler.py", line 1623, in execute_sql
    cursor.execute(sql, params)
  File "/usr/local/lib/python3.11/site-packages/django/db/backends/utils.py", line 79, in execute
    return self._execute_with_wrappers(
           ^^^^^^^^^^^^^^^^^^^^^^^^^^^^
  File "/usr/local/lib/python3.11/site-packages/django/db/backends/utils.py", line 92, in _execute_with_wrappers
    return executor(sql, params, many, context)
           ^^^^^^^^^^^^^^^^^^^^^^^^^^^^^^^^^^^^
  File "/usr/local/lib/python3.11/site-packages/django/db/backends/utils.py", line 100, in _execute
    with self.db.wrap_database_errors:
  File "/usr/local/lib/python3.11/site-packages/django/db/utils.py", line 91, in __exit__
    raise dj_exc_value.with_traceback(traceback) from exc_value
  File "/usr/local/lib/python3.11/site-packages/django/db/backends/utils.py", line 105, in _execute
    return self.cursor.execute(sql, params)
           ^^^^^^^^^^^^^^^^^^^^^^^^^^^^^^^^
django.db.utils.ProgrammingError: column main_user.is_guest does not exist
LINE 1: ...."is_fleet_owner", "main_user"."is_branch_admin", "main_user...
                                                             ^

ERROR 2026-09-01 16:34:32,062 runserver 7 132515211015872 HTTP POST /api/v1/guest/create_payment_sheet/ 500 [0.03, 172.18.0.14:43504]
ERROR 2026-09-03 19:15:13,766 log 7 124603024266944 Internal Server Error: /api/v1/support/customers/get_customer_data_export/
Traceback (most recent call last):
  File "/usr/local/lib/python3.11/site-packages/asgiref/sync.py", line 577, in thread_handler
    raise exc_info[1]
  File "/usr/local/lib/python3.11/site-packages/django/core/handlers/exception.py", line 42, in inner
    response = await get_response(request)
               ^^^^^^^^^^^^^^^^^^^^^^^^^^^
  File "/usr/local/lib/python3.11/site-packages/asgiref/sync.py", line 577, in thread_handler
    raise exc_info[1]
  File "/usr/local/lib/python3.11/site-packages/django/core/handlers/base.py", line 253, in _get_response_async
    response = await wrapped_callback(
               ^^^^^^^^^^^^^^^^^^^^^^^
  File "/usr/local/lib/python3.11/site-packages/asgiref/sync.py", line 526, in __call__
    ret = await asyncio.shield(exec_coro)
          ^^^^^^^^^^^^^^^^^^^^^^^^^^^^^^^
  File "/usr/local/lib/python3.11/site-packages/asgiref/current_thread_executor.py", line 35, in run
    result = self.fn(*self.args, **self.kwargs)
             ^^^^^^^^^^^^^^^^^^^^^^^^^^^^^^^^^^
  File "/usr/local/lib/python3.11/site-packages/asgiref/sync.py", line 581, in thread_handler
    return func(*args, **kwargs)
           ^^^^^^^^^^^^^^^^^^^^^
  File "/usr/local/lib/python3.11/site-packages/asgiref/sync.py", line 508, in func
    return context.run(run_child)
           ^^^^^^^^^^^^^^^^^^^^^^
  File "/usr/local/lib/python3.11/site-packages/asgiref/sync.py", line 506, in run_child
    return child()
           ^^^^^^^
  File "/usr/local/lib/python3.11/site-packages/django/views/decorators/csrf.py", line 65, in _view_wrapper
    return view_func(request, *args, **kwargs)
           ^^^^^^^^^^^^^^^^^^^^^^^^^^^^^^^^^^^
  File "/usr/local/lib/python3.11/site-packages/django/views/generic/base.py", line 105, in view
    return self.dispatch(request, *args, **kwargs)
           ^^^^^^^^^^^^^^^^^^^^^^^^^^^^^^^^^^^^^^^
  File "/usr/local/lib/python3.11/site-packages/rest_framework/views.py", line 526, in dispatch
    response = self.handle_exception(exc)
               ^^^^^^^^^^^^^^^^^^^^^^^^^^
  File "/usr/local/lib/python3.11/site-packages/rest_framework/views.py", line 474, in handle_exception
    self.raise_uncaught_exception(exc)
  File "/usr/local/lib/python3.11/site-packages/rest_framework/views.py", line 485, in raise_uncaught_exception
    raise exc
  File "/usr/local/lib/python3.11/site-packages/rest_framework/views.py", line 523, in dispatch
    response = handler(request, *args, **kwargs)
               ^^^^^^^^^^^^^^^^^^^^^^^^^^^^^^^^^
  File "/app/main/views/support/support_customers.py", line 925, in get
    return handler(request, **kwargs)
           ^^^^^^^^^^^^^^^^^^^^^^^^^^
  File "/app/main/views/support/support_customers.py", line 1398, in _get_customer_data_export
    export_data = serialize_export_for_api(collect_entity_data_export(etype, entity))
                                           ^^^^^^^^^^^^^^^^^^^^^^^^^^^^^^^^^^^^^^^^^
  File "/app/main/services/user_data_export.py", line 599, in collect_entity_data_export
    return collect_b2c_data_export(entity)
           ^^^^^^^^^^^^^^^^^^^^^^^^^^^^^^^
  File "/app/main/services/user_data_export.py", line 346, in collect_b2c_data_export
    "addresses": _addresses_for(user),
                 ^^^^^^^^^^^^^^^^^^^^
  File "/app/main/services/user_data_export.py", line 160, in _addresses_for
    for a in Address.objects.filter(user=user).order_by("-created_at")
             ^^^^^^^^^^^^^^^^^^^^^^^^^^^^^^^^^^^^^^^^^^^^^^^^^^^^^^^^^
  File "/usr/local/lib/python3.11/site-packages/django/db/models/query.py", line 1727, in order_by
    obj.query.add_ordering(*field_names)
  File "/usr/local/lib/python3.11/site-packages/django/db/models/sql/query.py", line 2312, in add_ordering
    self.names_to_path(item.split(LOOKUP_SEP), self.model._meta)
  File "/usr/local/lib/python3.11/site-packages/django/db/models/sql/query.py", line 1813, in names_to_path
    raise FieldError(
django.core.exceptions.FieldError: Cannot resolve keyword 'created_at' into field. Choices are: address, bookedappointment, bulkorder, city, country, id, latitude, longitude, post_code, user, user_id
ERROR 2026-09-03 19:15:14,023 runserver 7 124603441608384 HTTP GET /api/v1/support/customers/get_customer_data_export/?entity_type=b2c&entity_id=69cb0889-6cc3-4274-adf6-fa04e5716c7a 500 [0.57, 172.18.0.8:59902]
ERROR 2026-09-03 19:15:39,885 log 7 124603015874240 Internal Server Error: /api/v1/support/customers/get_customer_data_export/
Traceback (most recent call last):
  File "/usr/local/lib/python3.11/site-packages/asgiref/sync.py", line 577, in thread_handler
    raise exc_info[1]
  File "/usr/local/lib/python3.11/site-packages/django/core/handlers/exception.py", line 42, in inner
    response = await get_response(request)
               ^^^^^^^^^^^^^^^^^^^^^^^^^^^
  File "/usr/local/lib/python3.11/site-packages/asgiref/sync.py", line 577, in thread_handler
    raise exc_info[1]
  File "/usr/local/lib/python3.11/site-packages/django/core/handlers/base.py", line 253, in _get_response_async
    response = await wrapped_callback(
               ^^^^^^^^^^^^^^^^^^^^^^^
  File "/usr/local/lib/python3.11/site-packages/asgiref/sync.py", line 526, in __call__
    ret = await asyncio.shield(exec_coro)
          ^^^^^^^^^^^^^^^^^^^^^^^^^^^^^^^
  File "/usr/local/lib/python3.11/site-packages/asgiref/current_thread_executor.py", line 35, in run
    result = self.fn(*self.args, **self.kwargs)
             ^^^^^^^^^^^^^^^^^^^^^^^^^^^^^^^^^^
  File "/usr/local/lib/python3.11/site-packages/asgiref/sync.py", line 581, in thread_handler
    return func(*args, **kwargs)
           ^^^^^^^^^^^^^^^^^^^^^
  File "/usr/local/lib/python3.11/site-packages/asgiref/sync.py", line 508, in func
    return context.run(run_child)
           ^^^^^^^^^^^^^^^^^^^^^^
  File "/usr/local/lib/python3.11/site-packages/asgiref/sync.py", line 506, in run_child
    return child()
           ^^^^^^^
  File "/usr/local/lib/python3.11/site-packages/django/views/decorators/csrf.py", line 65, in _view_wrapper
    return view_func(request, *args, **kwargs)
           ^^^^^^^^^^^^^^^^^^^^^^^^^^^^^^^^^^^
  File "/usr/local/lib/python3.11/site-packages/django/views/generic/base.py", line 105, in view
    return self.dispatch(request, *args, **kwargs)
           ^^^^^^^^^^^^^^^^^^^^^^^^^^^^^^^^^^^^^^^
  File "/usr/local/lib/python3.11/site-packages/rest_framework/views.py", line 526, in dispatch
    response = self.handle_exception(exc)
               ^^^^^^^^^^^^^^^^^^^^^^^^^^
  File "/usr/local/lib/python3.11/site-packages/rest_framework/views.py", line 474, in handle_exception
    self.raise_uncaught_exception(exc)
  File "/usr/local/lib/python3.11/site-packages/rest_framework/views.py", line 485, in raise_uncaught_exception
    raise exc
  File "/usr/local/lib/python3.11/site-packages/rest_framework/views.py", line 523, in dispatch
    response = handler(request, *args, **kwargs)
               ^^^^^^^^^^^^^^^^^^^^^^^^^^^^^^^^^
  File "/app/main/views/support/support_customers.py", line 925, in get
    return handler(request, **kwargs)
           ^^^^^^^^^^^^^^^^^^^^^^^^^^
  File "/app/main/views/support/support_customers.py", line 1398, in _get_customer_data_export
    export_data = serialize_export_for_api(collect_entity_data_export(etype, entity))
                                           ^^^^^^^^^^^^^^^^^^^^^^^^^^^^^^^^^^^^^^^^^
  File "/app/main/services/user_data_export.py", line 599, in collect_entity_data_export
    return collect_b2c_data_export(entity)
           ^^^^^^^^^^^^^^^^^^^^^^^^^^^^^^^
  File "/app/main/services/user_data_export.py", line 346, in collect_b2c_data_export
    "addresses": _addresses_for(user),
                 ^^^^^^^^^^^^^^^^^^^^
  File "/app/main/services/user_data_export.py", line 160, in _addresses_for
    for a in Address.objects.filter(user=user).order_by("-created_at")
             ^^^^^^^^^^^^^^^^^^^^^^^^^^^^^^^^^^^^^^^^^^^^^^^^^^^^^^^^^
  File "/usr/local/lib/python3.11/site-packages/django/db/models/query.py", line 1727, in order_by
    obj.query.add_ordering(*field_names)
  File "/usr/local/lib/python3.11/site-packages/django/db/models/sql/query.py", line 2312, in add_ordering
    self.names_to_path(item.split(LOOKUP_SEP), self.model._meta)
  File "/usr/local/lib/python3.11/site-packages/django/db/models/sql/query.py", line 1813, in names_to_path
    raise FieldError(
django.core.exceptions.FieldError: Cannot resolve keyword 'created_at' into field. Choices are: address, bookedappointment, bulkorder, city, country, id, latitude, longitude, post_code, user, user_id
ERROR 2026-09-03 19:15:39,909 runserver 7 124603441608384 HTTP GET /api/v1/support/customers/get_customer_data_export/?entity_type=b2c&entity_id=69cb0889-6cc3-4274-adf6-fa04e5716c7a 500 [0.13, 172.18.0.8:56450]
ERROR 2026-09-03 19:17:16,938 log 7 124603024266944 Internal Server Error: /api/v1/support/customers/get_customer_data_export/
Traceback (most recent call last):
  File "/usr/local/lib/python3.11/site-packages/asgiref/sync.py", line 577, in thread_handler
    raise exc_info[1]
  File "/usr/local/lib/python3.11/site-packages/django/core/handlers/exception.py", line 42, in inner
    response = await get_response(request)
               ^^^^^^^^^^^^^^^^^^^^^^^^^^^
  File "/usr/local/lib/python3.11/site-packages/asgiref/sync.py", line 577, in thread_handler
    raise exc_info[1]
  File "/usr/local/lib/python3.11/site-packages/django/core/handlers/base.py", line 253, in _get_response_async
    response = await wrapped_callback(
               ^^^^^^^^^^^^^^^^^^^^^^^
  File "/usr/local/lib/python3.11/site-packages/asgiref/sync.py", line 526, in __call__
    ret = await asyncio.shield(exec_coro)
          ^^^^^^^^^^^^^^^^^^^^^^^^^^^^^^^
  File "/usr/local/lib/python3.11/site-packages/asgiref/current_thread_executor.py", line 35, in run
    result = self.fn(*self.args, **self.kwargs)
             ^^^^^^^^^^^^^^^^^^^^^^^^^^^^^^^^^^
  File "/usr/local/lib/python3.11/site-packages/asgiref/sync.py", line 581, in thread_handler
    return func(*args, **kwargs)
           ^^^^^^^^^^^^^^^^^^^^^
  File "/usr/local/lib/python3.11/site-packages/asgiref/sync.py", line 508, in func
    return context.run(run_child)
           ^^^^^^^^^^^^^^^^^^^^^^
  File "/usr/local/lib/python3.11/site-packages/asgiref/sync.py", line 506, in run_child
    return child()
           ^^^^^^^
  File "/usr/local/lib/python3.11/site-packages/django/views/decorators/csrf.py", line 65, in _view_wrapper
    return view_func(request, *args, **kwargs)
           ^^^^^^^^^^^^^^^^^^^^^^^^^^^^^^^^^^^
  File "/usr/local/lib/python3.11/site-packages/django/views/generic/base.py", line 105, in view
    return self.dispatch(request, *args, **kwargs)
           ^^^^^^^^^^^^^^^^^^^^^^^^^^^^^^^^^^^^^^^
  File "/usr/local/lib/python3.11/site-packages/rest_framework/views.py", line 526, in dispatch
    response = self.handle_exception(exc)
               ^^^^^^^^^^^^^^^^^^^^^^^^^^
  File "/usr/local/lib/python3.11/site-packages/rest_framework/views.py", line 474, in handle_exception
    self.raise_uncaught_exception(exc)
  File "/usr/local/lib/python3.11/site-packages/rest_framework/views.py", line 485, in raise_uncaught_exception
    raise exc
  File "/usr/local/lib/python3.11/site-packages/rest_framework/views.py", line 523, in dispatch
    response = handler(request, *args, **kwargs)
               ^^^^^^^^^^^^^^^^^^^^^^^^^^^^^^^^^
  File "/app/main/views/support/support_customers.py", line 925, in get
    return handler(request, **kwargs)
           ^^^^^^^^^^^^^^^^^^^^^^^^^^
  File "/app/main/views/support/support_customers.py", line 1398, in _get_customer_data_export
    export_data = serialize_export_for_api(collect_entity_data_export(etype, entity))
                                           ^^^^^^^^^^^^^^^^^^^^^^^^^^^^^^^^^^^^^^^^^
  File "/app/main/services/user_data_export.py", line 599, in collect_entity_data_export
    return collect_b2c_data_export(entity)
           ^^^^^^^^^^^^^^^^^^^^^^^^^^^^^^^
  File "/app/main/services/user_data_export.py", line 346, in collect_b2c_data_export
    "addresses": _addresses_for(user),
                 ^^^^^^^^^^^^^^^^^^^^
  File "/app/main/services/user_data_export.py", line 160, in _addresses_for
    for a in Address.objects.filter(user=user).order_by("-created_at")
             ^^^^^^^^^^^^^^^^^^^^^^^^^^^^^^^^^^^^^^^^^^^^^^^^^^^^^^^^^
  File "/usr/local/lib/python3.11/site-packages/django/db/models/query.py", line 1727, in order_by
    obj.query.add_ordering(*field_names)
  File "/usr/local/lib/python3.11/site-packages/django/db/models/sql/query.py", line 2312, in add_ordering
    self.names_to_path(item.split(LOOKUP_SEP), self.model._meta)
  File "/usr/local/lib/python3.11/site-packages/django/db/models/sql/query.py", line 1813, in names_to_path
    raise FieldError(
django.core.exceptions.FieldError: Cannot resolve keyword 'created_at' into field. Choices are: address, bookedappointment, bulkorder, city, country, id, latitude, longitude, post_code, user, user_id
ERROR 2026-09-03 19:17:16,988 runserver 7 124603441608384 HTTP GET /api/v1/support/customers/get_customer_data_export/?entity_type=b2c&entity_id=69cb0889-6cc3-4274-adf6-fa04e5716c7a 500 [0.58, 172.18.0.8:45682]
